lead_id,deterministic_tier,llm_score,llm_rationale,score_divergence,scores_aligned
L1517,tier2,45,"VP of Engineering at a software company represents good seniority, but uses a freemail address and has low intent with no surge signals.",10,true
L1480,tier2,55,"Machine Learning Engineer at a midsized software company. Good target profile for product-led growth, though intent is currently low.",0,true
L2362,tier2,50,Backend Engineer at an AI/ML software company. Strong technical relevance but low intent.,5,true
L2778,tier3,30,"Financial Analyst role is non-technical, despite moderate intent and recent funding at the company.",10,true
L1210,tier3,35,"High intent and GPU usage trial spike, but the title is Content Writer, making it less likely to be an infrastructure buyer directly.",15,true
L1762,tier3,20,Marketing Manager with completely missing company and firmographic details.,0,true
L1819,tier3,35,"Project Manager in software with a trial spike, but limited direct authority over GPU infrastructure selection.",15,true
L1181,tier2,85,"DevOps Engineer showing maximum intent score, surging signals, competitor churn signal, and recent funding.",30,true
L1841,tier3,15,Sales Development Rep at a landscaping company. Completely irrelevant industry and role despite open opportunity in CRM.,5,true
L1415,tier3,40,"High intent and surging signals, but missing job title and company information prevent high confidence.",20,true
L2631,tier2,45,"Senior Data Scientist at an AI/ML company, but using a personal freemail address and low intent.",10,true
L1912,tier3,35,Missing job title at a large pipeline/software firm with medium intent.,15,true
L2417,tier3,30,"Sales Development Role, non-technical, despite trial spike signals.",10,true
L1138,tier3,25,Financial Analyst at a real estate firm. High intent is likely noise or corporate research unrelated to GPU needs.,5,true
L1705,tier3,30,"HR Manager at an AI company. High intent signals are present, but HR has no direct technical purchasing power.",10,true
L1964,tier3,10,Accountant at a fitness studio using freemail. Completely out of target profile.,10,true
L1025,tier2,90,Computer Vision Engineer at Shipmate who is already an existing customer and exhibits high surging intent.,35,false
L2245,tier2,88,"SRE at Shipmate with max intent, competitor churn signal, and recent funding. Excellent sales opportunity.",33,false
L2732,tier2,75,Head of Data Science at a small AI/ML company. Decision-maker title aligns well with Runpod offerings.,20,true
L2772,tier2,70,MLOps Engineer is an ideal technical buyer for GPU infrastructure. Medium intent supports good potential.,15,true
L1680,tier2,80,Chief AI Officer is a primary decision-maker for AI cloud services. Medium intent and funding present.,25,true
L1672,tier3,15,Financial Analyst using freemail at a small software company. Non-technical role.,5,true
L1563,tier3,40,Student title despite being an existing customer at an AI/ML company with very high internal intent score.,20,true
L2583,tier2,65,"VP of Engineering with churned CRM status. High seniority compensates for lack of company text, but past churn status is a risk.",10,true
L1616,tier2,82,"SVP Engineering with high intent, surging docs traffic, and hiring signals. Excellent enterprise target.",27,true
L1121,tier3,45,"Ambiguous 'Builder' title with high intent signals and trial spike. Likely technical, but vague title.",25,true
L2813,tier3,20,"Content Writer role, currently opted out of email and flagged with DNC.",0,true
L1959,tier3,40,"Research Engineer is technical, but company is in the Travel industry rather than AI/ML or core software.",20,true
L2598,tier3,25,Marketing Manager in Travel industry with opt-out and DNC flags.,5,true
L1892,tier1,92,Head of AI at a software company with strong campaign engagement and decision-maker seniority. Perfect fit for Tier 1 sales queue.,2,true
L1694,tier2,35,Infrastructure engineer at an unverifiable company with low intent signals and no direct engagement. Moderate relevance due to title.,20,true
L2572,tier2,40,"Head of Platform is a decision-maker title, but company profile is missing and intent is low, making near-term conversion unlikely.",15,true
L1445,tier1,55,"VP of Engineering at an early-stage company gives strong title relevance, but overall intent signals remain quite low.",35,false
L1155,tier3,25,"Despite high surging intent and trials, the company is Landscaping, indicating a mismatched target profile or potential test traffic.",5,true
L2517,tier2,15,"Existing customer with strong intent, but has explicit email opt-out and DNC flags set, rendering them un-contactable for sales.",40,false
L1323,tier2,30,Software engineer using a freemail address with sparse information. Likely a self-serve PLG user rather than a sales target.,25,true
L1078,tier2,45,"Research engineer at an AI/ML startup shows good fit, but intent is low and company data is minimal.",10,true
L2698,tier2,60,Head of MLOps at a marketing company showing moderate intent and open deal status in CRM. Strong technical fit despite company industry ambiguity.,5,true
L2838,tier2,45,Platform engineer at an AI company using a freemail address. Good technical alignment but moderate intent.,10,true
L2063,tier3,10,"Business analyst at a nail salon. Despite a trial spike, this is a non-technical role in an irrelevant industry.",10,true
L2900,tier3,25,"Staff engineer at a landscaping company. High technical seniority, but completely wrong vertical for GPU infrastructure sales.",5,true
L1010,tier3,20,"Social media manager at an AI company. Engaging with marketing campaigns, but lacks technical relevance for infrastructure.",0,true
L2021,tier3,15,"Director of Infrastructure at a nail salon. Senior title, but company industry makes this a low-value target.",5,true
L2092,tier2,75,SVP Engineering at an AI/ML software startup with solid medium-high intent and surging signals. Excellent enterprise opportunity.,20,true
L2504,tier2,50,"AI engineer at an AI company with high surging intent, but email opt-out and DNC flags limit outbound sales engagement.",5,true
L2426,tier3,20,Indie hacker profile with a freemail address at a university. High intent score likely driven by academic usage rather than commercial deal potential.,0,true
L1586,tier3,25,Missing job title at an AI company. Hard to assess persona relevance despite being in the right industry.,5,true
L2191,tier2,45,"ML engineer at an unverifiable ML company. Good technical fit, but low current intent signals.",10,true
L2344,tier3,15,Student title at a tech-sounding company. Unlikely to be a commercial decision-maker.,5,true
L2409,tier2,40,"Senior ML engineer at an AI company who was previously marked closed-lost. Shows recent campaign response and intent, warranting re-engagement.",15,true
L2657,tier2,65,Staff engineer at an AI/ML company showing good infrastructure expansion signals and pricing page visits. Strong PLG candidate.,10,true
L2215,tier2,80,"Deep learning engineer at an active software company with high surging intent, funding, and competitor churn signals. Prime sales target.",25,true
L1100,tier2,70,Director of Platform Engineering at an early-stage AI lab showing strong intent and pricing page engagement.,15,true
L1351,tier3,10,Content writer at a nail salon. Completely misaligned persona and industry.,10,true
L2715,tier3,25,Graduate student at a university. High trial intent likely for academic research rather than commercial use.,5,true
L2744,tier3,45,Missing job title at an AI/ML software company with high intent and surging signals. Worth a light touch despite missing title.,25,true
L1491,tier3,10,Student using freemail at a university. Zero commercial intent or relevance.,10,true
L1148,tier3,10,Recruiter at a bakery who was previously marked closed-lost. Irrelevant role and industry.,10,true
L2413,tier1,70,"Head of ML at an AI/ML software company. Strong decision-maker title and ideal target industry, though intent is currently low.",20,true
L1050,tier3,30,PhD candidate at an institute showing very high intent signals. Likely academic compute usage rather than a near-term sales opportunity.,10,true
L1321,tier2,52,"Applied Scientist at an unverified mid-sized company in Ireland. Moderate intent score, but lacking industry context.",3,true
L2337,tier3,15,Sales Development Rep at a tiny AI company using a freemail address. Not a direct buyer or technical user for GPU infrastructure.,5,true
L2756,tier2,88,"Data Scientist at a large AI/ML software company showing high surging intent, competitor tool churn signal, and trial spike.",33,false
L2326,tier2,45,"SRE at a tiny AI/ML startup with low intent. Relevant technical role, but low engagement signals.",10,true
L1803,tier2,40,"Director of Infrastructure at a tiny EvalHouse entity, but low intent score despite previous campaign response.",15,true
L1011,tier3,10,"Product Marketing Manager at a landscaping services company. An existing customer with active deal, but completely irrelevant to AI GPU infrastructure.",10,true
L1483,tier2,65,Platform Engineer at Opsfleet with positive intent signals including trial spike and competitor churn.,10,true
L1838,tier3,35,"Co-founder at an insurance firm. High intent and funding signals, but churned status and non-tech industry make conversion unlikely.",15,true
L1416,tier3,12,"Executive Assistant at a dental group. Despite open opportunity and campaign clicks, role is non-technical.",8,true
L2070,tier2,25,"Head of Data Science at EvalHouse, but email opt-out and DNC flags are set, with low intent.",30,true
L1030,tier2,50,"Machine Learning Engineer at TensorLoop. Good technical fit, though current intent score is low.",5,true
L2435,tier2,85,"Computer Vision Engineer at Axon Research with high surging intent, funding round, and GPU trial spikes.",30,true
L1630,tier3,15,Account Executive with missing company and industry details. Low intent.,5,true
L2274,tier3,30,"Missing job title at Gradient Peak. Moderate intent for expanded infrastructure footprint, but role is unknown.",10,true
L1288,tier2,82,"Research Engineer at Promptline with high intent, recent funding, and infrastructure expansion signals.",27,true
L2192,tier2,85,"Co-Founder & CTO at TensorLoop with high intent, surging ML hiring, and infrastructure signals.",30,true
L2666,tier3,10,Independent Consultant in logistics with DNC and email opt-out flags active.,10,true
L1722,tier3,20,Marketing Manager with sparse company data and low intent score.,0,true
L1826,tier3,15,Office Manager at a logistics company. Not a buyer for AI infrastructure.,5,true
L1811,tier2,,,,true
L2363,tier3,40,"Indie hacker at State University (.edu domain). High intent signals, but academic domain lowers commercial conversion priority.",20,true
L1378,tier3,30,"PhD Candidate using a freemail address. Technical user, but commercial intent is questionable.",10,true
L1055,tier1,78,Head of ML at Stackline Software. Perfect decision-maker profile with trial spike and pricing page intent.,12,true
L2491,tier2,84,Head of Data Science at EvalHouse. High surging intent with ML hiring and competitor tool churn signals.,29,true
L2879,tier2,55,"Platform Engineer at RoboticsOne. Good technical fit, though intent score is currently low.",0,true
L1044,tier3,20,Recruiter at Loopware. Non-technical role.,0,true
L2478,tier3,25,MS Student at State University with opt-out and DNC flags.,5,true
L1123,tier2,75,"Director of Infrastructure at Cloudspan. Strong decision-maker title with trial and pricing page intent, though opt-out flags exist.",20,true
L1211,tier3,20,Freelancer at Northern University (.edu domain). Low intent and academic context.,0,true
L2328,tier2,68,"Applied Scientist at Voxel Dynamics. Solid technical fit with documentation and hiring signals, despite email opt-out.",13,true
L1412,tier3,5,"Healthcare company, missing job title, opted out of email, and DNC flag set. Low near-term potential.",15,true
L1898,tier3,85,"Although missing a title, Inferra Labs is surging with high intent, recent funding, and ML hiring signals.",65,false
L1644,tier3,15,"Undergraduate student at an educational institute. Low intent score, purely self-serve or academic profile.",5,true
L2396,tier3,25,CTO of a real estate firm. Unlikely to need core GPU infrastructure for AI training/serving at scale.,5,true
L1431,tier2,60,"Director of Infrastructure with pricing page visits, but marked as churned in HubSpot and company is missing/unverifiable.",5,true
L2135,tier3,30,"Technologist at an AI/ML startup with moderate intent, but marked as closed lost and churned in CRM.",10,true
L1027,tier3,10,CTO of a construction company with very low intent. Unlikely to be a qualified AI infrastructure buyer.,10,true
L1263,tier2,88,"Senior ML Engineer at an AI/ML company showing high intent, competitor churn signals, and trial spikes.",33,false
L1569,tier3,12,Indie hacker on an academic domain with low intent. Typical self-serve profile.,8,true
L1293,tier3,75,"Sales-qualified lead at an AI/ML software company with solid intent signals, despite missing job title.",55,false
L1567,tier2,82,Research Engineer at an AI/ML software company with high intent and competitor churn signals.,27,true
L1265,tier3,10,MS student using a freemail address. Low intent score and academic background.,10,true
L1242,tier3,40,"Undergraduate student, but high intent and surging signals indicate active research or project usage.",20,true
L1226,tier3,15,MS student using an iCloud freemail address with very low intent.,5,true
L1404,tier3,45,PhD student with high intent and surging competitor churn/trial signals. Potential bottom-up adopter.,25,true
L1607,tier3,35,"Head of MLOps at a travel company. Moderate intent, but industry is non-native AI/ML.",15,true
L2456,tier3,20,Fractional CTO at a bakery. Unlikely to be a serious buyer for high-end GPU clusters.,0,true
L1751,tier3,30,"Account Executive using a freemail address, despite high intent signals from the associated software company.",10,true
L1889,tier3,20,Marketing manager at an AI/ML software company using a freemail address. Non-technical buyer.,0,true
L1631,tier2,75,Software Engineer at an AI/ML software company with funding and infrastructure expansion signals.,20,true
L2628,tier2,80,"Data Scientist at an AI/ML software company with high intent, surging signals, and competitor churn.",25,true
L1506,tier2,65,SRE at an AI-adjacent company with low current intent but strong technical fit.,10,true
L2809,tier3,15,"Owner of a fitness studio. Despite high intent signals, the profile indicates spam or irrelevant vertical.",5,true
L1407,tier1,90,CTO at a large software company with good intent and an open deal in CRM. Prime sales target.,0,true
L1133,tier3,30,Operations manager at a small security systems company. High intent is likely anomalous or exploratory.,10,true
L1346,tier2,70,Data Scientist using a freemail address at a software company with high surging intent.,15,true
L1593,tier1,92,VP of Engineering at an AI/ML software company with strong intent and active working status in CRM.,2,true
L1588,tier2,78,Computer Vision Engineer at a software company with strong campaign engagement and technical relevance.,23,true
L1105,tier2,75,"Staff Engineer at an AI/ML company, though using a freemail address and showing low immediate intent.",20,true
L2659,tier3,10,Hobbyist at an academic institute with very low intent. Purely self-serve or exploratory.,10,true
L1469,tier3,12,Owner title with freemail address and low intent score. Company industry is empty and profile looks weak or non-technical.,8,true
L1254,tier3,5,Closed-lost lead with email opt-out and DNC flag set. Past campaign showed no response.,15,true
L2775,tier2,78,Data Scientist at an AI/ML software company showing medium intent with a competitor tool churn signal and expanded infrastructure footprint.,23,true
L1716,tier3,15,Recruiter title at a small AI company. Not a technical buyer or user for GPU infrastructure.,5,true
L2255,tier3,10,Enthusiast title at an educational institution. Low near-term commercial value.,10,true
L1117,tier1,95,"Head of Engineering at an AI/ML company with maximum intent (99), surging status, multiple positive signals including competitor churn and ML hiring.",5,true
L2319,tier3,25,"Indie hacker title at an educational/university domain. Medium intent score due to funding/pricing visits, but low immediate enterprise potential.",5,true
L1932,tier2,65,Software Engineer at a large software company with good intent signals around pricing and docs traffic.,10,true
L1047,tier2,70,"Director of Platform Engineering at a small AI/ML software company. Strong technical title, though intent is currently low.",15,true
L1306,tier2,62,SRE at an AI/ML software company showing a GPU usage trial spike. Highly relevant technical buyer.,7,true
L1446,tier2,82,"AI Engineer at a mid-sized AI software company with high intent (94), surging signals, and competitor tool churn indicators despite a past closed-lost status.",27,true
L1865,tier2,60,Applied Scientist at a small vision startup with medium intent and recent funding.,5,true
L2369,tier2,58,"VP Engineering with missing company details, but showing solid intent scores and GPU usage trial spikes.",3,true
L2400,tier3,10,Account Executive using a freemail address at a software company. Non-technical role.,10,true
L1303,tier3,5,HR Manager at an insurance company with explicit email opt-out and DNC flags.,15,true
L1859,tier3,10,Marketing Manager at a large software company. Non-technical lead.,10,true
L2431,tier3,15,Consultant with missing company information and low intent signals.,5,true
L2916,tier1,90,"Head of ML at Inferra Labs. Existing customer with an open deal in HubSpot, strong technical role and good intent.",0,true
L1766,tier2,65,Staff Engineer at Codewharf. Solid technical IC profile in a software company.,10,true
L1405,tier3,30,"AI Engineer, but employed at a landscaping/services company. Unlikely to have core AI infrastructure workloads.",10,true
L2912,tier3,45,Indie hacker at an academic institution with high intent and surging GPU usage. Academic domain lowers enterprise score despite high intent.,25,true
L2126,tier2,55,"CTO title at AgentStack, but company and firmographic data are largely missing or unverifiable.",0,true
L2076,tier3,15,Product Marketing Manager using freemail at a travel company. Non-technical lead despite past campaign engagement.,5,true
L1740,tier2,80,"Research Engineer at Copilot Health AI with high surging intent, GPU trial spike, and pricing page visits. Freemail is offset by strong intent.",25,true
L1620,tier1,88,Head of Platform at DataBarn. Existing customer/contact who is a key decision-maker in a software company with solid intent.,2,true
L2812,tier2,70,AI Engineer at TensorLoop showing a GPU usage trial spike and active pipeline status.,15,true
L1666,tier3,20,"Social Media Manager at a software company. Non-technical lead, though intent signals are medium.",0,true
L2292,tier3,50,Indie hacker at an institute of technology with 100 intent and surging metrics. Academic domain dampens commercial priority.,30,true
L2074,tier2,75,"Research Engineer at Finetune Labs with maximum intent and surging traffic, though flagged with email opt-out in HubSpot.",20,true
L1919,tier2,85,"VP Engineering at Vectorly AI with high surging intent, pricing page visits, and ML hiring signals.",30,true
L2113,tier3,15,Real estate company with low intent and non-technical role despite a GPU usage trial spike. Unlikely to be a high-value cloud infra buyer.,5,true
L1982,tier2,65,NLP Engineer at a large software firm with good internal intent score. Strong profile for developer-led growth.,10,true
L2883,tier3,20,Social media manager at an AI/ML company. Non-technical role with minimal intent signals.,0,true
L2351,tier2,75,"Software engineer with high surging intent, pricing page visits, and ML hiring signals, despite missing company details.",20,true
L2280,tier3,40,"Account executive showing medium intent, expanded infrastructure footprint, and competitor tool churn signals, offering some product-led potential.",20,true
L1409,tier2,55,AI engineer using a freemail address at an AI software company. Strong technical fit but potential identity verification issues.,0,true
L1687,tier2,50,Applied scientist at a very small AI startup. Highly relevant technical role but very low intent score.,5,true
L1561,tier2,60,"NLP engineer at an AI software firm with a GPU usage trial spike, representing a solid product-led opportunity.",5,true
L1243,tier2,70,Backend engineer with an open opportunity in Salesforce and past campaign interactions at a software company.,15,true
L2750,tier3,5,Academic graduate student at an educational institution domain with negligible intent. Poor fit for enterprise cloud sales.,15,true
L2318,tier2,85,"NLP engineer with very high surging intent, pricing page visits, ML hiring signals, and active campaign engagement.",30,true
L2071,tier2,60,"Software engineer with medium intent, pricing page views, and trial spike signals, using a freemail address.",5,true
L2668,tier3,25,HR manager at an AI startup. Non-technical role despite company focus on AI/ML.,5,true
L1783,tier3,30,"AI engineer at a dental group. Technical title, but company is completely outside the software/AI sector.",10,true
L1261,tier2,65,"SRE with an open deal in HubSpot at an AI company, showing good technical relevance.",10,true
L1039,tier2,45,"Deep learning engineer with a DNC flag, email opt-out, and low intent score. High risk for direct sales outreach.",10,true
L2520,tier2,70,"DevOps engineer showing medium intent, competitor tool churn signals, and increased docs traffic.",15,true
L2425,tier3,25,Technologist title at an AI company with very low intent and funding signals only.,5,true
L2340,tier3,10,Sales development rep at a real estate firm with an email opt-out and DNC flag. Pure spam/unqualified.,10,true
L2645,tier2,65,Deep learning engineer at an AI software company with active intent signals and in-progress CRM status.,10,true
L1702,tier1,80,VP of AI Infrastructure at an AI/ML software company. Premium decision-maker title with ideal infrastructure alignment.,10,true
L1088,tier3,5,Missing job title at a landscaping company with low intent. Clear spam or mismatched lead.,15,true
L2640,tier3,30,Customer success manager at an AI startup. Non-technical role despite being in the correct industry.,10,true
L1249,tier1,85,Head of Engineering at an AI/ML software company with strong campaign response and trial spike signals.,5,true
L1339,tier1,80,"VP of Engineering at an AI software company who is already an existing customer, though currently opted out of email.",10,true
L2914,tier3,35,"Managing partner at a tiny fintech/AI lab. Decision-maker title, but low intent and sparse firmographics.",15,true
L1594,tier3,20,Account executive at an AI firm. Non-technical role with minimal intent.,0,true
L2116,tier2,75,"Senior software engineer with high surging intent, ML hiring signals, and competitor tool churn indicators.",20,true
L1145,tier2,50,"NLP engineer at a robotics/AI company. Technical fit is strong, but CRM notes show closed-lost status despite medium intent.",5,true
L1452,tier2,75,Head of MLOps at a small AI software startup with trial spike signals. Extremely strong target profile.,20,true
L1706,tier2,25,"Despite the CTO title, the company appears to be a nail salon which is irrelevant for GPU infrastructure sales, indicating low near-term utility.",30,true
L1553,tier3,10,Recruiter at a small bakery with minimal intent signals. Very unlikely to purchase GPU infrastructure.,10,true
L2271,tier2,40,"Technical role with some pricing page engagement, but intent score is very low and CRM marks them as unqualified lead.",15,true
L2479,tier2,90,Deep learning engineer at an AI/ML company showing very high surging intent with pricing page and documentation traffic. Prime sales opportunity.,35,false
L1981,tier2,85,"AI engineer with high surging intent, expanding infra footprint and high documentation traffic. Excellent product-led growth target despite missing company name.",30,true
L1124,tier3,20,"Marketing manager role is non-technical, though they have low engagement with docs. Should remain in nurture or self-serve.",0,true
L2268,tier2,65,VP of engineering at a large enterprise showing GPU usage trial spikes and doc traffic. Strong candidate for sales queue despite unverifiable company details.,10,true
L1455,tier2,55,AI engineer at a software company with moderate intent. Good self-serve or nurture candidate.,0,true
L1216,tier2,88,Research engineer at a software company with high surging intent and increasing documentation traffic.,33,false
L1818,tier2,75,Software engineer with high surging intent and recent funding round. Good near-term opportunity.,20,true
L1381,tier2,45,"Computer vision engineer indicates good technical fit, but lack of company data and low intent limits near-term score.",10,true
L2742,tier2,60,Software engineer using a freemail address with competitor churn signals and pricing page visits. Decent potential but requires verification.,5,true
L2194,tier2,65,NLP engineer at a software company with recent funding and competitor churn signal. Solid near-term opportunity.,10,true
L1143,tier2,80,"Computer vision engineer with high surging intent and hiring signals, though using a freemail address.",25,true
L1849,tier2,50,Senior ML engineer with moderate internal intent score. Good fit for nurture or self-serve.,5,true
L2156,tier3,15,Enthusiast title with an academic/edu domain indicator. Low commercial intent for sales.,5,true
L2115,tier1,92,"Head of MLOps at an AI/ML company with high surging intent, trial spikes, and competitor churn signals. Excellent enterprise sales candidate.",2,true
L2332,tier3,30,Indie hacker title at a small non-technical company. Better suited for self-serve than sales queue.,10,true
L2446,tier2,40,Software engineer who is already an existing customer but has email opt-out and DNC flags set. Should be handled with care.,15,true
L1869,tier2,85,"Founder with high surging intent, trial spikes, and open opportunities in CRM, despite previous lack of campaign response and opt-out flags.",30,true
L1092,tier3,25,Operations manager in an AI/ML company with very low intent. Unlikely to be a decision maker for infrastructure.,5,true
L1014,suppress,0,ML engineer at a known competitor cloud provider domain. Must be suppressed immediately.,,true
L1403,tier2,55,DevOps engineer at an AI/ML company with competitor churn signal. Good technical fit for self-serve or nurture.,0,true
L1846,tier3,20,Customer success manager is a non-technical role with low intent score. Appropriate for self-serve/nurture tier.,0,true
L2272,tier3,15,Sales development rep at a landscaping company with email opt-out and DNC flags. Clearly not a target buyer.,5,true
L1743,tier3,15,HR manager is a non-technical role despite having engaged with past campaigns. Not suitable for sales queue.,5,true
L2439,tier3,10,Postdoc at an educational institution with an edu domain and DNC flag. Low commercial viability.,10,true
L1598,tier2,65,Deep learning engineer at a software company with hiring signals and expanding infrastructure footprint. Good near-term opportunity.,10,true
L1257,tier3,20,Financial analyst in a software company using a freemail address with very low intent. Non-technical role.,0,true
L1995,tier2,75,Chief AI Officer at a large entity with a recent funding round. Strong executive decision-maker potential despite missing company details.,20,true
L2175,tier3,25,"Customer Success Manager in Software with medium intent and competitor churn signal, but non-technical role reduces near-term product-led growth potential for GPU infra.",5,true
L1363,tier2,45,"Independent consultant using freemail with a GPU usage trial spike and historical engagement, but consulting status implies lower infrastructure scale.",10,true
L1971,tier2,60,Software Engineer at an AI/ML software company with moderate internal intent score.,5,true
L1106,tier3,10,HR Manager in software with low intent score.,10,true
L1509,tier3,15,PhD Student using Gmail and low intent score.,5,true
L1191,tier2,50,"Research Scientist at an AI/ML software company, but marked as churned in HubSpot CRM.",5,true
L2726,tier3,20,"Student with high surging intent signals, but academic/student profile limits enterprise sales potential.",0,true
L2755,tier2,30,"Infrastructure Engineer at an AI/ML company using freemail, but marked as Closed Lost and low intent.",25,true
L1815,tier3,20,"HR Manager with medium intent and pricing page visits, but non-technical role.",0,true
L2903,tier2,85,Research Engineer in Software with very high surging intent and recent funding round.,30,true
L2828,tier2,50,"AI Engineer at a large software company, though current intent score is low.",5,true
L2082,tier2,75,MLOps Engineer at an AI/ML company with high surging intent and pricing page visits.,20,true
L2257,tier2,65,"Director of Infrastructure with medium intent and recent funding round, ideal decision-maker profile.",10,true
L1720,tier3,15,Business Analyst in a small software firm with low intent.,5,true
L1373,tier2,55,Senior Software Engineer at an AI/ML software company.,0,true
L2696,tier3,20,Student from a polytechnic institute with high intent; likely using trial resources for education/research rather than production.,0,true
L1795,tier2,80,Consultant at a surging AI/ML company with very high intent and competitor churn signals.,25,true
L1916,tier2,70,Sr. Data Scientist at a small model-focused company with strong ML hiring and footprint expansion signals.,15,true
L2414,tier1,85,Director of Infrastructure at a mid-sized software company with open deal status and competitor churn signals.,5,true
L2429,tier3,25,"Operations Manager in AI/ML software using freemail, marked as closed lost.",5,true
L2219,tier2,80,"SWE at a large company with high surging intent, trial spikes, and campaign engagement.",25,true
L2109,tier3,20,"Accountant at a software company with high intent, but non-technical role makes GPU infra purchase unlikely.",0,true
L1998,tier1,90,"Head of AI at a software company with surging intent, recent funding, and ML hiring.",0,true
L2475,tier2,70,Software engineer at an AI/ML software company with high surging intent and docs traffic.,15,true
L1152,tier2,65,"Director of Infrastructure with medium intent and surging signals, decision-maker seniority.",10,true
L1723,tier2,50,SWE at an AI/ML company using freemail with low intent score.,5,true
L1876,tier3,40,"MS student working at an AI/ML company, but has opted out of emails and has DNC flags.",20,true
L2137,tier3,10,Marketing Manager in real estate with low intent.,10,true
L2748,tier2,75,"Head of Data Science with competitor churn signals and high engagement, despite past closed-lost status.",20,true
L1792,tier2,60,MLOps Engineer at a software company with hiring signals for ML roles.,5,true
L2164,tier2,48,"Senior ML Engineer at a large company with a GPU usage trial spike, showing technical relevance despite missing industry details.",7,true
L1902,tier2,55,Senior Software Engineer with a competitor churn signal and campaign response history indicating active evaluation.,0,true
L1218,tier3,12,Non-technical CSM role in a traditional construction industry company with low intent.,8,true
L2692,tier3,5,Missing title and company make this an unqualifiable lead with virtually no useful signals.,15,true
L1901,tier3,40,"Consultant at a non-technical company, but shows high intent surge and an open deal in HubSpot.",20,true
L1299,tier2,65,Applied Scientist at an AI/ML software company with a GPU usage trial spike.,10,true
L1848,tier3,20,"Project Manager at a nail salon despite high intent, though opted out of email and flagged in CRM.",0,true
L2167,tier3,,,,true
L1118,tier3,22,"Business Analyst using freemail, showing some campaign response but overall non-technical.",2,true
L1761,tier3,18,Social Media Manager in a fitness studio despite high account intent.,2,true
L2770,tier2,64,Machine Learning Engineer at a software company with competitor churn and infra expansion signals.,9,true
L2829,tier3,10,Hobbyist at an academic institution with email opt-out and DNC flags.,10,true
L2766,tier2,58,SRE at AgentStack; technical IC in an AI/ML software company.,3,true
L2687,tier2,50,Advisor at an AI/ML software company with strong account intent despite unresponsive campaign history.,5,true
L1547,tier3,15,Freelancer at a university with moderate intent but an academic domain.,5,true
L2173,suppress,5,"Staff Engineer at a competitor domain, correctly suppressed.",,true
L1946,tier2,60,Platform Engineer at an AI/ML software company with a GPU usage trial spike.,5,true
L1533,tier3,45,"VP of Engineering at an automotive company with increased doc traffic, but has an email opt-out and DNC flag.",25,true
L1879,tier3,8,Hobbyist using a freemail address with low intent.,12,true
L2623,tier3,15,Operations Manager at an automotive company with low intent.,5,true
L2571,tier2,70,CTO at a small AI/ML software company showing increased docs traffic.,15,true
L1085,tier3,50,"Missing job title at a large existing company, but shows high intent and a surging GPU usage trial spike.",30,true
L2870,tier2,68,"Research Scientist with an open opportunity and multiple campaign responses, despite using freemail.",13,true
L2131,tier1,85,Co-founder at a mid-sized AI/ML software company with strong intent signals and infrastructure expansion.,5,true
L2625,tier2,62,Applied Scientist at an AI/ML software company with trial and documentation engagement.,7,true
L2676,tier2,72,SVP Engineering at an AI/ML related company with a recent funding round.,17,true
L2457,tier2,75,Head of ML at an existing customer or converted contact showing high-value stakeholder potential.,20,true
L1670,tier1,88,"Director of Infrastructure at an AI/ML software company with high intent, surging trials, and infra footprint expansion.",2,true
L1899,tier3,25,"Executive Assistant at an AI/ML company; high intent belongs to the account, but the individual role is non-technical.",5,true
L2617,tier3,10,Content Writer at an AI/ML software company; low intent and non-technical role.,10,true
L2313,tier2,75,Staff Engineer at an AI/ML software company showing active GPU trial usage and docs traffic. Strong near-term PLG and technical fit.,20,true
L2415,tier3,80,"Very high internal intent score (95) from a large company. Missing job title is a minor data gap, but intent outweighs it.",60,false
L2359,tier3,25,Academic domain and freelancer title reduce commercial viability despite trial usage spike and docs engagement.,5,true
L1695,tier1,85,Head of AI at a software company with strong decision-making seniority and active trial usage. Excellent tier 1 candidate.,5,true
L1292,tier3,10,"Freemail address, missing job title, unresolved identity, and near-zero intent suggest low-quality or spam lead.",10,true
L2193,tier3,20,"Freelancer at an academic institution with moderate intent, but poor commercial monetization potential.",0,true
L2128,tier2,70,Software engineer at an AI/ML software company showing high pricing page and docs engagement. Solid PLG profile.,15,true
L2002,tier2,82,Head of AI at an AI/ML software company with GPU usage trial spikes. High conversion potential.,27,true
L1519,tier2,72,Staff engineer at a software company actively hiring for ML roles with moderate intent. Good technical champion.,17,true
L2488,tier3,30,"Account Executive is a non-technical role, limiting direct infrastructure buying power despite moderate intent.",10,true
L1019,tier3,40,"Missing job title makes role seniority unclear, though firmographics and pricing visits indicate mild interest.",20,true
L2421,tier3,50,"Recruiter role at a surging AI/ML company with competitor churn signal. Useful for intelligence on hiring, but weak direct buyer.",30,true
L1987,tier2,65,"CTO title indicates strong buying power, though current intent signals are low. Worth nurturing.",10,true
L1434,tier1,92,"Director of ML with surging intent, competitor churn signals, and expanded infrastructure footprint. Prime tier 1 sales target.",2,true
L2391,tier2,60,"Platform engineer with trial usage spike. Good technical fit, but company and industry data are sparse.",5,true
L1623,tier3,15,Executive assistant is a non-technical administrative role with low intent. Unlikely to be a buyer.,5,true
L1032,tier2,68,Research engineer at a large software company showing trial spike. Strong technical fit for AI workloads.,13,true
L1945,tier2,65,"Head of Engineering title offers strong seniority, but company details are missing despite Hubspot association.",10,true
L2069,tier2,80,Head of AI with surging competitor churn signal and GPU trial spike. High priority despite small company size.,25,true
L2716,tier1,95,Co-founder at an AI/ML software company with max-tier surging intent and competitor churn signals. Exceptional tier 1 lead.,5,true
L2465,tier3,25,"Customer Success Manager in Construction using a freemail address. Open opportunity exists in CRM, but profile fit is poor.",5,true
L2286,tier2,70,"Principal title with high intent, recent funding, and surging metrics. Suppressed/opted-out in CRM, representing a risk flag for outreach.",15,true
L1062,tier2,78,Head of ML with solid intent scores and engagement. Strong technical decision-maker profile.,23,true
L1948,tier2,65,"Head of Engineering provides great technical seniority, but company data is completely blank.",10,true
L2641,tier3,30,"Recruiter role at a small software company. Good recent funding signals, but not a technical buyer.",10,true
L2153,tier3,20,"HR manager in Landscaping/Services using freemail. Despite max intent scores, company and role profile indicate poor fit.",0,true
L1675,tier3,35,"Project Manager in software with moderate intent and GPU trial spike, but limited direct procurement authority.",15,true
L2288,tier2,82,"ML engineer showing massive surging intent, hiring signals, and pricing page visits. Prime PLG opportunity.",27,true
L2622,tier2,74,Staff engineer at a software company. Strong technical contributor with solid baseline fit.,19,true
L1308,tier3,35,"High surging intent and docs traffic from a university domain using freemail, but missing job title and academic context limit sales viability.",15,true
L1572,tier3,15,"Non-technical job title (Enthusiast), freemail address, and university setting with low overall relevance to commercial GPU infrastructure sales.",5,true
L2584,tier3,25,"Despite high intent signals and pricing page spikes, the lead is an owner at a bakery with a freemail address, pointing strongly towards evaluation noise or non-viable profile.",5,true
L1518,tier2,40,"Technical IC title (ml engineer) suggests valid persona, but company and industry information are entirely missing, limiting immediate outbound confidence.",15,true
L2693,tier3,20,"Strong intent and competitor churn signals are present at the account level, but the individual is an Executive Assistant, making direct conversion unlikely.",0,true
L1020,tier2,10,"Relevant title and company size, but the lead has explicitly opted out of emails and carries a Do Not Contact (DNC) flag alongside an open deal status.",45,false
L1173,tier3,12,Accountant role at a software company with minimal intent. Not a decision maker or user for GPU compute infrastructure.,8,true
L1208,tier3,18,"High account intent and GPU trial spikes, but company is Quantum Nails Salon in the Beauty industry, indicating irrelevant vertical despite surging signals.",2,true
L1713,tier3,22,"Strong account intent and trial activity, but the contact is a Project Manager with missing company details.",2,true
L2681,tier1,92,Head of ML at a large AI/ML software company with surging documentation traffic and pricing page visits. Perfect ICP fit.,2,true
L2174,tier2,55,"Software engineer at an AI/ML lab represents a strong technical user, though account intent score is low.",0,true
L1355,tier2,88,"Deep Learning Engineer at an AI/ML software firm showing maximum intent, competitor churn signals, and expanded infrastructure footprints.",33,false
L2658,tier3,15,Operations Manager at a landscaping firm using a freemail address. Low intent and mismatched industry.,5,true
L2253,tier3,10,Business analyst role with a churned lifecycle stage and unqualified HubSpot lead status.,10,true
L1375,tier3,25,"Content Writer at an ML company. While the company is relevant, the role is non-technical.",5,true
L2352,tier2,45,"Computer Vision Engineer is an ideal technical buyer, but the CRM profile indicates churned/unqualified lifecycle attributes.",10,true
L1496,tier3,15,Sales Development Rep at a marketing agency. Has email opt-out and DNC flags set.,5,true
L1847,tier2,80,"SWE at a large software company with high intent, surging docs traffic, and a recent funding round.",25,true
L2602,tier2,75,"Staff Engineer at a software company showing high intent and trial spikes, though flagged with email opt-out.",20,true
L1941,tier2,60,"Co-Founder & CTO is a primary decision maker, but company details are missing which adds verification risk.",5,true
L2315,tier3,12,Social Media Manager at a software company. Non-technical role with low intent.,8,true
L1753,tier2,50,"CTO title is highly relevant, but the company is a real estate firm (Bella Vista Realty), making GPU infrastructure fit questionable.",5,true
L2525,tier2,85,"Head of ML at TokenWorks with high intent, surging docs traffic, and competitor churn signals. Strong sales opportunity.",30,true
L1940,tier2,45,"SRE role is technical, but CRM indicates they are already an existing customer marked unqualified.",10,true
L2404,tier1,95,"Head of Data Science at a software company with max intent score (97), funding rounds, and trial spikes. Prime tier 1 target.",5,true
L2008,tier1,90,Founder/CEO at an AI/ML software company showing high intent and infrastructure expansion signals.,0,true
L1529,tier2,82,VP of Engineering at an AI/ML software company with surging intent and competitor churn signals.,27,true
L1621,tier3,20,Content Writer at a dental group. High intent metrics are likely noise or mismatched account association.,0,true
L1711,tier3,25,"Head of Machine Learning is a senior technical title, but the company is in Construction, lowering immediate fit.",5,true
L1046,tier2,70,"Director of Machine Learning with an open opportunity and active Salesforce lead status, though company size is missing.",15,true
L1776,tier2,75,"Head of Machine Learning at Cascade AI (AI/ML software). Excellent persona fit, though intent is currently low.",20,true
L2058,tier3,12,Recruiter using a freemail address with no company and low intent. Unlikely to be a GPU infrastructure buyer.,8,true
L1920,tier3,45,"Marketing manager at a software company with high intent and surging signals. Despite a non-technical title, the account is actively hiring ML roles and showing trials.",25,true
L2760,tier3,30,"Project Manager at a software company. Medium intent with funding and competitor churn, but role is non-technical.",10,true
L1234,tier2,88,Director of Infrastructure at an AI/ML software company with very high surging intent and multiple GPU/competitor signals. Highly qualified despite small size.,33,false
L1922,tier3,55,PhD candidate at a small AI vision startup with high intent and pricing page engagement. Academic context often translates to heavy model training needs.,35,false
L2102,tier3,60,"Missing job title, but company is VoiceForge in AI/ML with high intent and surging GPU usage. Worth a closer look.",40,false
L2061,tier2,85,AI Engineer at Diffusia using a freemail alias mapped reliably to the company domain. Strong technical fit and high intent.,30,true
L1038,tier3,20,"Project Manager at a bakery. Despite high intent signals, the company profile is completely misaligned with AI cloud infrastructure.",0,true
L1204,tier3,10,Office Manager at a software firm with practically zero intent. Low potential.,10,true
L2346,tier3,15,Customer Success Manager at an automotive parts company using freemail. Irrelevant industry and role.,5,true
L1453,tier2,82,"Software engineer at Synapse Foundry (AI/ML software). High intent, active engagement history, perfect ICP match.",27,true
L2334,tier3,65,Missing job title at a software company with extremely high intent and surging metrics. Strong account-level signal.,45,false
L2632,tier2,90,"Head of MLOps at TensorLoop with high intent, surging GPU usage, and an open deal in HubSpot. Prime target.",35,false
L1960,tier3,5,Missing job title at a nail salon. Complete industry mismatch.,15,true
L1001,tier2,40,"Software engineer at Formcraft. Enterprise size, but industry and specific company profile are vague.",15,true
L1755,tier2,50,"Data Scientist at Neuralight with medium intent. Good technical fit, though company industry field is sparse.",5,true
L1532,tier3,25,Technologist using a freemail address with low internal intent score. Minimal engagement.,5,true
L1359,tier3,18,Missing job title at a university. Likely academic traffic rather than commercial intent.,2,true
L1114,tier2,75,"Owner at Modelry (AI/ML software). High intent and surging GPU usage. Small company size, but strong decision-making power.",20,true
L1548,tier3,35,"Product Marketing Manager at a large software company. High intent at account level, but role is non-technical.",15,true
L2581,tier2,70,"Backend Engineer using freemail with no company listed, but high intent and hiring/funding signals at the account level. Strong technical IC.",15,true
L2146,tier1,80,Fractional CTO at a small software/AI firm. Excellent decision-maker profile despite low internal intent score.,10,true
L2377,tier3,68,Missing job title at Signalfold (AI/ML software) with high intent and pricing page visits. Strong enterprise signals.,48,false
L1310,tier3,30,"Graduate Student at Northern University. Max intent score, but academic context usually implies self-serve or educational tier rather than sales pipeline.",10,true
L2051,tier2,35,"CTO at GreenLeaf Landscaping. Senior decision-maker title, but industry is completely non-technical (Landscaping).",20,true
L2037,tier3,15,Customer Success Manager in Healthcare. Non-technical role and misaligned industry.,5,true
L2311,tier3,20,"Financial Analyst at Neuralight. Good company context, but finance role lacks direct technical buying power for GPUs.",0,true
L2090,tier2,85,Staff Engineer at DeepHarbor with high intent and funding signals. Excellent technical IC prospect.,30,true
L1737,tier3,12,Missing job title at a construction company. Low intent and wrong industry.,8,true
L2118,tier1,92,"Co-founder at RagPipe (AI/ML software). High intent, surging ML hiring/GPU trial signals, and decision-maker status. Perfect Tier 1 candidate.",2,true
L1269,tier2,88,Applied Scientist at EMBEDIQ (1000+ AI/ML software) with very high internal intent (97). Excellent fit despite freemail.,33,false
L1068,tier3,72,"Project Manager at Harborview Logistics, but account is surging with high intent and hiring for ML roles. Worth upgrading from self-serve due to strong intent signals.",52,false
L1083,tier2,45,"Backend Engineer at Corticon AI, but low intent score (11) and freemail used. Decent profile but low immediate engagement.",10,true
L1605,tier3,68,"Financial Analyst at Opsfleet, yet high intent (85) with pricing page visits and GPU trial spike. Likely part of a buying committee evaluation.",48,false
L1214,tier3,40,"Content Writer at Cascade AI with medium intent and competitor churn signal, but HubSpot lifecycle stage shows sales qualified. Still a non-technical role.",20,true
L1550,tier3,15,"Student at RoboticsOne, CRM shows Closed Lost lead and low intent. Not a viable sales target.",5,true
L1656,tier3,5,Accountant at GreenLeaf Landscaping in Services sector with very low intent. Clear mismatch for GPU infrastructure.,15,true
L2149,tier3,10,MS Student at Northern University. Academic/educational intent and low score. Self-serve/nurture at best.,10,true
L2836,tier2,85,"VP of Engineering at Promptline with high intent (71), surging signals, hiring for ML, and expanded infra footprint. Strong sales queue candidate.",30,true
L2892,tier3,12,Technical Consultant at Summit Dental Group. Healthcare/dental is a non-tech vertical with near-zero intent.,8,true
L1992,tier2,82,Backend Engineer at Diffusia with high internal intent (86) and an open deal in HubSpot. Great sales target.,27,true
L1821,tier3,30,"Office Manager at Gridbase. Despite CRM campaign engagement (docs-cta), the title is non-technical.",10,true
L2618,tier3,15,Central Polytechnic with missing job title and low education intent. Poor fit for immediate sales.,5,true
L1635,tier2,75,Director of Machine Learning at MetricsHub with funding and ML hiring signals. Strong candidate despite missing industry metadata.,20,true
L1441,tier2,80,Sr. Data Scientist at Formcraft (Software) with medium-high intent and competitor churn signal. Solid sales opportunity.,25,true
L2620,tier2,65,Independent Consultant at Tensorloop (AI/ML software). Ambiguous title but high-value software company context and HubSpot opportunity stage.,10,true
L2724,tier3,50,"Hobbyist at Northern University with high intent (92) and surging infra signals. Despite 'hobbyist' title, high intent warrants attention.",30,true
L1284,tier2,60,"Applied Scientist at Shipmate. Strong technical title, but low intent and unverifiable company details.",5,true
L1717,tier2,78,Software Engineer at EmbedIQ (AI/ML software) with active SQL status in HubSpot. Strong product-led growth candidate.,23,true
L1636,tier3,55,"Modelry (AI/ML software) lead with missing job title, but showing GPU trial spike and launch week response. Moderate potential.",35,false
L2144,tier3,25,Content Writer at Summit Dental Group. Non-technical role in a healthcare vertical with low intent.,5,true
L2331,tier3,,,,true
L2294,tier2,90,"Staff Engineer at Signalfold (AI/ML software) with surging high intent (86), docs traffic, and GPU trial spikes. Prime sales queue lead.",35,false
L2270,tier3,35,"Fieldstone Tech lead with missing job title, marked as churned in CRM despite serverless launch response.",15,true
L1500,tier1,85,"Director of AI at Relaymesh (Software). Perfect decision-maker profile for GPU infrastructure, though intent score is currently zero.",5,true
L2913,tier3,20,PhD Student at Institute of Technology using freemail. Academic user with low intent.,0,true
L1864,tier3,65,"Enthusiast at TokenWorks (AI/ML software) with very high intent (96) and campaign clicks. Title is weak, but engagement is extremely strong.",45,false
L2342,tier2,82,"Research Scientist with missing company details, but high intent score (85) and GPU trial spike. High technical value.",27,true
L1575,tier2,85,Co-founder at Diffusia with solid internal intent (72). Executive buyer in early-stage AI.,30,true
L1330,tier2,80,Staff Engineer at Streamlyne with medium intent and GPU trial spike. Strong technical buyer.,25,true
L2034,tier2,25,"VP Engineering at a software company, but has opted out of emails and is flagged for do-not-contact, lowering near-term sales potential.",30,true
L2388,tier2,85,"Independent consultant showing high intent, surging GPU usage, and expanded infrastructure footprint despite being marked as closed-lost previously.",30,true
L1983,tier2,60,"Machine Learning Engineer at an AI/ML software company; good technical fit with pricing page interest, though intent is currently low.",5,true
L1016,tier3,15,"Financial analyst in a non-technical role, despite active engagement and funding signals. Email opted out and DNC flag present.",5,true
L1374,tier2,72,"Applied Scientist at an AI/ML company with medium intent, competitor churn signal, and active ML hiring.",17,true
L2639,tier2,40,"Staff Engineer with a technical title, but company, industry, and size data are completely missing.",15,true
L2514,tier3,68,"Missing job title, but strong surging intent at an AI/ML software company with a GPU usage trial spike.",48,false
L1332,tier3,10,PhD candidate at an educational institution; low commercial sales potential.,10,true
L2281,tier3,20,Missing job title and very low intent score at an AI/ML company.,0,true
L1322,tier2,30,"Data Scientist at a software company with medium intent, but marked as unqualified in HubSpot with email opt-out.",25,true
L1794,tier3,15,"Missing job title, opted out of emails in both Salesforce and HubSpot, and marked unqualified.",5,true
L2860,tier2,75,"Software engineer with high surging intent, competitor tool churn signal, and GPU usage trial spike, despite missing company size/industry.",20,true
L2029,tier3,10,HR manager is a non-technical role at an AI/ML software company.,10,true
L2777,tier3,10,Freelancer from a state university (.edu domain); academic profile with low commercial viability.,10,true
L1425,tier3,10,Student at a university; not a near-term commercial sales opportunity.,10,true
L1688,tier2,45,"DevOps engineer with a technical role, but company details are completely missing.",10,true
L1836,tier2,55,"MLOps engineer with medium intent and recent funding/competitor signals, though company size/industry are missing.",0,true
L1683,tier2,50,"AI engineer with relevant technical profile, but low intent and missing company industry details.",5,true
L1856,tier3,20,Sales Development Representative is a non-technical role.,0,true
L2857,tier2,70,"Chief AI Officer is a top-level decision maker with strong intent signals, though company profile is unverifiable.",15,true
L1256,tier1,90,CTO at a mid-sized AI/ML software company showing active GPU usage and infrastructure expansion signals.,0,true
L2190,tier2,55,"MLOps engineer at an AI/ML software company with technical relevance, though intent is currently low.",0,true
L1149,tier2,60,"Head of Engineering with medium intent and funding signals, though company details are missing and email is opted out.",5,true
L1508,tier3,10,Student at a polytechnic institute with an educational email domain.,10,true
L2181,tier3,45,"Operations manager in a non-technical role, though backed by very high surging intent and funding signals.",25,true
L1472,tier3,15,Office manager using a freemail address in an automotive industry; low relevance for AI cloud infrastructure.,5,true
L1719,tier1,92,Founder & CEO at a large AI/ML software company with strong intent and hiring signals.,2,true
L2592,tier2,60,"Software engineer at an AI/ML software company; good technical fit, though current intent is low.",5,true
L1985,tier2,58,"Platform engineer at an AI/ML software company with trial spike signals, though industry/size data is sparse.",3,true
L2455,tier2,75,"VP Engineering at a software company with medium intent and campaign engagement, despite using a freemail address.",20,true
L2089,tier3,15,Non-technical role (Social Media Manager) at an AI company with low intent score and minimal docs traffic.,5,true
L1393,tier2,72,"Strong technical IC role (AI Engineer) with competitor tool churn signal and active ML hiring, indicating high GPU needs despite being marked as churned previously.",17,true
L1467,tier2,85,"DevOps Engineer at a large company with massive intent score (99), surging signals, funding, and competitor churn indicators.",30,true
L1413,tier3,10,"Missing job title, email opted out, DNC flag set, and unqualified lead status. High intent does not override compliance and data quality issues.",10,true
L1089,tier2,65,"CEO of a small AI/ML software company showing a GPU usage trial spike, representing a solid direct founder-led sales opportunity.",10,true
L1398,tier2,55,"Director of Infrastructure with medium intent and competitor churn signals, but company name and size are completely missing.",0,true
L1890,tier3,20,Missing job title at paytrellis with low intent score. Rules engine correctly assigned tier3 due to lack of role clarity.,0,true
L1075,tier1,60,"CEO of an AI/ML company with surging intent and competitor churn, but has Salesforce opt-out and DNC flags which require suppression or cautious handling.",30,true
L2161,tier2,50,Fractional CTO at a tiny AI/ML startup. Decision-maker title but low intent and small footprint.,5,true
L1781,tier2,45,"Head of ML is a great technical leadership title, but company and industry fields are completely empty.",10,true
L1238,tier3,5,Academic/Education domain with an 'Enthusiast' job title. Not a commercial cloud sales target.,15,true
L2317,tier3,10,PhD student using a freemail address. High internal intent score is likely academic research rather than a commercial deployment.,10,true
L2662,tier3,25,Missing job title at an AI company with low intent. Hard to justify sales outreach without knowing the contact's function.,5,true
L2497,tier1,88,SVP Engineering at a large software company showing expanded infra footprint and solid intent. Excellent tier1 sales candidate.,2,true
L2139,tier2,70,"CTO title with high surging intent and competitor churn signals, though company info is missing from the record.",15,true
L1779,tier2,82,Machine Learning Engineer with strong campaign engagement history (opened and responded) and medium-high intent signals.,27,true
L2365,tier3,15,Missing job title at a marketing company with low intent. Likely low relevance for GPU cloud infrastructure.,5,true
L1957,tier2,80,"Infrastructure Engineer at a mid-sized software company with surging intent, recent funding, and active ML hiring.",25,true
L1814,tier2,40,"Director of ML at LegalMind AI, but marked as unqualified in HubSpot with very low intent score.",15,true
L1835,tier2,90,"MLOps Engineer at an AI/ML software startup with extremely high intent (92), surging infrastructure footprint, and docs traffic.",35,false
L1830,tier3,30,"Social Media Manager at a software company. High intent and GPU spikes are present at the account level, but the individual lead is non-technical.",10,true
L2361,tier2,75,"Head of ML with high surging intent and pricing page visits, despite missing company metadata.",20,true
L1131,tier3,25,"Sales Development Rep role despite having an open opportunity and engagement history. Sales reps are typically gatekeepers or researchers, not buyers.",5,true
L1102,tier2,78,"SRE (Site Reliability Engineer) with high intent, pricing page visits, and surging signals at an AI/ML software company.",23,true
L2655,tier2,74,SWE at a small fine-tuning lab with positive campaign responses and pricing page interest.,19,true
L2243,tier2,76,"Backend Engineer at an AI/ML company with high surging intent, docs traffic, and GPU usage trials, despite being marked as churned previously in HubSpot.",21,true
L2867,tier2,35,"Data Scientist using a Yahoo freemail address with low intent, despite working at a small software company.",20,true
L2537,tier2,68,"Senior ML Engineer at an AI/ML software company with an open opportunity, though flagged with email opt-out and DNC.",13,true
L1756,tier2,70,Machine Learning Engineer at an AI/ML software company showing solid medium intent and hiring signals.,15,true
L2550,tier3,20,Product Marketing Manager in the automotive industry using a freemail address. High account intent is offset by non-technical role and industry mismatch.,0,true
L1944,tier3,15,"Accountant role at a logistics company. Although there are high intent signals, the job function has zero relevance to GPU infrastructure or AI models.",5,true
L2721,tier1,95,"Head of AI at a software company with surging high intent scores, docs traffic, and competitor churn signals. Excellent near-term sales opportunity.",5,true
L2249,tier2,40,"ML Engineer title is strong, but the lead has opted out of emails, has a DNC flag, and previously gave no response to pricing posts.",15,true
L2629,tier2,30,"Founder/CEO title normally indicates high potential, but the company is missing, email is opted out, and a DNC flag is present.",25,true
L1707,tier2,85,"Staff Engineer at a software company with strong intent signals including funding, pricing page visits, and GPU usage trial spikes.",30,true
L1177,tier3,45,"Head of AI is a great title, but the company is in the automotive sector and intent is moderate. Better suited for nurture.",25,true
L2041,tier3,20,Founder in construction using a freemail address. Low alignment with AI developer cloud infrastructure.,0,true
L2179,tier3,35,"Fractional CTO in healthcare. Potential tech buyer, but healthcare industry and moderate intent suggest a nurture path.",15,true
L1816,tier3,10,Social media manager at a software company. Non-technical role with virtually no intent signals.,10,true
L1772,tier3,25,PhD candidate with a freemail address and academic background. Likely using for research rather than commercial sales.,5,true
L1883,tier2,90,"CTO with high surging intent, GPU trial spikes, and funding. Excellent candidate despite missing firmographic details.",35,false
L1502,tier3,50,"VP Data & AI at a large enterprise with medium intent. Good title, but enterprise sales cycles might be longer.",30,true
L1840,tier3,20,"Consultant at a logistics company. Although they are an existing customer, the role is non-technical and intent is low.",0,true
L2412,tier2,88,"Infrastructure engineer with strong surging intent, GPU trial spikes, and documentation traffic. High near-term PLG opportunity.",33,false
L1165,tier2,55,"Owner at a software company. Ambiguous title, but tech industry and potential decision-making power give moderate upside.",0,true
L1882,tier3,10,Marketing manager in real estate. Completely outside the target persona for GPU infrastructure.,10,true
L2095,tier3,20,Business analyst using a freemail address with missing company info. High intent score is likely noise or personal exploration.,0,true
L2463,tier2,82,"Research engineer at an AI/ML software company with strong surging intent, funding, and ML hiring signals.",27,true
L1305,tier2,75,"Machine learning engineer with medium intent signals. Highly relevant technical role, though company details are sparse.",20,true
L2637,tier2,60,"Senior ML engineer at an AI startup, but marked as churned in HubSpot. Good technical fit worth re-engaging cautiously.",5,true
L2086,tier2,80,Senior software engineer at an AI/ML company with strong internal intent. Solid technical user for self-serve or PLG.,25,true
L1213,tier2,78,MLOps engineer at a software company with recent funding and increased docs traffic. Perfect operational persona for Runpod.,23,true
L2727,tier3,15,"Missing job title at a bakery. Despite some random ML hiring signals, this is clearly an unqualified lead or noise.",5,true
L1253,tier3,30,Product marketing manager at a large enterprise. Non-technical role with low intent.,10,true
L1366,tier1,85,Founder/CEO at an AI/ML software company. Core decision-maker profile for early-stage AI infrastructure sales.,5,true
L1741,tier3,30,Indie hacker at a university using an educational domain. Low intent and likely academic budget constraints.,10,true
L1132,tier2,70,"Founder at an AI domain company with GPU trial spikes. Marked as churned in HubSpot, which introduces some risk.",15,true
L2212,tier2,75,Computer vision engineer at a software company. Highly relevant technical role for heavy GPU workloads.,20,true
L1641,tier2,72,Data scientist using a freemail address with prior campaign engagement. Good technical fit for AI model training.,17,true
L2499,tier3,25,Student at a state university using a freemail address. Unlikely to be a commercial sales opportunity.,5,true
L1521,tier2,88,High intent score with strong surging signals including competitor churn and expanded infrastructure footprint. Staff Engineer title indicates strong technical relevance.,33,false
L2690,tier1,45,"Head of Engineering at an AI/ML company is typically high value, but previous lead status is Closed Lost and intent is currently low.",45,false
L2712,tier2,85,Research Scientist with a high intent score and trial spike signals. Excellent fit for product-led growth.,30,true
L2897,suppress,10,Explicitly identified as a competitor domain. Should remain suppressed despite technical title.,,true
L1860,tier3,5,Non-technical role in a construction company with explicit DNC and email opt-out flags.,15,true
L2093,tier3,30,Already an existing customer in a marketing agency with low intent. Unlikely to be a near-term expansion target for core GPU infrastructure.,10,true
L1223,tier1,92,SVP Engineering at a large AI/ML company with high surging intent and pricing page visits. Prime sales queue opportunity.,2,true
L2223,tier2,60,"Head of Platform with recent funding signal, but company size is missing and intent is low.",5,true
L2320,tier2,75,"Founder with high surging intent and GPU trial spike, though company size and industry data are sparse.",20,true
L1364,tier1,80,Director of Infrastructure at an AI/ML software company with solid intent signals.,10,true
L2901,tier3,15,Student status with freemail and unqualified HubSpot status. Low conversion probability.,5,true
L1486,tier3,25,"Content Writer role is non-technical, despite medium intent and ML hiring signals at the company.",5,true
L1081,tier3,20,Marketing Manager role in an AI company. Unlikely to make core infrastructure purchasing decisions.,0,true
L1587,tier2,65,"NLP Engineer is a strong technical IC role at a large software company, though intent is currently low.",10,true
L1845,tier2,70,Applied Scientist at an AI/ML software company. Good candidate for self-serve or nurture.,15,true
L1958,tier2,65,"VP of AI Infrastructure is a top-tier decision-maker title, but company metadata is completely missing.",10,true
L2343,tier3,30,Hobbyist title associated with an educational institute. Likely a self-serve or academic trial user.,10,true
L1179,tier3,25,Indie hacker on an academic domain with low intent signals.,5,true
L1877,tier3,40,"Project Manager role, but strong high-intent surging signals around pricing and funding. Could be worth light nurture.",20,true
L2208,tier3,35,"Financial Analyst at an AI company. Non-technical, though showing competitor churn intent.",15,true
L2180,tier3,10,Missing job title and company information makes qualification nearly impossible despite moderate intent.,10,true
L1033,tier2,72,DevOps Engineer at a software company. Highly relevant technical persona for infrastructure tooling.,17,true
L2470,tier2,68,Data Scientist at an AI/ML company. Good technical fit for model training and fine-tuning.,13,true
L1443,tier2,70,Founder/CEO title with a competitor churn signal. High potential despite unverified company size.,15,true
L1307,tier1,82,"VP of AI Infrastructure at a software company with strong intent. However, email opt-out and DNC flags present compliance risks.",8,true
L2044,tier3,20,Freelancer with freemail at an educational institution. Low conversion probability for enterprise sales.,0,true
L2111,tier3,50,"Managing Partner at a software company with strong surging intent and funding signals, though non-technical role.",30,true
L2830,tier3,25,Indie hacker on an academic domain. Previously engaged via docs-cta but churned/unqualified status.,5,true
L1012,tier3,20,Graduate student using freemail. High intent score likely reflects academic research rather than commercial deal potential.,0,true
L1501,tier3,30,"Technologist at an auto parts company. Moderate intent signals, but traditional industry limits AI infrastructure urgency.",10,true
L2597,tier3,25,"Executive assistant at a real estate firm, though showing intent signals like funding and docs traffic. Unlikely to be a core GPU infrastructure buyer.",5,true
L2881,tier2,40,"Independent consultant in software with low internal intent. Potentially relevant if advising on AI projects, but low near-term direct sales value.",15,true
L1854,tier3,5,"Undergraduate student at an academic institution with closed-lost history, email opt-out, and DNC flag. Strongly suppress.",15,true
L2097,tier2,45,Software engineer at an unverified company with low intent. Standard self-serve or early nurture prospect.,10,true
L1315,suppress,0,"Domain matches TensorHive, a direct competitor in GPU infrastructure. High intent signals likely reflect competitor research or benchmarking.",,true
L2091,tier3,15,"PhD candidate at an academic university. Existing customer record with past engagement, but academic usage typically aligns with self-serve or low commercial value.",5,true
L1678,tier3,10,Social media manager at an AI/ML software company. Non-technical role with minimal intent.,10,true
L1615,tier2,55,DevOps engineer at an AI/ML software company showing a GPU usage trial spike. Good candidate for self-serve adoption.,0,true
L1974,tier3,20,Executive assistant at an unspecified company with low intent. Unlikely decision-maker or end-user.,0,true
L2024,tier2,60,Deep learning engineer at a software company exhibiting a competitor tool churn signal. High technical relevance.,5,true
L1802,tier3,30,Freelancer with an academic email domain showing very high intent and competitor churn signals. High intent is tempered by academic/freelance profile.,10,true
L1703,tier2,50,"Senior software engineer using a personal gmail address. High technical fit, but personal email introduces identity resolution risks.",5,true
L1939,tier1,85,Founder/CEO at an AI/ML or software company with medium intent and infrastructure expansion signals. Strong top-tier sales lead.,5,true
L2222,tier3,35,"Enthusiast title at an AI/ML company with an open opportunity and qualified lead status in Salesforce. Title is ambiguous, but CRM history warrants attention.",15,true
L1134,tier3,40,"MS student at an academic institution showing high intent and GPU usage trial spikes. High technical interest, but academic status usually restricts enterprise sales potential.",20,true
L1212,tier3,45,"Head of Engineering at a food and beverage company with an open deal and email opt-out. Unlikely industry for heavy AI training, despite the title.",25,true
L1093,tier3,30,MS student at a university with medium intent and competitor churn signals. Likely academic research use case.,10,true
L2214,tier1,90,"VP of AI Infrastructure at an AI/ML software company with surging high intent and GPU trial spikes. Despite using a freemail address, profile is an ideal tier1 sales target.",0,true
L2445,tier2,55,Senior Data Scientist at a software company with medium intent and competitor churn signals. Solid technical IC target.,0,true
L2565,tier2,75,Platform engineer at a software company with maximum intent score (100) and infrastructure expansion signals. High potential despite freemail address.,20,true
L2389,tier3,50,Missing job title at an AI/ML software company with solid campaign engagement and medium intent. Worth nurturing.,30,true
L2129,tier2,70,Director of Platform Engineering at a small AI/ML software company. High decision-making relevance for infrastructure purchases.,15,true
L2259,tier1,80,Head of Engineering at a mid-sized software company with GPU usage trial spikes. Prime candidate for sales outreach.,10,true
L1128,tier2,75,"Platform engineer at an AI/ML startup with very high intent, surging signals, and competitor churn indicators. Excellent product-led growth target.",20,true
L1510,tier3,65,Head of ML at a logistics company with high intent and funding signals. Traditional enterprises building internal ML capabilities represent expansion opportunities.,45,false
L1684,tier2,70,VP Engineering at a software company with infrastructure expansion signals. Strong decision-maker profile.,15,true
L2671,tier2,60,"CTO at an unverified company using a freemail address. High seniority, but data verification is weak.",5,true
L2590,tier2,60,Applied Scientist at an AI/ML software company. Strong technical user fit for model training and fine-tuning.,5,true
L2160,tier3,25,"MS student listed with high campaign engagement, but student status and non-technical/academic alignment limit enterprise potential.",5,true
L1909,tier2,50,Software engineer using a personal iCloud email with medium intent signals from data infrastructure firm. Good technical IC target.,5,true
L1119,tier1,95,VP Engineering at an AI/ML software company with surging high intent and a GPU usage trial spike. Freemail is a minor risk but overwhelmingly qualified for sales outreach.,5,true
L1233,tier3,15,Financial analyst in a tiny AI/ML company with low intent and no compelling technical signals for GPU infrastructure.,5,true
L1613,tier2,60,"Head of MLOps is an ideal technical buyer for Runpod, but industry is missing and intent is low, warranting a moderate nurture stance.",5,true
L1384,tier3,10,VP Data & AI in healthcare (dental group) with low intent score. Unlikely to be a near-term GPU cloud infrastructure buyer.,10,true
L2856,tier3,5,Social Media Manager is completely non-technical and irrelevant for GPU cloud infrastructure sales.,15,true
L1745,tier3,55,"Independent consultant with surging high intent and ML hiring signals, though title is ambiguous and company is not explicitly software. Worth a closer look.",35,false
L1429,tier1,98,"CTO at a mid-sized AI/ML company showing strong surging intent, pricing page visits, and GPU usage trial spikes. Prime tier1 sales target.",8,true
L1142,tier2,45,"Advisor role with very low intent, though associated with an open deal in HubSpot. Moderate priority due to CRM context.",10,true
L2375,tier3,65,"Missing job title, but high surging intent, docs traffic, and infra expansion at an AI/ML company. Strong signals override missing title.",45,false
L1875,tier2,70,"Software engineer at an AI/ML company using freemail, but clicked a campaign and shows genuine interest. Good candidate for PLG/sales touch.",15,true
L1989,tier3,20,Closed-lost lead with missing title and low intent. Previously unresponsive to campaigns.,0,true
L1986,tier2,85,"MLOps Engineer at an AI/ML software company with surging high intent, recent funding, and ML hiring signals. Excellent target.",30,true
L1003,tier2,60,Infrastructure engineer at a software company with medium intent and recent funding. Good candidate for self-serve or light nurture.,5,true
L2300,tier2,75,ML Engineer with a critical competitor tool churn signal and hiring intent. Strong near-term sales opportunity.,20,true
L2518,tier3,40,"Marketing manager at a tiny AI/ML firm. High intent signals are present, but role is non-technical, making them a weaker direct infrastructure buyer.",20,true
L1478,tier2,65,"VP Engineering with a GPU usage trial spike, though industry is currently unverified. Strong title and trial activity warrant a close look.",10,true
L1340,tier3,30,"CTO at a construction company. Despite good engagement, industry alignment for AI cloud GPUs is weak outside of niche use cases.",10,true
L1052,tier2,75,Founder & CEO using freemail at a small data infrastructure/ML firm. High seniority outweighs freemail and missing firmographic details.,20,true
L1905,tier2,80,SRE at an AI/ML software company with an active open opportunity in Salesforce. Highly relevant technical buyer.,25,true
L1884,tier2,40,"Independent consultant with moderate internal intent score, but ambiguous role and lack of firm details limit near-term predictability.",15,true
L2530,tier2,85,Co-founder with an open deal in HubSpot and surging trial/docs traffic signals. Excellent target for direct sales outreach.,30,true
L1146,tier2,55,"Infrastructure engineer at an AI/ML software company. Relevant technical IC role, though intent score is currently low.",0,true
L2461,tier1,90,Head of Engineering at a software company. High seniority and technical decision-making power make this a strong tier1 sales prospect.,0,true
L1967,tier2,50,"Infrastructure engineer at an unverified company, but with campaign engagement. Moderate fit for self-serve/nurture.",5,true
L1584,tier2,88,"Senior Software Engineer with very high intent, ML hiring, and a competitor tool churn signal. Exceptional bottom-up PLG/sales opportunity.",33,false
L1283,tier2,85,"Staff engineer with surging intent, recent funding, GPU usage trial spike, and strong campaign engagement. Great technical champion.",30,true
L1161,tier3,,,,true
L1639,tier2,60,"Head of MLOps is a strong buyer title, but internal intent score is near zero and company data is sparse.",5,true
L1591,tier3,30,Closed-lost technical consultant at a non-technical company. Low intent score and historical churn outweigh the title.,10,true
L1324,tier2,82,Research Engineer at an AI/ML software company with high surging intent and infrastructure expansion signals. Ideal technical end-user.,27,true
L2532,tier3,25,"High intent signals and ML hiring, but missing job title and using a freemail address at an enterprise non-AI company. High risk of poor fit or low data fidelity.",5,true
L1309,tier3,15,"Senior technical title, but company is in Travel and intent is very low with a competitor churn signal. Unlikely to be a near-term GPU infrastructure buyer.",5,true
L1260,tier3,5,"Financial analyst in an AI/ML software company, but has explicitly opted out of emails, flagged with DNC, and marked as unqualified in HubSpot. Zero sales potential.",15,true
L2665,tier3,40,"Strong intent signals and technical role, but the company is in Landscaping (Services) and the contact is marked as churned in CRM. Likely an exploratory signup rather than a serious buyer.",20,true
L2399,tier2,65,Founder at a small software company with active engagement and funding signals. Good candidate for self-serve or light sales outreach.,10,true
L1915,tier2,55,Software engineer at an AI/ML company with moderate intent signals and GPU usage trial spike. Decent self-serve or PLG target.,0,true
L2433,tier3,10,Sales development rep with sparse firmographics and low intent. No alignment with GPU infrastructure needs.,10,true
L1676,tier3,75,"High intent score with surging signals and open CRM deal at a large AI/ML company, despite the missing job title.",55,false
L1947,tier1,80,"Head of MLOps at an AI/ML software company. Perfect persona match for Runpod, though intent is currently low.",10,true
L1150,tier1,85,VP of AI Infrastructure at an AI/ML software company with moderate intent and funding signals. Excellent high-value sales target.,5,true
L2474,tier2,50,"Fractional CTO already noted as a customer, showing moderate intent. Good candidate for expansion if infrastructure needs scale.",5,true
L2277,tier2,60,"MLOps engineer using a freemail address, but resolved to an AI/ML company with large footprint. Good technical fit for PLG.",5,true
L1785,tier1,95,VP of AI Infrastructure at an AI/ML-related software company with maximum internal intent score (99). Immediate sales priority.,5,true
L1396,tier3,30,"High intent and surging signals, but Principal at a Fitness studio. Likely irrelevant or anomalous usage.",10,true
L1520,tier1,85,Founder at an AI/ML software company. High authority buyer despite lower immediate intent score.,5,true
L1338,tier3,20,Using a proton.me freemail address at an education institution with missing job title. Low conversion potential.,0,true
L1264,tier2,70,"Software engineer at a small AI/ML startup using freemail, but showing very high surging intent signals and pricing page visits. Strong PLG candidate.",15,true
L2405,tier3,5,Social media manager at a beauty/salon business. Zero relevance to GPU infrastructure.,15,true
L1893,tier2,75,NLP Engineer with strong surging intent and ML hiring signals at a company with an unverifiable industry. Excellent technical fit.,20,true
L1643,tier2,60,Fractional CTO at a software company with moderate intent. Good target for self-serve or light evaluation.,5,true
L1156,tier3,35,Product Marketing Manager with very high intent signals at a travel company. Likely researching for market intel rather than infrastructure purchase.,15,true
L1651,tier2,65,Owner at an AI/ML software company with moderate intent. Decision-maker in the right industry.,10,true
L2796,tier3,5,Job title 'hacker' and freemail address 'qwerty123@gmail.com'. High probability of spam or fake signup.,15,true
L2763,tier3,10,"Office manager at an AI company, but has opted out of emails and is marked as DNC. No sales opportunity.",10,true
L2483,tier2,55,Platform engineer at an AI/ML startup with moderate signals. Standard technical PLG fit.,0,true
L1436,tier2,80,"Senior ML engineer at an AI/ML software company with high intent, competitor churn signals, and recent funding. Excellent target.",25,true
L2559,tier2,75,VP of Engineering at an AI/ML software company with solid intent signals. Strong sales outreach candidate.,20,true
L1082,tier3,25,Sales development rep at an enterprise company showing high intent. Likely conducting research rather than buying GPUs.,5,true
L2621,tier2,75,Computer Vision engineer at an AI/ML company with surging intent and trial spikes. Prime technical user for Runpod.,20,true
L2386,tier1,90,Head of Data Science at a large software company with very high intent and funding signals. Top-tier sales opportunity.,0,true
L2380,tier2,82,"Backend Engineer atOpsfleet (1000+ software company) with high intent score (86), surging signals including pricing page visits and doc traffic, plus active campaign engagement.",27,true
L1872,tier2,65,"MLOps Engineer at EmbedIQ in AI/ML software with medium intent. Strong technical fit for GPU cloud, though currently not surging.",10,true
L2035,tier2,10,Existing customer with opted-out email and DNC flag set. Not a near-term sales/PLG opportunity.,45,false
L2680,tier1,75,"Head of AI at a mid-sized AI/ML software company. Decision-maker title aligns well with sales queue, despite low current intent.",15,true
L2648,tier2,40,"Software Engineer with missing company and industry data. Low intent score, making it a speculative PLG lead.",15,true
L1447,tier3,20,Head of AI at a small marketing agency. Not core target industry for GPU infrastructure.,0,true
L1475,tier3,15,Head of Engineering at a small marketing agency. Low fit due to non-technical/non-core industry profile.,5,true
L1392,tier2,85,"Machine Learning Engineer at a large software enterprise showing high intent, surging activity, and competitor tool churn signal.",30,true
L1954,tier2,70,DevOps Engineer at a software company with a GPU usage trial spike and medium intent.,15,true
L1115,tier2,5,Closed-lost lead with SF/HubSpot email opt-outs and DNC flags set. Churned status.,50,false
L2000,tier2,80,"AI Engineer with highly surging intent (score 96), expanded infrastructure footprint, and docs traffic. Company data missing, but high intent makes it a strong PLG candidate.",25,true
L2722,tier2,78,"Applied Scientist showing strong intent, recent funding, GPU usage trial spike, and competitor tool churn signal.",23,true
L2293,tier2,50,Data Scientist at a small software company with low intent score and pricing page interest.,5,true
L1936,tier3,25,PhD candidate at an educational institution. High intent/surging signals likely academic research rather than near-term commercial sales opportunity.,5,true
L2254,tier3,15,Social media manager with a closed-lost status. Non-technical role despite high intent signals at the account level.,5,true
L1070,tier3,15,Managing partner at a very small software firm with low intent score.,5,true
L1560,tier3,10,HR manager using a freemail address. Non-technical role with low conversion potential.,10,true
L2014,tier3,15,"Recruiter role at LedgerWorks. Existing customer account, but recruiter persona is non-technical.",5,true
L2239,tier2,60,Computer Vision Engineer in software. Highly relevant technical persona for GPU infrastructure.,5,true
L1037,tier3,20,Financial analyst in a large software company. Non-technical role despite strong account intent signals.,0,true
L2054,tier3,10,Freelancer with sparse internal intent and missing company data.,10,true
L2260,tier2,75,Data Scientist at Vectorly AI. Already a Sales Qualified Lead in progress with positive engagement history.,20,true
L2551,tier3,10,Sales Development Representative. Non-technical role.,10,true
L1629,tier2,70,"Owner at Corticon AI (AI/ML software). Uses freemail, but high intent, surging signals, and company size make this worth examining.",15,true
L1224,tier3,25,"VP of AI Infrastructure at a marketing agency. Senior title, but poor industry alignment.",5,true
L1574,tier2,55,"SRE with missing company profile, but technical relevance gives moderate potential.",0,true
L1406,tier3,15,Accountant at Shipmate. Non-technical role.,5,true
L1809,tier3,20,Freelancer at a state university. Academic context reduces commercial sales potential.,0,true
L1120,tier3,25,PhD Candidate at Central Polytechnic. Academic domain with moderate intent.,5,true
L2733,tier3,10,HR Manager at Inferra Labs. Non-technical role.,10,true
L1144,tier3,15,"Recruiter role at a non-tech company (Quantum Nails Salon), despite high intent signals which are likely noise or unrelated to GPU infrastructure.",5,true
L1154,tier1,85,Head of Data Science at an AI/ML software company showing active intent signals including pricing page visits and GPU usage trial spikes.,5,true
L1923,tier2,45,"Machine Learning Engineer at a large software company, but intent score is low with only basic documentation traffic.",10,true
L2197,tier2,72,"Software Engineer at a mid-sized software company with high surging intent, recent funding, and active ML hiring signals.",17,true
L1022,tier3,5,Business Analyst in logistics with minimal intent. Completely misaligned with GPU cloud infrastructure buyers.,15,true
L2099,tier3,60,VP Data & AI at an AI/ML software company showing pricing page visits and infrastructure expansion. Rules engine misclassified due to missing company size.,40,false
L1512,tier1,30,"VP of AI Infrastructure with high intent, but has an active opt-out, DNC flag, and uses a personal freemail address.",60,false
L1007,tier3,10,HR Manager at a landscaping company who is an existing customer. No relevance to AI infrastructure purchasing.,10,true
L1042,tier3,40,"VP Data & AI at an automotive company showing a GPU usage trial spike, indicating some isolated technical interest despite the traditional industry.",20,true
L2084,tier2,75,"Senior Data Scientist at an AI health company with high surging intent, strong docs traffic, and ML hiring signals.",20,true
L2307,tier3,20,Indie hacker using a freemail address at an educational institution. Low conversion probability for enterprise sales.,0,true
L1896,tier2,65,Applied Scientist at an AI/ML software company with prior campaign engagement history.,10,true
L2298,tier2,90,"AI Engineer at an AI software company showing maximum intent score, competitor tool churn signals, and funding round activity.",35,false
L2464,tier3,15,Account Executive at an AI company. Non-technical go-to-market role unlikely to purchase developer infrastructure.,5,true
L1387,tier2,55,"Staff Engineer at a large software company with competitor churn intent signals, though overall intent score is low.",0,true
L2401,tier3,25,Graduate student at an institute of technology using freemail. Likely evaluating for academic or personal use rather than enterprise deployment.,5,true
L1558,tier3,10,"Operations Manager with missing company and industry details, showing minimal intent.",10,true
L2754,tier1,80,Director of Machine Learning at a software company with strong intent and competitor churn signals.,10,true
L1391,tier2,50,"Machine Learning Engineer with missing company data, but holds a highly relevant technical title.",5,true
L2638,tier3,12,Social Media Manager at a software company. Non-technical persona with low intent.,8,true
L2493,tier2,45,"Staff Engineer with missing company firmographics, but strong technical profile and ML hiring interest.",10,true
L1136,tier3,35,"Freelancer at an educational institution with high internal intent score, but ambiguous role and entity type.",15,true
L2717,tier2,68,"Research Scientist showing active GPU trial spikes and ML hiring intent. Rules engine tiered as tier2, but high intent makes this a strong candidate.",13,true
L2394,tier1,88,"Head of MLOps at an AI/ML software company showing high surging intent, pricing page visits, and infrastructure expansion.",2,true
L2814,tier2,78,"Deep Learning Engineer at a surging AI/ML startup with high intent scores, pricing visits, and trial spikes.",23,true
L2408,tier2,62,Platform Engineer at an enterprise company with an open deal in HubSpot and active pricing page visits.,7,true
L1474,tier3,40,"Missing job title at an AI/ML software company with an open opportunity and active campaign response, but flagged for email opt-out and DNC.",20,true
L2036,tier3,25,"Missing job title at a university. Moderate intent signals for infrastructure footprint expansion, but likely academic.",5,true
L2720,tier2,70,"Software Engineer at an AI/ML startup with an active CRM opportunity in progress, despite using freemail.",15,true
L2683,tier2,65,Machine Learning Engineer at an AI software company showing documentation traffic and strong technical alignment.,10,true
L2182,tier3,30,"Non-technical sales role at a tiny company, though showing some intent signals around pricing and docs. Low likelihood of being a direct technical buyer or influencer.",10,true
L2432,tier2,55,"Existing customer with an AI Engineer title, but low intent and unverifiable industry. Solid product-led growth fit but low immediate sales urgency.",0,true
L1624,tier2,75,MLOps engineer at a software company displaying a competitor tool churn signal and medium intent. Excellent technical fit for GPU infrastructure.,20,true
L1704,tier3,25,"Non-technical role in Travel with a GPU usage trial spike. Likely internal evaluation or misassigned usage, poor sales fit.",5,true
L1410,tier2,65,"Computer Vision Engineer at a large software company. Highly technical role with great potential, though low intent score pulls it down slightly.",10,true
L1017,tier3,40,"Content writer at a marketing agency with high surging intent and funding. While high intent, the role is non-technical, making direct GPU sales conversion unlikely.",20,true
L2172,tier2,60,Backend engineer at an unverified company with hiring signals for ML roles. Good technical fit for infrastructure consumption.,5,true
L1087,tier3,20,Software engineer in healthcare (dental group). Unlikely to be a heavy AI model trainer or fine-tuner compared to dedicated tech companies.,0,true
L1049,tier2,80,VP of Engineering with high surging intent and competitor churn signals. Missing company profile is offset by strong leadership title and high intent.,25,true
L1424,tier3,15,Accountant at an AI company. Non-technical role with zero purchasing influence for GPU infrastructure despite company domain.,5,true
L1317,tier3,10,Hobbyist user with an academic .edu domain. Existing customer but education cohort usually indicates self-serve or academic trial use rather than enterprise sales.,10,true
L2418,tier3,35,"Project manager with extremely high surging intent and competitor churn signals. Strong account-level intent, but the individual title is non-technical.",15,true
L1174,tier2,75,Software engineer at an AI/ML software company using freemail with high surging intent. Strong signal for infrastructure demand despite freemail usage.,20,true
L2358,tier2,50,Independent consultant with high surging intent and pricing page visits. Churned CRM status indicates past interaction; potential self-serve re-engagement.,5,true
L2549,tier3,5,Undergraduate student using freemail with no company and low intent. Minimal sales value.,15,true
L2557,tier2,85,Infrastructure engineer at an AI/ML software company with high intent and an open deal in HubSpot. Prime target for sales engagement.,30,true
L2279,tier2,90,"Director of Machine Learning at an AI/ML startup with high intent, funding, and pricing page visits. Excellent enterprise sales target.",35,false
L2220,tier2,50,DevOps engineer at an unverified company with low intent. Standard technical IC profile with moderate potential.,5,true
L2586,tier2,65,AI Engineer at a software company. Solid technical IC profile for GPU infrastructure needs.,10,true
L1653,tier1,95,"Founder/CEO at an AI/ML software company with active engagement, customer status, and strong fit. Top-tier target.",5,true
L1793,tier2,70,"Principal at a software company with an open opportunity in Salesforce. Strong account activity, though title is slightly ambiguous.",15,true
L2891,tier3,60,"Head of Machine Learning at a marketing agency. Decision-maker title and AI focus, but the company industry is non-core for heavy AI infrastructure.",40,false
L2114,tier2,55,"Senior Software Engineer at a large software company. Solid technical profile, but low intent score indicates cold status.",0,true
L2333,tier2,85,"Founder/CEO at an AI/ML software company. Decision-maker with existing customer relationship, though low current intent.",30,true
L2790,suppress,0,CEO at 'My Company' with placeholder data and disposable/invalid indicators. Clearly spam or test lead.,,true
L2177,tier2,60,Senior Software Engineer at a large software company. Standard technical IC profile.,5,true
L2454,tier2,60,"Research Engineer at an AI/ML software company using freemail. Strong technical fit, though identity resolution failed.",5,true
L2066,tier3,30,"HR Manager at an AI company. Non-technical role, though showing medium intent due to company-wide activity.",10,true
L1271,tier3,25,"Financial analyst in the travel industry using freemail. High account intent is likely driven by other departments, but this lead is non-technical.",5,true
L1542,tier2,70,Software engineer at a software company with medium intent and positive campaign engagement. Solid PLG/sales candidate.,15,true
L2198,tier2,55,Fractional CTO at a small AI/ML company showing low intent signals. Good target profile but low engagement.,0,true
L2462,tier3,5,Office manager at a real estate firm. Completely non-target persona for GPU cloud infrastructure.,15,true
L2876,tier3,12,"Closed-lost lead with email opt-out and DNC flag set. Despite competitor churn intent, outreach is restricted.",8,true
L1029,tier2,82,ML engineer at a software firm showing high surging intent and competitor tool churn signals.,27,true
L1497,tier1,85,VP of Engineering at an AI/ML company with HubSpot lifecycle stage already in progress as an opportunity.,5,true
L2501,tier2,48,"Technical IC with missing company data, but displaying moderate doc traffic and infrastructure expansion.",7,true
L2515,tier3,15,Marketing manager with very low intent score despite a minor trial spike.,5,true
L1195,tier2,40,Applied scientist using a freemail address at a large software enterprise. Potential shadow IT buyer.,15,true
L1080,tier3,10,Undergraduate student using a yahoo email account. Unlikely to be a commercial revenue opportunity.,10,true
L1468,tier3,5,"HR manager at a logistics firm with a closed-lost history, DNC flag, and email opt-out.",15,true
L1094,tier3,15,Student at an academic institution with low intent signals.,5,true
L2531,tier3,30,"Software engineer at a marketing agency. Moderate intent, but industry is outside core AI/ML SaaS.",10,true
L1961,tier3,45,"Freelancer at an academic polytechnic showing high surging intent and trial spike, but educational context lowers tier.",25,true
L2611,tier2,88,"Senior ML Engineer with extremely high intent, surging activity, recent funding, and prior campaign engagement.",33,false
L1606,tier2,84,Senior software engineer at a software firm with high surging intent and competitor churn signal.,29,true
L1727,tier2,35,ML engineer with closed-lost history and email opt-out set.,20,true
L2039,tier2,70,"Computer Vision engineer at an AI/ML firm with strong intent signals, though email opt-out is enabled.",15,true
L1810,tier2,86,"SRE at an AI/ML software company showing high surging intent, trial spikes, and competitor churn.",31,false
L2206,tier3,12,Freelancer at an educational institution with low intent signals.,8,true
L2075,tier3,35,"Postdoc at a university using a freemail address, despite high intent score and surging activity.",15,true
L2843,tier2,78,SVP Engineering at an early-stage AI/ML startup showing solid intent signals and hiring activity.,23,true
L2387,tier2,75,"Chief AI Officer with high intent and surging signals, but using a freemail address and missing company verification.",20,true
L1843,tier1,90,Director of Platform Engineering at an AI/ML software company with very high surging intent and trial spike.,0,true
L2004,tier2,80,"Head of Engineering at an AI/ML startup showing good intent, trial spikes, and decision-maker seniority.",25,true
L2430,tier2,60,"ML engineer with moderate intent and trial spike, but has an email opt-out and unqualified CRM status.",5,true
L2437,tier2,82,"Head of Engineering with top-tier intent signals, though email opt-out is flagged.",27,true
L1829,tier3,45,"Customer Success Manager at a software company. High engagement and intent, but non-technical role.",25,true
L2905,tier3,20,Social Media Manager at a tech company. Low intent and non-technical role.,0,true
L1804,tier3,68,"ML engineer at a marketing agency showing high intent and trial spikes, offset slightly by non-AI industry.",48,false
L2734,tier2,65,Software engineer at an AI/ML startup who is already an existing customer.,10,true
L2027,tier3,10,"Financial analyst at a nail salon has minimal relevance to AI GPU infrastructure, despite a low intent score.",10,true
L2028,tier2,15,"Research scientist in logistics, but CRM shows closed-lost status, email opt-out, and DNC flags.",40,false
L1162,tier2,92,"Senior ML engineer at an AI/ML company showing high intent, surging GPU usage, and competitor tool churn signals.",37,false
L1805,tier2,75,Computer Vision engineer at a software company with surging trial GPU usage and pricing page visits.,20,true
L1812,tier2,88,ML engineer at an existing customer account with high intent scores and hiring signals.,33,false
L2438,tier2,60,"Deep Learning engineer using a freemail address, but associated with an AI company showing medium intent.",5,true
L2878,tier2,45,Backend engineer with low intent and unverifiable company industry.,10,true
L2460,tier2,85,"VP of Engineering with high surging intent and competitor churn signals, despite past closed-lost status.",30,true
L1976,tier3,25,Independent consultant at a construction company; high intent metrics are likely noise or misattributed.,5,true
L1067,tier2,40,"Head of AI with high intent, but CRM indicates an open deal with email opt-out and churn flags.",15,true
L2502,tier3,5,Freelancer listing an education domain with minimal intent signals.,15,true
L1647,tier2,50,"Software engineer using a freemail address with high intent signals, but no verifiable company.",5,true
L1701,tier2,90,"NLP engineer at a large entity with very high intent, surging metrics, and recent funding.",35,false
L2677,tier3,30,"Managing partner at an AI company, but the role is non-technical, lowering near-term PLG fit.",10,true
L1079,tier2,80,Software engineer at a mid-sized software company showing strong GPU usage trial spikes and high intent.,25,true
L2863,tier3,5,Student on an educational domain with opt-out flags and low intent.,15,true
L1252,tier3,5,Student at a university with low intent and no enterprise relevance.,15,true
L1894,tier3,5,MS Student at an institute of technology with negligible intent.,15,true
L1800,tier2,70,Owner at an AI/ML software company with active deal status and medium intent signals.,15,true
L2120,tier3,15,Enthusiast title with closed-lost history and medium intent that likely represents personal interest.,5,true
L1833,tier3,20,Builder title at a large software enterprise with medium intent but unclear technical scope.,0,true
L2798,suppress,0,Clearly a fake or spam record with dummy email address and opt-out flags.,,true
L2624,tier2,65,"Data scientist at a boutique AI lab, though CRM shows a lack of recent engagement.",10,true
L1057,tier3,30,CTO at a construction company; unlikely to be a primary GPU infrastructure buyer.,10,true
L2685,tier3,40,"Missing job title at an AI company, making seniority and technical relevance difficult to assess.",20,true
L2450,tier3,55,"Missing job title at an AI software company, but strong surging intent and trial spikes warrant attention.",35,false
L1573,tier2,50,SVP of Engineering at a travel company with medium intent signals.,5,true
L2005,tier2,65,Consultant at an AI software company with solid intent signals and traffic increases.,10,true
L2130,tier3,20,Undergraduate student at an AI company; likely an intern with low purchasing authority.,0,true
L2183,tier2,55,Data scientist using a freemail address with moderate intent metrics.,0,true
L2468,tier3,15,Non-technical landscaping company with low intent and no urgency.,5,true
L1878,tier2,40,"Technical data scientist at tiny software company, but very low intent.",15,true
L1377,tier3,45,"ML engineer in logistics with campaign engagement, but non-AI core business.",25,true
L1952,tier3,55,"Missing title in AI/ML software company, but good intent signals and hiring for ML roles.",35,false
L2276,tier3,10,Non-technical social media manager with opt-out and DNC flags set.,10,true
L1988,tier3,12,Bakery company with missing title and low intent; clearly an irrelevant lead.,8,true
L1009,tier2,92,"Software engineer with massive intent surge, trial usage spikes, and competitor churn signals.",37,false
L2434,tier1,75,Co-founder at software company with existing customer status and open deal.,15,true
L1109,tier2,35,"ML engineer with good intent, but marked as churned/opted-out in CRM.",20,true
L1820,tier2,45,Applied scientist at large enterprise with low intent and unverified industry.,10,true
L1222,tier1,60,"CTO at software enterprise with strong intent, but opted-out and DNC flags present.",30,true
L1176,tier1,85,CTO in AI/ML software with competitor churn signal and expanded footprint.,5,true
L2774,tier3,25,PMM at a bakery despite high intent score; likely noise or irrelevant tooling interest.,5,true
L1476,tier3,30,"Marketing manager at AI software company with strong intent signals, but non-technical.",10,true
L1159,tier2,40,SWE with sparse company information and trial spike.,15,true
L2751,tier1,85,Head of ML at AI software company showing solid intent and trial activity.,5,true
L1632,tier3,15,Marketing manager with low internal intent score.,5,true
L2046,tier2,70,"Senior SWE at AI startup with high intent surge, despite previous closed-lost status.",15,true
L1658,tier3,5,Completely blank lead record with almost no data.,15,true
L1732,tier3,15,Social media manager at cloud company with low intent.,5,true
L1662,tier3,20,Student account on academic domain with opted-out and DNC flags.,0,true
L1073,tier2,80,CTO at small AI/ML software startup with competitor churn signal.,25,true
L1968,tier3,30,"Independent consultant at non-technical company, marked as churned/unqualified.",10,true
L2032,tier2,85,VP of Engineering at an AI/ML startup with hiring signals.,30,true
L2833,tier1,80,Founder at mid-sized software company showing pricing page intent.,10,true
L2612,tier3,25,Student title at AI company with high intent; likely an academic or low-budget user.,5,true
L2689,tier2,75,"Founder & CEO with maximum intent score, though company profile is slightly sparse.",20,true
L2360,tier3,10,Hobbyist user at an academic university.,10,true
L1813,tier2,70,"Co-founder & CTO with decision-maker title, but missing company firmographics.",15,true
L2543,tier1,85,Founder at AI startup with strong profile and good fit.,5,true
L2273,tier2,58,"NLP engineer at software company with moderate intent and trial spike, making them a solid candidate for product-led growth.",3,true
L2134,tier2,45,"Computer vision engineer at AI/ML software company showing low intent signals, but still a relevant technical profile.",10,true
L2282,tier2,80,Senior software engineer at an enterprise-sized AI company showing strong surging intent and recent infrastructure trial spikes.,25,true
L2407,tier2,30,"Owner role with churned customer status. Although high intent is noted, the ambiguous title and churn status reduce near-term viability.",25,true
L1691,tier2,75,"Director-level infrastructure title with high intent and surging signals, despite missing company data.",20,true
L2635,tier2,65,Head of Machine Learning in a small AI company with moderate intent and hiring signals.,10,true
L1450,tier3,25,"Operations manager is non-technical, lowering direct sales relevance despite funding and expansion signals.",5,true
L1850,tier3,10,"Missing job title and marked with email opt-out and DNC flags, making this low priority.",10,true
L2847,tier1,40,"SVP Engineering at a small AI company, but has email opt-out and DNC flags alongside a churned status.",50,false
L2921,tier3,20,"Content writer is a non-technical role, despite high intent scores from the account.",0,true
L1342,tier2,62,Senior data scientist at a logistics firm showing strong surging intent and trial spikes.,7,true
L2033,tier2,55,"Senior ML engineer at a large AI firm with positive historical campaign responses, though current intent is low.",0,true
L2574,tier3,15,Recruiter role at a nail salon; clear mismatch for GPU infrastructure needs.,5,true
L2700,tier2,60,Software engineer at an AI/ML startup with solid internal intent score.,5,true
L2874,tier2,52,Infrastructure engineer at a large AI company with moderate documentation traffic and hiring signals.,3,true
L2616,tier3,35,"Sales development rep is non-technical, limiting product-led growth potential.",15,true
L1925,tier2,72,"Senior ML engineer with high intent and surging signals, despite missing country and industry data.",17,true
L1782,tier2,48,Platform engineer at a tiny AI/ML startup with competitor churn signal.,7,true
L1186,tier2,50,Senior ML engineer at a software firm with standard low-level intent.,5,true
L2888,tier1,70,SVP Engineering at a mid-sized AI/ML company showing trial spike intent.,20,true
L1822,tier3,22,Product marketing manager is a non-technical role with minimal intent.,2,true
L2101,tier2,78,Infrastructure engineer at a large AI company with very high intent and pricing page visits.,23,true
L2757,tier2,68,"Staff engineer with strong intent and surging signals, though marked with email opt-out.",13,true
L2633,tier3,25,Product marketing manager in a large software company; non-technical role.,5,true
L2247,tier2,40,Software engineer with very low intent score.,15,true
L2236,tier2,45,Software engineer with low intent and email opt-out flags.,10,true
L1827,tier2,65,Chief AI Officer at a micro-sized AI startup; key decision maker despite low active intent.,10,true
L1064,tier3,12,Undergraduate student at an educational institution (.edu email domain).,8,true
L1336,tier2,52,Data scientist at an AI/ML enterprise with low intent.,3,true
L1541,tier3,20,Office manager is a non-technical role despite moderate account intent.,0,true
L1689,tier1,88,"Strong senior decision-maker title (Head of MLOps) at an AI/ML software company with medium intent, pricing page visits, and recent funding.",2,true
L1507,tier3,30,"Missing job title and marked as churned in CRM, despite medium intent and recent funding.",10,true
L1600,tier2,45,"Technical IC at a tiny software company, but low intent and sparse data.",10,true
L1921,tier3,10,"Non-technical marketing manager at a construction company, completely outside target ICP.",10,true
L2302,tier2,62,"Technical research scientist at a software company with medium intent, but has active email opt-out and DNC flags.",7,true
L2427,tier3,15,Non-technical customer success manager using freemail with email opt-outs and DNC flags.,5,true
L2495,tier3,55,"High intent and surging signals from a travel company, but lead is a product marketing manager.",35,false
L1817,tier3,40,"Project manager with high intent and surging signals at an AI/ML startup, using freemail.",20,true
L2011,tier3,20,"Completely missing title, company, and firmographics with medium intent.",0,true
L1543,tier3,65,ML engineer with high surging intent at a travel company.,45,false
L2015,tier3,35,"Freelancer with high intent and surging signals, but lacking company and firmographic details.",15,true
L1913,tier2,75,Software engineer with high surging intent and opportunity lifecycle stage in CRM.,20,true
L2428,tier2,80,ML Engineer at a software company with high surging intent and trial spikes.,25,true
L1788,tier2,65,Infrastructure engineer at a software company with decent intent score.,10,true
L2795,tier3,5,Likely test submission with test data ('asdf') and DNC flags.,15,true
L1060,tier1,90,"Founder/CEO at a software company with medium-high intent, funding, and expanded infrastructure.",0,true
L2915,tier2,60,ML engineer at a software company with moderate intent.,5,true
L1595,tier2,60,SRE at an AI/ML software company with moderate intent.,5,true
L1648,tier2,58,Deep learning engineer using freemail at a large company with low intent.,3,true
L2406,tier3,30,Graduate student at an academic institution with medium intent.,10,true
L2759,tier2,40,"Research scientist at a software company, but low intent and opt-out/DNC flags present.",15,true
L2052,tier3,15,Accountant at an AI startup; non-technical role.,5,true
L2865,tier3,25,Social media manager at an AI company; non-technical role despite campaign clicks.,5,true
L1979,tier3,20,Missing job title at a fitness studio.,0,true
L1495,tier3,10,Undergraduate student at a state university using freemail.,10,true
L2062,tier3,15,Office manager at a nail salon; irrelevant industry and non-technical role.,5,true
L2204,tier2,65,Backend engineer at an AI/ML software company with low direct intent.,10,true
L1579,tier2,68,Software engineer at an AI/ML software company with moderate intent.,13,true
L1881,tier3,50,"Senior software engineer with competitor churn and pricing page signals, but at a marketing agency and opted out.",30,true
L2709,tier2,70,NLP engineer at a software company with expanded infrastructure intent.,15,true
L1784,tier2,58,"Software engineer at an AI/ML software company with moderate intent. Good technical profile for PLG, aligning with tier2.",3,true
L2761,tier3,65,"Despite the academic domain, there is very high surging intent with active ML hiring and expanded infrastructure. Worth upgrading above tier3.",45,false
L2487,tier3,30,Non-technical project manager role with medium intent. Unlikely to be a primary decision-maker for GPU infrastructure.,10,true
L2670,tier3,5,"Executive assistant at a marketing agency who is churned, opted out, and flagged on DNC. Should be suppressed.",15,true
L1649,tier2,75,Consultant at an AI/ML software firm with very high surging intent across multiple metrics. Strong signal for a sales conversation.,20,true
L2682,suppress,10,"Identified as a competitor domain, correctly suppressed by the deterministic engine.",,true
L1329,tier2,70,"ML engineer using a freemail address, but showing very high surging intent and resolved company data. Great target for PLG.",15,true
L1914,tier3,25,Non-technical customer success role in logistics. Low fit for GPU cloud infrastructure.,5,true
L1980,tier2,45,"Head of MLOps is a strong decision-maker title, but low intent and missing company details weigh down the score.",10,true
L2534,tier3,20,Business analyst in a non-AI sector with low intent. Fits tier3 nurture.,0,true
L1661,tier2,60,Technical MLOps engineer at an AI/ML software company. Solid target for developer-led adoption.,5,true
L2305,tier3,10,Marketing manager with a freemail address and missing company info. Low relevance.,10,true
L1361,tier2,65,"Head of Machine Learning with high surging intent, though email opt-out is present requiring caution.",10,true
L1379,tier2,82,"Senior data scientist at a software company with very high surging intent, funding, and trial spikes. Excellent sales queue candidate.",27,true
L1767,tier2,70,Infrastructure engineer at an AI/ML company showing strong intent and past campaign engagement.,15,true
L1736,tier2,55,ML engineer at an AI/ML software company. Solid technical fit for self-serve/tier2.,0,true
L2907,tier2,62,"Co-Founder & CTO is a top-tier decision maker, though intent score is currently low. Worth nurturing.",7,true
L1347,tier2,50,Data scientist at a software company with an email opt-out flag. Moderate technical fit but constrained by compliance.,5,true
L1247,tier2,60,"Senior data scientist who is already an existing customer, using a freemail address.",5,true
L2410,tier3,35,Student at an academic institution with high intent signals. Likely using trial credits rather than enterprise sales potential.,15,true
L2719,tier2,55,Software engineer at a software company. Good technical baseline fit.,0,true
L1544,tier3,15,"Missing job title, freemail address, and academic institution. Low quality lead.",5,true
L1028,tier3,40,Graduate student title at an AI/ML company with high intent. Potentially a researcher rather than commercial buyer.,20,true
L1562,tier2,72,Senior data scientist at an AI/ML software company with high surging intent.,17,true
L1858,tier3,12,Director of AI at a beauty/nails salon using iCloud email. Likely irrelevant or test lead.,8,true
L2782,suppress,0,Clearly fake or spam record with placeholder text.,,true
L2704,tier2,60,Owner of a software company who is already an existing customer with moderate intent.,5,true
L2492,tier3,25,Graduate student on a freemail address from an academic institution. Low commercial priority.,5,true
L1063,tier3,50,DevOps engineer at a marketing agency with high intent. Technical IC in a non-technical industry.,30,true
L1808,tier2,40,"SVP Engineering is a strong decision-maker title, but company details are completely missing.",15,true
L2542,tier3,55,"Although the job title is non-technical (Executive Assistant), the account shows strong buying intent with a GPU usage trial spike and surging signals.",35,false
L2060,tier2,85,Infrastructure Engineer at an enterprise company with very high surging intent score and recent funding round. Great technical fit.,30,true
L1928,tier3,40,"Academic/Postdoc profile using freemail, despite competitor churn signals and docs traffic, low commercial urgency.",20,true
L1861,tier2,90,"ML Engineer at a large software enterprise showing extremely high intent, funding, and GPU usage trial spike.",35,false
L1268,tier3,30,Customer Success Manager in non-technical insurance industry. High intent signals are likely company-wide rather than user-intent.,10,true
L1929,tier3,20,Postdoc using gmail address with low intent score. Unlikely to be a primary revenue-generating sales target.,0,true
L2087,tier2,60,"Software engineer at an AI/ML startup, but intent score is low and not currently surging.",5,true
L1024,tier3,10,Completely blank profile data with minimal intent. High risk of being spam or a scraper.,10,true
L1096,tier3,15,Office manager in travel industry using freemail. Completely misaligned with GPU infrastructure sales.,5,true
L2218,tier2,75,NLP engineer at an AI/ML software company. Strong persona match despite freemail and low immediate intent score.,20,true
L2482,tier2,65,"ML engineer in software sector. Solid technical fit, though intent is currently low.",10,true
L2902,tier2,80,Applied Scientist at an AI/ML software company with a GPU usage trial spike and funding round. Excellent fit.,25,true
L1832,tier2,70,Software engineer at an AI/ML company with competitor tool churn signal. Good target despite low intent score.,15,true
L1287,tier3,35,Independent consultant in logistics. Unlikely to need enterprise GPU infrastructure.,15,true
L2078,tier3,15,Anonymous consultant with no company or strong signals.,5,true
L1699,tier3,25,Principal title at an unverified robotic company. Low intent.,5,true
L2252,tier2,92,"Senior ML Engineer at an AI/ML company with high surging intent, competitor churn, and GPU trial spikes.",37,false
L1655,tier2,90,Research Engineer with high intent scores and active GPU trial spikes. Strong sales-ready signal.,35,false
L1760,tier2,82,"Research Scientist at an AI/ML company with competitor churn signals. CRM shows marked as churned previously, needs verification.",27,true
L2100,tier2,85,ML Engineer at an AI/ML startup with active campaign engagement and positive response history.,30,true
L2125,tier2,95,"Platform Engineer at an AI/ML software company with max-tier intent, surging infrastructure footprint, and competitor churn.",40,false
L1095,tier3,40,"Hobbyist persona at an academic institution. High intent due to surging infrastructure, but likely not a commercial enterprise deal.",20,true
L2609,tier2,75,"Director of AI at an AI firm. Excellent decision-maker profile, though current intent is low.",20,true
L2684,tier2,80,Founder & CEO of an AI company with competitor churn signals. High potential decision maker.,25,true
L1618,tier3,25,"Office Manager role, despite being an existing customer contact. Unlikely to drive infrastructure purchasing decisions.",5,true
L1580,tier3,45,"Graduate student using freemail at a university. High intent and doc traffic, but academic use case.",25,true
L2577,tier3,30,"HR Manager at an AI firm. Good company fit, but wrong department for GPU infrastructure.",10,true
L1910,tier3,35,Account Executive in software. Unlikely to be a technical buyer despite GPU trial spikes.,15,true
L1241,tier2,78,Software Engineer at an AI/ML startup. Solid technical persona despite freemail address.,23,true
L2627,tier3,45,"Technologist title at an ML company, but deterministic tier categorized as non-technical role. Moderate engagement.",25,true
L1390,tier2,55,"ML Engineer title at a small company indicates technical relevance, but low intent and unverifiable industry keep it moderate.",0,true
L2296,tier3,25,"High intent and engineering leadership title, but company is in Healthcare (dental), indicating low relevance for GPU cloud infrastructure.",5,true
L1126,tier3,40,Ambiguous Principal title with previous engagement in serverless launch. Low intent score.,20,true
L1048,tier1,92,"Head of Platform at a large AI/ML software company showing high intent, GPU trial spike, and funding. Strong sales opportunity.",2,true
L1439,tier3,45,"Operations manager in a small company, but strong infrastructure intent signals and funding present some potential.",25,true
L1112,tier1,85,Head of Data Science at an AI/ML software company with solid intent signals.,5,true
L2522,tier3,30,"Office manager role using a freemail address, despite high account-level intent for travel software company.",10,true
L1228,tier3,35,Vague technologist title and unverified company with mediocre intent.,15,true
L2614,tier2,75,Senior Software Engineer at an AI/ML company with solid mid-tier intent.,20,true
L1638,tier3,20,Missing title and company information make this a weak prospect despite past campaign response.,0,true
L2527,tier1,80,CEO at an AI/ML software company with strong campaign engagement.,10,true
L1823,tier2,70,Deep Learning Engineer with an open deal in HubSpot. Good technical fit.,15,true
L1769,tier2,72,Infrastructure engineer showing good intent signals and campaign response.,17,true
L1871,tier2,78,NLP Engineer at an AI/ML company with an open deal in CRM.,23,true
L1298,tier2,68,ML Engineer with medium intent scores and trial signals.,13,true
L1194,tier2,65,Research Scientist at an AI/ML software company.,10,true
L1663,tier2,70,VP of Engineering at a mid-sized company with good seniority.,15,true
L2472,tier3,25,Financial analyst role despite high intent signals from the AI company.,5,true
L1041,tier3,30,Missing job title and churned status in CRM suggest low priority.,10,true
L1408,tier3,10,Graduate student at an academic university.,10,true
L2136,tier3,45,"High intent and AI company, but missing job title.",25,true
L1671,tier2,55,ML engineer with unverified company profile.,0,true
L1863,tier2,75,Infrastructure engineer with maximum intent score and competitor churn signal.,20,true
L2403,tier2,82,MLOps Engineer at an AI/ML company with high internal intent score.,27,true
L1086,tier2,68,Software engineer with surging intent and campaign activity.,13,true
L1235,tier3,30,Missing job title at a very small AI startup with low intent.,10,true
L1279,tier2,85,Machine Learning Engineer at a software company with very high intent and competitor churn signals.,30,true
L2207,tier2,75,Research Scientist with high intent and competitor churn signal.,20,true
L1546,tier2,72,Backend Engineer at an AI/ML company showing good intent.,17,true
L2186,tier3,25,Operations manager in logistics with a closed-lost status in CRM.,5,true
L1296,tier2,65,Technical consultant at an AI/ML software company with a solid intent score of 73. Good candidate for self-serve or nurture.,10,true
L1376,tier2,45,"ML Engineer at a tiny early-stage startup with low intent, but engaged in past campaigns. Moderate potential.",10,true
L1151,tier2,20,"Despite high intent and competitor churn signals, lead is marked churned, has opted out of emails, and is on a DNC flag with a freemail address.",35,false
L1267,tier3,50,"Postdoc with high surging intent and pricing page visits, but sparse firmographic/company data. Could be an academic or research buyer.",30,true
L1438,tier2,30,"ML engineer with medium intent, but email opt-out and DNC flags present strict compliance hurdles despite qualification status.",25,true
L1801,tier2,35,"Applied scientist with an open opportunity, but has email opt-out and DNC flags, plus conflicting CRM statuses.",20,true
L1612,tier2,40,"DevOps engineer at a large software company, but very low intent score and no CRM activity.",15,true
L1369,tier2,45,Data scientist at an AI/ML company showing a GPU usage trial spike. Moderate potential for product-led growth.,10,true
L1045,tier1,75,CTO at a software company hiring for ML roles. Strong decision-maker profile for enterprise GPU infrastructure sales.,15,true
L2630,tier1,90,Founder/CEO at an AI/ML company who is already an active customer in HubSpot. Prime upsell/expansion candidate.,0,true
L2266,tier2,95,"Computer vision engineer at an AI/ML company showing maximum intent (score 100), funding, infrastructure footprint expansion, and trial spikes.",40,false
L2310,tier2,60,"CEO with medium intent and recent funding round, though company industry data is missing.",5,true
L2306,tier3,10,Sales Development Rep in the construction industry. Completely irrelevant vertical and role for AI GPU infrastructure.,10,true
L1302,tier3,55,"Marketing manager with high surging intent and past campaign responses, but using freemail and non-technical role.",35,false
L1147,tier2,80,Research scientist at an AI/ML company with high surging intent and document traffic. Excellent technical buyer profile.,25,true
L2917,tier2,50,Software engineer at Shipmate with a GPU trial spike. Solid self-serve candidate.,5,true
L1171,tier2,90,"ML engineer at a large software company showing high intent, surging traffic, competitor churn signals, and pricing page visits.",35,false
L1963,tier3,60,"Contact at an AI/ML software company with an open opportunity and positive response, despite missing job title.",40,false
L1344,tier2,65,Machine learning engineer at a large software company with strong campaign engagement. Freemail address lowers confidence slightly.,10,true
L1770,tier2,85,Head of MLOps with an open deal/customer status in HubSpot. High-value technical decision maker.,30,true
L2664,tier3,25,Operations manager at a ledger company with closed-lost history and low intent. Not a strong target.,5,true
L1825,tier3,20,Real estate company lead with missing job title and sparse data. Unlikely to need AI GPU clusters.,0,true
L1285,tier2,55,Software engineer at Pipeline Labs with qualified lead status and active campaign opens.,0,true
L2765,tier3,15,Enthusiast at a central polytechnic (academic institution). Likely seeking academic discounts or free tier rather than commercial sales.,5,true
L1451,tier2,55,Platform engineer at MetricsHub with a competitor tool churn signal. Good technical fit.,0,true
L1312,tier1,40,"SVP Engineering at a software company, but email opt-out and DNC flags prevent direct outreach.",50,false
L1505,tier3,30,"Senior software engineer at a construction company. Although intent is high, the industry mismatch lowers commercial viability.",10,true
L2056,tier2,85,"ML engineer at an AI/ML software company with a high intent score (88), surging hiring signals, and trial spikes.",30,true
L1400,tier3,25,PhD candidate at an academic institution (.edu email). High intent likely tied to academic research.,5,true
L1494,tier2,70,AI engineer at Loopware (software company) with medium intent and recent funding signals. Strong PLG candidate.,15,true
L2098,tier3,10,Undergraduate student at an educational institution with low intent score and competitor tool churn signal. Poor near-term commercial value.,10,true
L2701,tier3,25,"Independent consultant in real estate. Despite medium intent and hiring signals, the industry and title do not fit Runpod's ideal GPU cloud profile well.",5,true
L2165,tier2,65,Infrastructure engineer at a software company with increased documentation traffic. Good technical fit for GPU infrastructure.,10,true
L1129,tier3,30,"Operations manager at a software company. Although there are ML hiring and docs traffic signals, the role is non-technical.",10,true
L1866,tier3,20,"Financial analyst in software. Pricing page visits and competitor churn are present, but the role makes enterprise conversion unlikely.",0,true
L2314,tier3,45,"Sales Development Rep at an AI/ML company showing high surging intent and GPU trial spikes, but marked as churned in CRM and in a non-technical role.",25,true
L2077,tier2,70,"Senior ML Engineer at an AI/ML company. Excellent technical alignment, though company size data is missing.",15,true
L2864,tier3,15,Social media manager using a freemail address at an AI firm. Non-technical role with weak commercial relevance.,5,true
L1463,tier2,55,"Backend engineer using freemail with high surging intent. Strong technical profile, but unverified identity and personal email add friction.",0,true
L1435,tier2,70,Senior Data Scientist at a software firm with a GPU usage trial spike. Highly relevant technical buyer.,15,true
L1448,tier3,35,Sales Development Rep with high surging intent and increased docs traffic. High intent elevates score slightly above standard non-technical leads.,15,true
L2526,tier3,60,Co-Founder and CTO at an insurance company showing active docs traffic and infrastructure footprint expansion. Decision-maker in an enterprise context.,40,false
L2001,tier2,85,"Staff Engineer at a software company with high surging intent, funding, and pricing page visits. Prime developer-led growth target.",30,true
L1164,tier3,40,Head of MLOps at a food and beverage company with trial spikes and multiple campaign responses. Excellent technical title offset by traditional industry.,20,true
L2308,tier2,50,ML Engineer at an AI/ML software company. Marked as closed-lost/churned in Salesforce despite good technical title and company fit.,5,true
L1418,tier3,75,Head of Platform at a travel company with an open opportunity and high campaign engagement. Strong decision-maker value.,55,false
L1325,suppress,0,Identified as a competitor domain. Rightly suppressed to prevent intelligence or data leaks.,,true
L1728,tier1,95,"CTO at an AI/ML software company with maximum intent, surging signals, funding, and pricing page visits. Tier 1 sales queue priority.",5,true
L2656,tier3,10,"Missing job title, freemail address, and university affiliation with low intent. High spam/low quality indicator.",10,true
L1693,tier3,30,"Accountant at an AI/ML software company with high intent signals. Pricing page visits are present, but the accounting role limits technical purchasing power.",10,true
L1789,tier3,25,Missing job title at an AI company with no response history across campaigns and low intent.,5,true
L1423,tier2,60,SRE at a software company with campaign engagement and trial spikes. Good technical fit for cloud infrastructure.,5,true
L1725,tier2,80,"CTO at a company with extremely high intent score and surging signals. Despite missing industry metadata, executive title and surging behavior make this a top priority.",25,true
L1759,tier2,70,Senior Software Engineer at an AI/ML startup with trial spikes and funding. Strong technical fit despite closed-lost CRM status.,15,true
L1609,tier2,88,"VP of Engineering at an AI/ML software company with high intent, pricing page visits, and trial spikes. Ideal executive target.",33,false
L2613,tier3,15,Hobbyist title at a university. Low intent and educational context point to minimal commercial opportunity.,5,true
L1886,tier2,65,Research Scientist at a software company. Strong technical contributor role for AI model training workloads.,10,true
L2330,tier3,20,"Undergraduate student at an AI company. Despite pricing page views, academic status reduces near-term commercial viability.",0,true
L2816,tier3,40,Project Manager at an AI/ML software company with high intent and hiring signals. Supporting role rather than technical buyer.,20,true
L2184,tier2,85,VP of AI Infrastructure at a small AI/ML software company. Perfect decision-maker title and industry alignment despite current low intent score.,30,true
L2494,tier2,75,Staff Engineer at an unverified company with high intent signals including competitor churn and hiring for ML roles. Strong technical fit despite freemail.,20,true
L1571,tier2,60,Senior Data Scientist at a small software company showing competitor churn and pricing page visits. Decent fit for self-serve or nurture.,5,true
L1690,tier2,45,Research Engineer in AI/ML software using freemail with low internal intent. Lower immediate conversion potential.,10,true
L1806,tier2,30,Software engineer at a tiny AI startup with very low intent and freemail. Unlikely to be a near-term high-value opportunity.,25,true
L1577,tier2,85,Deep Learning Engineer at an enterprise-scale software company who is already an existing customer. High value target.,30,true
L2589,tier3,40,"CTO at a fitness studio using freemail. Although they have ML hiring and churn signals, fitness is non-core for GPU cloud infrastructure.",20,true
L2731,tier3,20,Missing job title at a dental healthcare company. Low relevance for Runpod's AI infrastructure.,0,true
L2422,tier1,92,"Director of Platform Engineering at a large software company with very high surging intent, competitor churn, and pricing page visits. Despite being churned previously, this is a prime sales lead.",2,true
L2349,tier2,48,Computer Vision Engineer at a mid-sized software company using freemail with low intent. Moderate potential.,7,true
L1718,tier2,65,Founder at an unverified company with ML hiring signals. Decision-maker title elevates potential.,10,true
L1358,tier2,90,MLOps Engineer at an enterprise company exhibiting a major GPU usage trial spike and surging intent. Excellent near-term opportunity.,35,false
L2384,tier2,62,"VP of AI Infrastructure with strong title seniority and funding/competitor churn signals, but missing company details.",7,true
L1931,tier2,78,Head of Platform at Voxel Dynamics with good intent signals and prior campaign engagement. Strong candidate for sales routing.,23,true
L2643,tier2,55,MLOps Engineer at an AI/ML software company with low initial intent. Solid technical fit for self-serve.,0,true
L1076,tier1,88,CTO at a large AI/ML software company with GPU usage trial spikes and funding signals. Prime sales target.,2,true
L2356,tier3,25,PhD Student at an educational institution using freemail. Likely academic usage rather than high-volume commercial expansion.,5,true
L2104,tier3,15,Social Media Manager at an AI company. Non-technical role unlikely to drive infrastructure purchasing decisions.,5,true
L2145,tier2,58,Backend Engineer at an unverified company with moderate intent. Standard technical lead.,3,true
L2469,tier3,10,Project Manager with missing company and low intent. Poor fit for AI cloud infrastructure.,10,true
L1314,tier3,5,Executive Assistant at a bakery. Complete mismatch for Runpod products.,15,true
L1780,tier2,60,Software Engineer at Finetune Labs with previous campaign interaction history. Good candidate for self-serve/nurture.,5,true
L1316,tier2,52,SRE at an AI/ML software startup. Strong technical role but low intent score currently.,3,true
L2124,tier2,35,"Platform Engineer at a nail salon with extremely high intent and trial spikes, but marked with email opt-out, DNC flag, and potential mismatch in industry name.",20,true
L1178,tier3,45,"Senior Software Engineer at a real estate firm showing surging intent and docs traffic. Real estate occasionally builds internal AI models, but lower priority than core AI companies.",25,true
L1422,tier2,94,"Sr. Data Scientist at Voxel Dynamics with massive surging intent, GPU trial spikes, and increased docs traffic. Outstanding sales opportunity.",39,false
L1065,tier2,68,Applied Scientist at an AI/ML software firm with solid intent and ML hiring signals. Strong nurture/self-serve target.,13,true
L2068,tier2,62,NLP Engineer at Lumina ML using freemail with medium intent and previous churned status in CRM. Good technical fit but needs re-engagement.,7,true
L1286,tier2,95,"Head of MLOps with high intent, surging signals, and an open opportunity already in CRM. Top priority sales queue lead.",40,false
L2634,tier3,45,"Missing job title at an institute of technology using freemail, despite high intent and surging infrastructure signals. Likely academic research group.",25,true
L2605,tier3,70,"Missing job title at Cascade AI, but exhibits max intent score of 99 with GPU trial spikes and funding rounds. High potential despite lack of title.",50,false
L1677,tier3,25,"High intent score and surging signals at a non-tech food and beverage company, but title and company profile suggest it is unlikely to be a primary GPU infrastructure buyer.",5,true
L1972,tier2,65,Senior software engineer at an AI/ML company showing intent signals like pricing page visits and competitor churn.,10,true
L1397,tier2,60,Platform engineer at an AI/ML startup with recent funding and competitor churn signals.,5,true
L2758,tier3,10,"Marketing manager with multiple opt-out and DNC flags, plus explicit email suppression.",10,true
L2552,tier3,15,Graduate student using a freemail address with low intent signals.,5,true
L2246,tier2,50,"Head of AI at a software company, but intent is very low.",5,true
L2159,tier2,88,"Chief AI Officer with high surging intent, competitor churn, and GPU trial spikes.",33,false
L2749,tier2,45,Head of MLOps at TensorLoop using a freemail address and low intent.,10,true
L1220,tier2,75,Co-founder at an AI research company with solid intent signals.,20,true
L2147,tier3,20,"Sales Development Representative at a software company, not a technical buyer.",0,true
L1098,tier1,92,CTO at TensorLoop showing strong GPU usage trial spike and high pricing page engagement.,2,true
L1153,tier1,95,Founder & CEO of Opsfleet with extreme internal intent and strong campaign engagement.,5,true
L2163,tier3,10,Hobbyist at an institute of technology.,10,true
L2594,tier3,40,"Strong intent and conversion status, but missing job title creates qualification uncertainty.",20,true
L1924,tier3,45,"High intent and surging signals, but marked as closed lost and missing a job title.",25,true
L2199,tier3,20,Low intent and missing job title at tensorloop.,0,true
L1485,tier3,15,HR Manager using a freemail address with low intent.,5,true
L2170,tier3,10,Undergraduate student at a polytechnic.,10,true
L1640,tier1,85,VP of Engineering at Pipeline Labs with solid medium-high intent and competitor churn signals.,5,true
L2702,tier2,70,Senior Data Scientist at TensorLoop showing good engagement and pricing page visits.,15,true
L1715,tier3,55,"High intent and open opportunity, but missing a job title and using a proton.me address.",35,false
L1842,tier3,15,HR Manager at an insurance company with low intent.,5,true
L1791,tier1,80,Head of Engineering at Promptline with surging intent and funding signals.,10,true
L2660,tier3,10,Undergraduate student with low intent.,10,true
L1069,tier2,60,AI Engineer at a dental group showing strong GPU trial spikes and doc traffic.,5,true
L2189,tier2,50,Software engineer at a large software enterprise with low intent.,5,true
L1189,tier3,10,Student on an .edu domain with opt-out flags.,10,true
L2453,tier2,75,MLOps Engineer at Finetune Labs with strong surging intent and recent funding.,20,true
L2516,tier3,25,"Account Executive at an AI software company, not an infrastructure decision-maker.",5,true
L2289,tier3,30,"Freelancer at an educational institution showing some intent, but ambiguous profile fit.",10,true
L2423,tier3,5,"Executive assistant with a freemail address, email opt-out, and DNC flag set. Although intent shows high hiring for ML roles, this lead is non-technical and completely unaligned.",15,true
L2505,tier2,65,"Senior ML Engineer at an AI/ML software company. Despite low intent score, the title and company profile make this a solid technical developer-led growth opportunity.",10,true
L1456,tier3,10,Sales Development Representative at a dental group. High intent and engagement signals are likely noise or generated by other evaluation efforts within the account.,10,true
L1259,tier3,30,"Accountant at an AI/ML software company with high intent and GPU usage trial spikes. While the company profile is relevant, the individual is non-technical and uses a freemail address.",10,true
L1240,tier3,25,Director of AI at a food and beverage company. High title seniority but outside the core software/AI target industry.,5,true
L2486,tier3,35,VP Data & AI at an AI/ML software company. Low intent score and competitor tool churn signal suggest low near-term conversion despite the senior title.,15,true
L1799,tier3,15,Advisor at an insurance company. Low intent score and traditional industry make this a poor fit for GPU infrastructure.,5,true
L1897,tier3,10,Business Analyst at a churned/closed account with low intent score and non-technical role.,10,true
L1956,tier2,90,"VP of AI Infrastructure at an AI/ML software company with high intent, surging activity, GPU usage trial spikes, and increased documentation traffic.",35,false
L1295,tier3,40,Enthusiast at a state university (.edu domain) with medium intent and GPU usage trial spike. Educational profile limits near-term paid conversion potential.,20,true
L2764,tier3,35,Accountant at an AI/ML health company showing strong intent and competitor churn signals. High intent is offset by a completely non-technical role.,15,true
L1608,tier2,85,"Senior Software Engineer at an AI/ML software company with high intent, surging activity, and competitor tool churn signal. Excellent fit for product-led growth.",30,true
L1566,tier2,20,Advisor at Opsfleet (Software) with low intent and closed-lost CRM status. Likely a dead opportunity despite software industry alignment.,35,false
L1763,tier3,10,"Lead has a missing job title, email opt-out, DNC flag, and is marked as churned in CRM, despite working at an AI/ML company.",10,true
L1108,tier2,80,Senior Software Engineer at an AI/ML software company with medium-high intent and competitor tool churn signal.,25,true
L2738,tier2,80,Senior Software Engineer at an AI/ML software company with positive intent signals including competitor tool churn and pricing page visits.,25,true
L2096,tier3,10,Social Media Manager at LedgerWorks with very low intent score. Non-technical role.,10,true
L2132,tier2,75,"Deep Learning Engineer at an AI/ML software company. Strong technical alignment, though intent score is currently low.",20,true
L1116,tier3,10,"Operations Manager at a marketing company with closed lost status, email opt-out, and DNC flag set.",10,true
L1734,tier3,25,Recruiter at Summit Dental Group. High intent signals are likely driven by recruiting or other non-infra activity within the account.,5,true
L1831,tier3,50,"Missing job title at an AI/ML software company using a freemail address, but shows good engagement and intent signals like GPU trial spikes.",30,true
L1873,tier2,70,Data Scientist at a large enterprise company with high intent and surging activity including recent funding rounds and documentation traffic.,15,true
L1219,tier2,85,"DevOps Engineer at Orbital Mind (AI/ML software) with high surging intent, increased docs traffic, and GPU usage trial spike.",30,true
L1731,tier2,88,"Research Engineer at an AI-focused company with very high intent (95), surging activity, and GPU usage trial spikes.",33,false
L2038,tier2,75,NLP Engineer at Signalfold with medium intent and recent GPU usage trial spike. Excellent technical fit.,20,true
L2010,tier2,80,Software Engineer at EmbedIQ (AI/ML software) with converted CRM status and competitor tool churn signals.,25,true
L1950,tier2,60,"Head of AI with a senior decision-maker title, but company details are completely missing and intent score is low.",5,true
L1185,tier3,5,Missing title at a nail salon with very low intent score. Completely irrelevant for AI cloud infrastructure.,15,true
L2703,tier3,15,Financial Analyst at a paytrellis with low intent score and non-technical role.,5,true
L2512,tier1,95,Founder at Lumina ML (AI/ML software company) with high surging intent and GPU usage trial spikes. Prime sales target.,5,true
L2107,tier2,55,"ML Engineer with a competitor churn signal, but sparse company data and unverifiable industry present risks.",0,true
L2853,tier3,30,"Student at an institute of technology. High intent and open opportunity, but academic domain makes them a poor fit for near-term revenue.",10,true
L1729,tier2,88,"AI Engineer at Software company showing strong intent, surging footprint, and competitor churn signals.",33,false
L2654,tier3,25,Consultant in insurance industry. Medium intent signals but low relevance for GPU infrastructure.,5,true
L2364,tier2,92,"Existing customer contact with high intent, surging metrics, and competitor churn indicators.",37,false
L1903,tier2,40,"Computer Vision Engineer with open opportunity in CRM, but very low intent score and missing company profile details.",15,true
L1077,tier3,10,"Freelancer using a freemail address, churned status, and education industry background.",10,true
L1362,tier3,45,"SDR role at Apptide with high intent and funding signals, but sales role limits technical relevance.",25,true
L2695,tier3,20,ML engineer at a bakery using a freemail address. High intent signals are likely noise or irrelevant use-case.,0,true
L2521,tier2,75,"Deep Learning Engineer with surging intent and hiring signals, despite missing firmographics.",20,true
L2739,tier2,60,"Research Scientist at AgentStack. Technical IC role aligns well, though current intent is low.",5,true
L1965,tier2,65,Indie hacker in AI/ML software. High potential user for PLG despite ambiguous title.,10,true
L1367,tier2,80,Director of Machine Learning with decision-making authority and GPU usage trial spike.,25,true
L2568,tier3,35,"Director of Machine Learning in automotive industry. Good seniority and intent, but traditional industry limits immediate fit compared to native AI.",15,true
L2566,tier3,5,Student role with email opt-out and DNC flags set.,15,true
L1622,tier3,30,Customer Success Manager in AI software. Non-technical role reduces near-term sales conversion probability.,10,true
L2382,tier2,85,"Research Scientist at Modelry with high intent, surging footprint, and competitor churn signal.",30,true
L1103,tier2,50,Advisor role with medium intent. Ambiguous seniority level makes immediate sales qualification moderate.,5,true
L1160,tier3,20,Missing job title and unqualified status in CRM despite medium pricing page intent.,0,true
L1885,tier2,50,"Platform Engineer with closed-lost history, but shows trial spike and ML hiring intent signals.",5,true
L2106,tier3,30,Financial analyst with high intent signals; likely evaluating infrastructure spend rather than deploying models.,10,true
L2016,tier3,40,"Managing Partner at an AI company. Senior executive who may be a buyer, but non-technical role and low intent limit score.",20,true
L1750,tier3,35,Sales Development Rep at cloudspan. Non-technical role reduces fit.,15,true
L1343,tier3,30,Managing Partner at a marketing agency. Non-technical role and industry reduce infrastructure relevance.,10,true
L1172,tier3,15,Consultant with low intent score and sparse company details.,5,true
L1278,tier3,25,Social media manager in landscaping services. Low technical and industry fit.,5,true
L1244,tier2,75,Software Engineer at Corticon AI. Good technical IC fit with solid intent signals.,20,true
L1996,tier3,60,"High intent score and pricing page visits, but missing job title presents uncertainty.",40,false
L2669,tier2,65,"ML Engineer at DataBarn. Strong technical fit, though low current intent score.",10,true
L2536,tier2,85,Co-Founder & CTO at an AI startup. Excellent decision-maker seniority and technical relevance.,30,true
L2030,tier2,45,"Technical SWE at an AI/ML company with low intent and freemail, making them a moderate nurture opportunity.",10,true
L1984,suppress,10,"Software engineer at a competitor cloud company, correctly flagged for suppression despite moderate intent.",,true
L1522,tier3,30,"Managing partner using freemail at a general software company showing decent intent, but non-technical role reduces product fit.",10,true
L1627,tier2,50,"Deep learning engineer at a large unverified industry company, low intent but strong technical alignment.",5,true
L2481,tier2,55,"Independent consultant in AI/ML software with medium intent and competitor churn signal, decent self-serve potential.",0,true
L2476,tier2,82,"Platform engineer with high surging intent, trial spike, and past campaign engagement from an existing contact record.",27,true
L2232,tier2,88,"ML engineer at a small AI/ML startup with very high surging intent, funding, and competitor churn signals.",33,false
L1008,tier2,85,"VP of AI Infrastructure with high intent, surging trial spike, and positive past engagement, despite missing company metadata.",30,true
L1466,tier3,15,MS student using outlook from an education institution; high intent signals likely reflect academic research rather than enterprise sales.,5,true
L2852,tier2,52,Senior ML engineer at PayTrellis with low intent but good technical fit for self-serve.,3,true
L1454,tier3,5,Sales development rep at a healthcare company with low intent; poor fit for GPU infrastructure.,15,true
L1395,tier3,12,"Executive assistant at a software company, non-technical role with low intent.",8,true
L1771,tier1,90,"CTO at a surging AI/ML software company with high intent, recent funding, and pricing page visits.",0,true
L2523,tier2,60,"CTO at a tiny AI/ML startup, strong title and industry but low current intent score.",5,true
L1461,tier2,75,"ML engineer with high surging intent and trial spike, despite freemail and unverified company profile.",20,true
L1942,tier2,48,DevOps engineer at a small AI/ML company with low intent; standard nurture candidate.,7,true
L1166,tier3,35,Missing job title at an AI/ML company with moderate intent; sparse lead data limits targeting confidence.,15,true
L1066,tier3,20,Academic postdoc at a university using freemail; traffic likely academic research rather than enterprise purchase.,0,true
L1402,tier3,10,Builder title with very low intent at a software company.,10,true
L1568,tier2,65,Machine learning engineer at an AI/ML company with medium intent and pricing page visits.,10,true
L1304,tier2,45,"Existing cohort ML engineer with moderate intent, but sparse firmographic details.",10,true
L1597,tier3,40,Director of AI at a fitness studio using freemail; decision-maker title but mismatched industry context.,20,true
L1380,tier3,5,Student at a polytechnic institute with an educational domain and closed-lost history.,15,true
L1442,tier2,70,Research engineer at an AI/ML software company showing high surging intent and trial spikes despite freemail.,15,true
L2158,tier3,25,Executive assistant at a marketing agency with extremely high intent; likely researching on behalf of leadership or evaluating auxiliary tools.,5,true
L2547,tier1,60,"Co-founder at a software company with low intent, but active DNC/opt-out flags require sales caution.",30,true
L2679,tier3,20,Enthusiast title at an institute of technology with an educational domain.,0,true
L2576,tier1,78,"CTO at a surging AI/ML software startup with high decision-maker authority, despite personal email usage.",12,true
L2686,tier3,30,"Missing job title at an AI/ML startup using freemail, limiting intent context.",10,true
L2283,tier1,82,Head of Platform at an AI/ML software company with high surging intent and competitor churn signals.,8,true
L1203,tier2,75,"High intent score with recent funding and expanded infrastructure footprint, combined with an MLOps title. Strong candidate despite unverifiable exact industry.",20,true
L2234,tier2,40,"Technical IC at an AI/ML company, but intent signals are very low and company size is missing.",15,true
L1582,tier3,15,"Non-technical role (Account Executive) at a fitness studio using a freemail address. Despite a GPU trial spike intent signal, this is likely an outlier or misconfigured tracking.",5,true
L1385,tier2,45,"Applied Scientist at an AI/ML company. Intent is low right now, but technical relevance makes them a decent nurture candidate.",10,true
L1401,tier3,20,"Customer Success Manager in Travel using freemail. Despite some campaign engagement, role is non-technical and poor fit for GPU cloud.",0,true
L1633,tier2,82,"Research Engineer with high intent, surging activity, competitor churn signal, and active hiring for ML roles. Excellent near-term opportunity.",27,true
L1386,tier1,95,"Co-founder at an AI/ML software company with multiple high-intent signals (pricing views, competitor churn, infra expansion) and strong campaign engagement. Perfect tier 1 target.",5,true
L1654,tier3,10,"PhD Student at an academic institution (.edu domain). While there is an open opportunity, academic accounts are typically lower-monetization self-serve or grant-funded.",10,true
L2694,tier1,50,"CTO at an AI/ML company, but CRM notes show them as churned/unqualified and low intent. Elevated risk despite strong title.",40,false
L2626,tier2,35,"ML Engineer at a large software company, but marked as churned in CRM with low-to-medium intent.",20,true
L1389,tier1,88,"Fractional CTO with high surging intent (docs, pricing) at an AI/ML company. Uses freemail but identity resolved with high confidence.",2,true
L1523,tier3,25,Financial Analyst in construction using freemail. High intent signals are likely noise or attributed incorrectly to the account.,5,true
L2575,tier2,85,"Head of Machine Learning at an AI/ML startup with high intent, surging GPU trials, and increased documentation traffic.",30,true
L2729,tier2,60,"Co-Founder & CTO with decision-maker authority, though current intent score is low.",5,true
L1277,tier2,55,NLP Engineer at an AI/ML company with medium intent and recent funding. Solid technical fit for nurture.,0,true
L2869,tier3,10,Student at a polytechnic institute with academic domain. Low intent and educational context.,10,true
L2582,tier3,5,Freelancer with DNC flag and email opt-out set to true in HubSpot. High compliance risk; should be suppressed.,15,true
L2338,tier2,70,"Senior Data Scientist with very high intent (94), surging competitor churn signals, and funding. Company industry is unverifiable but technical profile is strong.",15,true
L2018,tier3,15,Operations Manager at a fitness studio. Non-technical role with no relevant industry fit for AI infrastructure.,5,true
L2595,tier2,92,"Chief AI Officer at an AI/ML startup with high intent, surging signals, competitor churn, and GPU trial spikes. Prime sales opportunity.",37,false
L2604,tier3,20,Missing job title and low intent score. Hard to qualify effectively.,0,true
L1372,tier1,50,"Head of Data Science at an AI/ML company with decision-maker title, but uses personal email and has very low intent.",40,false
L1554,tier3,15,Postdoc in an educational institution with low intent. Better suited for self-serve or academic programs.,5,true
L2827,tier3,15,Hobbyist using freemail with no company association. Unlikely to be a commercial sales opportunity.,5,true
L2824,tier2,45,ML Engineer at a large enterprise company with low intent. Standard technical IC profile.,10,true
L1192,tier2,80,"Software Engineer at an AI/ML company with high intent, surging signals, and positive campaign responses.",25,true
L2603,tier2,40,Software Engineer at a software company with low intent signals and missing company size.,15,true
L2185,tier3,30,"Data Scientist in the insurance industry. Technical role, but outside core AI/ML software vertical and low intent.",10,true
L2155,tier1,90,Founder/CEO at an AI/ML software company with strong campaign engagement and medium-high intent signals.,0,true
L2546,tier2,45,"Head of Engineering at a dental group. Senior technical title, but mismatched traditional industry with medium intent.",10,true
L1710,tier2,25,Advisor title at a very small AI company with low intent and only slight docs traffic.,30,true
L2072,tier2,40,"AI Engineer is a solid technical persona, but company size/industry is blank and intent is minimal.",15,true
L1125,tier2,85,High intent score with surging competitor churn signal and increased docs traffic from an NLP engineer.,30,true
L1205,tier1,75,Head of MLOps at an AI software company showing a GPU usage trial spike and competitor churn signal.,15,true
L1757,tier2,25,"Advisor title with moderate internal intent, but ambiguous seniority.",30,true
L1576,tier3,10,"Missing job title from a university, very low intent.",10,true
L2081,tier1,70,"Head of Engineering at an AI/ML software startup, though using a personal email.",20,true
L2596,tier2,80,Founder/CEO of an AI software company with high surging intent and GPU trial spike.,25,true
L1326,tier2,45,"Platform engineer previously closed lost in Salesforce, showing some recent pricing page and hiring intent.",10,true
L2262,tier3,5,"Hobbyist title from a university domain, negligible commercial opportunity.",15,true
L1368,tier2,35,"Deep Learning Engineer at a small AI lab, low intent score.",20,true
L2886,tier3,15,Office manager is a non-technical role despite competitor churn intent signals at the account level.,5,true
L2393,tier3,20,"Head of Engineering with high intent signals, but company is in Construction, not AI/ML.",0,true
L2647,tier1,65,"Founder/CEO at a large software company, though intent score is currently low.",25,true
L1943,tier2,40,"ML Engineer with missing company and industry, though account shows ML hiring and competitor churn signals.",15,true
L1388,tier2,30,"MLOps engineer at a mid-sized AI software company, but low intent.",25,true
L2573,tier3,15,Missing job title at an AI startup with low intent.,5,true
L2088,tier2,55,DevOps engineer at a software firm with medium intent and expanded infra footprint.,0,true
L1002,tier2,60,"SVP Engineering and existing customer in HubSpot, though company details are missing.",5,true
L1199,tier3,10,"Accountant at a bakery with no technical alignment, despite high random intent signals.",10,true
L1327,tier3,30,"Software engineer at a fitness company with open opportunity, but outside the core AI/ML ICP.",10,true
L1764,tier2,40,"NLP engineer using a personal freemail address, unverified firmographics.",15,true
L1464,tier1,70,Head of Data Science at an AI software company with prior campaign engagement.,20,true
L2490,tier2,65,Founder at an early-stage AI software company with an open opportunity in Salesforce.,10,true
L1934,tier2,35,DevOps engineer at a large AI software company with low intent.,20,true
L2673,tier3,10,"PhD student using a freemail address, academic background.",10,true
L2138,tier2,45,MLOps engineer at an AI software enterprise with an open deal in HubSpot.,10,true
L2141,tier2,45,Head of Data Science with missing company information.,10,true
L2238,tier2,35,"Infrastructure engineer at an AI company, but low intent.",20,true
L2325,tier2,45,Senior Software Engineer at an unverified company with medium intent.,10,true
L1481,tier3,25,Non-technical job title at a large software company with only low intent signals.,5,true
L1331,tier3,5,"Irrelevant industry (Beauty), non-technical role, churned status, and email opt-out / DNC flags.",15,true
L1484,tier3,10,"Fitness industry, non-technical title, email opt-out, and DNC flag present.",10,true
L1880,tier3,15,Missing job title and using freemail domain with low intent.,5,true
L1107,tier3,30,Managing partner at an unknown industry small lab with low intent.,10,true
L1101,tier2,95,"Director of Machine Learning with high surging intent, GPU usage trial spike, and open Salesforce opportunity.",40,false
L1978,tier3,15,Office manager role despite high intent signals at the account level.,5,true
L1444,tier3,20,"CTO role, but company is in the Beauty industry rather than AI/ML or software.",0,true
L1708,tier3,25,Technical role in a marketing agency using freemail.,5,true
L1990,tier2,60,Computer Vision engineer at an AI/ML software company using freemail.,5,true
L2228,tier1,95,Head of ML at an AI/ML company showing strong surging intent and trial spikes.,5,true
L2553,tier3,10,"Project manager in healthcare, existing customer context with no technical alignment.",10,true
L1610,tier2,55,DevOps engineer with missing company profile details.,0,true
L1911,tier3,35,PhD candidate at an academic institution showing high intent spikes.,15,true
L2416,tier1,85,Head of Machine Learning at a software company with strong medium-high intent.,5,true
L1300,tier2,65,Software engineer at PayTrellis using freemail.,10,true
L1933,tier2,40,"Staff engineer with churned status, email opt-out, and DNC flags.",15,true
L1370,tier2,70,Infrastructure engineer at Loopware with GPU trial spike signals.,15,true
L2652,tier3,5,Accountant in real estate with very low intent.,15,true
L1973,tier1,90,SVP Engineering at an AI/ML software company with competitor churn and hiring signals.,0,true
L2452,tier3,20,Missing job title at a large software company.,0,true
L2511,tier2,60,"Computer vision engineer with high intent, but has an email opt-out and DNC flag.",5,true
L2324,tier2,65,DevOps engineer responding to serverless launch campaign with positive intent.,10,true
L2506,tier2,80,MLOps engineer at an AI/ML software company with high surging intent and GPU trial spikes.,25,true
L1432,tier3,85,VP Data & AI with maximum intent score and surging signals; misclassified as tier3 by deterministic rules due to title string parsing.,65,false
L2316,tier3,15,Missing job title using freemail at a fitness company.,5,true
L1417,tier2,70,Data scientist at Cloudspan with medium intent and competitor churn signals.,15,true
L2366,tier3,25,Operations manager in automotive despite campaign engagement.,5,true
L2653,tier3,10,Financial analyst using freemail without a company.,10,true
L2513,tier3,20,Office manager using freemail at a software company despite high account-level intent.,0,true
L1237,tier3,5,Non-technical content writer role with opt-out status and DNC flag set in Salesforce. Low sales potential.,15,true
L2489,tier2,40,"SRE at a software company using a freemail address. Low intent score, but technical role in an appropriate sector.",15,true
L1311,tier2,88,"Machine Learning Engineer at a large software company showing high surging intent, docs traffic, and pricing page visits.",33,false
L2788,tier2,15,"CEO at Disney with missing company size, country, and industry data. Likely low relevance or test data submission.",40,false
L1250,tier3,20,"Technologist with an opted-out email and DNC flag. Despite positive engagement history, cannot be contacted.",0,true
L1904,tier1,75,"Director of Platform Engineering at a software company. High seniority and relevant title, despite low current intent score.",15,true
L2402,tier3,10,"Sales Development Rep at an AI/ML software company. Non-technical role, unlikely to be a purchaser of GPU cloud infrastructure.",10,true
L1991,tier2,45,Sr. Data Scientist using freemail with missing company information. Strong technical profile but sparse corporate context.,10,true
L2355,tier2,78,Head of AI at a small AI/ML startup with active campaign responses and medium intent. Strong fit despite email opt-out in SF.,23,true
L1999,tier2,82,Machine Learning Engineer with an open opportunity already in Salesforce. Excellent target profile with active interest.,27,true
L1440,tier2,60,Computer Vision Engineer at a small company with a GPU usage trial spike. Highly relevant technical use case.,5,true
L1449,tier3,30,PhD student at a university showing high intent and surging signals. Academic use case rather than immediate enterprise commercial deal.,10,true
L2080,tier2,85,"Staff Engineer showing high intent, surging docs traffic, and a GPU usage trial spike. Excellent PLG target.",30,true
L1534,tier1,90,Head of MLOps at a mid-sized software company with strong intent and active HubSpot record. Prime tier 1 sales target.,0,true
L1697,tier2,50,"Platform Engineer using a Yahoo freemail address. Decent firmographics and intent, but freemail lowers confidence.",5,true
L2023,tier2,65,"Owner of an AI/ML software startup. Decision-maker in the correct industry, though intent is currently low.",10,true
L2265,tier3,40,"VP of Engineering at a travel company with very high intent and an open deal. Assigned to tier 3 due to non-AI industry, but worth reviewing given engagement.",20,true
L1895,tier2,55,"Applied Scientist using freemail who is marked as Closed Lost in Salesforce. Good technical fit, but previous loss requires care.",0,true
L1459,tier3,25,Technologist with an ambiguous title at a software company. Low intent and limited actionable signals.,5,true
L2529,tier1,85,Founder/CEO of an AI/ML software startup. Ideal high-value target for GPU cloud infrastructure.,5,true
L2221,tier3,15,Builder title using a freemail address at a small startup. Very sparse signals and unclear technical authority.,5,true
L1487,tier3,,,,true
L1157,tier3,,,,true
L1318,tier3,5,Student at a polytechnic using a freemail address. Low commercial potential.,15,true
L2143,tier2,70,DevOps Engineer at a large AI/ML software company with moderate intent and GPU usage signals.,15,true
L2524,tier3,20,Business Analyst marked as churned in CRM. Non-technical role with low alignment.,0,true
L1169,tier3,55,"SWE at a dental group. Technical IC role, but the healthcare industry implies lower probability of heavy AI model training workloads compared to pure-play tech.",35,false
L1488,tier2,75,AI Engineer using a freemail address at Axon Research. Strong technical role and intent signals despite freemail usage.,20,true
L1513,tier3,15,HR Manager at a robotics company. Non-technical administrative role.,5,true
L1051,tier3,10,Social Media Manager at a software company. Non-technical marketing role.,10,true
L1470,tier3,45,"High intent signals and surging activity present, but freemail address from an educational institution with missing job title and low identity confidence.",25,true
L2251,tier2,88,Senior ML Engineer at a software company showing high intent with GPU usage trial spikes and recent funding.,33,false
L1036,tier2,65,"Machine Learning Engineer with high internal intent score, but lacking company and industry context.",10,true
L2381,tier2,35,"Research Scientist with low intent score and no current surging signals, despite past campaign engagement.",20,true
L2723,tier3,20,Non-technical financial analyst in a travel industry company unlikely to utilize GPU infrastructure directly.,0,true
L1611,tier3,30,"Marketing manager at a dental group showing some digital intent, but role is non-technical and industry is irrelevant.",10,true
L1807,tier2,82,AI Engineer at a small company showing strong surging intent with pricing page visits and funding.,27,true
L2094,tier3,15,Graduate student at an educational polytechnic with low intent and academic context.,5,true
L2688,tier2,75,Senior ML Engineer at an AI company with moderate intent and GPU usage trial spikes.,20,true
L2909,tier2,40,"Computer Vision Engineer with moderate intent, but previously marked as closed-lost/churned in CRM.",15,true
L1650,tier2,55,"NLP Engineer in AI/ML software, but intent score is very low with no current surging signals.",0,true
L2587,tier3,25,Senior Data Scientist at a nail salon using freemail; role is technical but company context is completely misaligned.,5,true
L2535,tier2,60,"CTO with high intent and surging metrics, but has opted out of emails and is flagged for DNC.",5,true
L1599,suppress,10,CEO at a competitor cloud provider; high intent signals likely represent competitive intelligence gathering.,,true
L1140,tier2,85,Senior ML Engineer at an AI software company with high surging intent and GPU trial spikes.,30,true
L2059,tier3,12,PhD student with very low intent and no company profile provided.,8,true
L1634,tier3,50,"Existing cohort lead with moderate intent and trial spikes, but missing a job title.",30,true
L2560,tier2,95,MLOps Engineer at an AI software company with maximum intent score (100) and strong surging metrics.,40,false
L1744,tier2,70,Senior ML Engineer at a mid-sized company with moderate intent and GPU usage trial spikes.,15,true
L1862,tier3,22,Executive assistant at an automotive parts company; non-technical role with low alignment.,2,true
L1625,tier2,78,Head of AI at a small AI company with high surging intent and infrastructure expansion signals.,23,true
L1530,tier3,25,Project manager in insurance sector with low-to-moderate intent and previous closed-lost CRM status.,5,true
L1617,tier3,30,Independent consultant at a logistics company with low intent score and ambiguous title.,10,true
L1581,tier2,86,"Senior ML Engineer at an AI company showing high surging intent, infrastructure footprint expansion, and hiring signals.",31,false
L1207,tier3,52,AI software company lead with missing job title but moderate intent and competitor churn signals.,32,false
L1667,tier2,80,VP of AI Infrastructure at an AI company showing funding and hiring signals.,25,true
L1787,tier3,32,Marketing manager at an insurance company; high campaign engagement but non-technical role.,12,true
L1539,tier2,90,Infrastructure engineer at a software company with very high intent (94) and funding signals.,35,false
L1004,tier2,40,Consultant at software company with low intent and previous closed-lost status.,15,true
L2202,tier2,92,Software engineer at a large company with near-maximum intent score (97) and heavy pricing page/GPU trial activity.,37,false
L1527,tier2,45,"Software engineer at an AI/ML company with low intent and sparse firmographic signals. Good technical fit for PLG, but limited immediate sales trigger.",10,true
L2166,tier2,88,"NLP Engineer with high intent, surging GPU usage trial, and campaign engagement. Excellent near-term opportunity despite technical IC title.",33,false
L2644,tier1,78,"SVP Engineering at LegalMind AI, an open opportunity in HubSpot with recent funding. Strong enterprise decision-maker fit.",12,true
L1844,tier2,55,Data Scientist at Corticon AI with medium intent and surging pricing page visits. Solid self-serve or bottom-up adoption potential.,0,true
L1739,tier1,95,"CTO at Signalfold with very high intent, funding, expanded infra, and competitor churn signals. Top-tier enterprise sales target.",5,true
L1221,tier2,40,"Advisor role with ambiguous influence and low intent, despite a GPU trial spike. Better suited for nurture.",15,true
L1258,tier2,58,"Senior Software Engineer at an AI startup. Good technical fit for bottom-up adoption, moderate signal.",3,true
L1628,tier1,82,Founder & CEO at RoboticsOne with high intent and surging infrastructure signals. Strong near-term sales opportunity.,8,true
L1514,tier2,30,Machine Learning Engineer using a freemail address at a small firm. Data indicates identity resolution issues and potential personal sign-up.,25,true
L2569,tier2,62,AI Engineer at promptline showing increased docs traffic and ML hiring surges. High relevance for product-led growth.,7,true
L1592,tier2,50,"VP of Engineering with missing industry details in CRM, showing low intent. Senior title warrants monitoring.",5,true
L1113,tier2,48,Software engineer at an early-stage AI health company. Standard PLG profile with modest internal intent.,7,true
L2538,tier3,25,Postdoc using an iCloud freemail address. High intent signals are likely academic research rather than enterprise sales opportunity.,5,true
L1301,tier3,20,Customer Success Manager in non-AI software using a freemail address. High intent is likely unrelated to core AI infrastructure buyer profile.,0,true
L2730,tier3,22,"Graduate student at a university using a Yahoo address. High surge signals reflect academic workloads, not commercial pipeline.",2,true
L2548,tier2,65,Software engineer at PayTrellis with maximum internal intent score. Strong candidate for product-led growth.,10,true
L1721,tier2,35,Fractional CTO at an insurance firm with low intent and missing firmographic clarity. Limited near-term traction.,20,true
L1289,tier2,60,ML Engineer at Neuralight with medium intent and competitor churn signals. Good technical contact for bottom-up evaluation.,5,true
L1900,tier3,30,Business Analyst at a financial ledger company. High intent score is offset by non-technical role suitability.,10,true
L2217,tier3,15,"Recruiter at SynthWorks AI. High intent score driven by hiring/funding signals, but completely irrelevant to infrastructure sales.",5,true
L1570,tier3,10,Principal at a fitness studio. Completely mismatched industry and role for AI infrastructure.,10,true
L2642,tier1,72,"Founder at Cascade AI. High-value decision maker role in an AI company, though intent score is currently low.",18,true
L2519,tier2,50,CEO at an unverified company name ('shipmate') with medium intent. High-level title but lacks firmographic data.,5,true
L1557,tier3,40,"Missing job title at RoboticsOne, though associated with an open deal in HubSpot. Requires manual enrichment to qualify properly.",20,true
L1730,tier3,25,"PhD candidate using freemail with no company association, despite high intent surge. Academic use case.",5,true
L1526,tier3,20,Operations Manager at an insurance firm. Non-technical role with low intent signals.,0,true
L2216,tier2,58,Backend Engineer at Cloudspan with trial spike signals. Strong technical evaluator for infrastructure.,3,true
L2200,tier3,12,Recruiter at a landscaping business. Irrelevant lead for AI compute infrastructure.,8,true
L2042,tier1,75,"CTO at Cascade AI. Decision-maker title at an AI company, making them a strong sales candidate despite modest intent.",15,true
L1585,tier3,45,"Missing job title at Signalfold, but backed by medium intent and funding signals. Worth investigating via account-based context.",25,true
L2079,tier2,25,"CTO title at an automotive parts company with freemail, missing company size/industry, and very low intent. Unlikely to be a near-term GPU buyer.",30,true
L1170,tier2,45,"VP of Engineering at an AI/ML software company with past campaign engagement, but CRM shows closed-lost status and low current intent.",10,true
L2706,tier2,50,"Applied Scientist at an AI/ML company with relevant background and clicked pricing, though intent remains low.",5,true
L2436,tier1,92,"SVP Engineering at a mid-to-large AI/ML software company with high surging intent, recent funding, and pricing page visits.",2,true
L2651,tier2,60,"SRE at an enterprise AI/ML software company with medium intent, hiring signals, and trial spike.",5,true
L1669,tier1,75,"SVP Engineering at a large AI/ML software company, though intent score is relatively low. Strong decision-maker potential.",15,true
L2188,tier3,20,Non-technical technologist title at a mid-sized company with missing industry data and low intent.,0,true
L2705,tier3,2,Product Marketing Manager at a nail salon with explicit email opt-out and DNC flags. High risk of being spam.,18,true
L1773,tier3,30,Owner at a mid-sized company with no specified industry and medium intent. Unlikely to need high-end GPU clusters.,10,true
L2241,tier2,85,"Staff Engineer at an AI/ML software company with high surging intent, infrastructure expansion, and pricing visits.",30,true
L1525,tier1,90,Head of Engineering at an existing customer AI/ML company showing good intent signals.,0,true
L1555,tier3,5,"Product Marketing Manager at a software company using freemail, with email opt-out and DNC flag.",15,true
L2564,tier2,65,"ML Engineer at an AI/ML software company showing competitor tool churn signals and medium intent, despite past unqualified status.",10,true
L1215,tier3,10,Marketing Manager at a tiny bakery. Completely irrelevant target profile.,10,true
L2708,tier1,70,"Head of Engineering at a software company. Churned customer status, but high seniority role keeps potential viable.",20,true
L2297,tier2,82,"Deep Learning Engineer at a small company with high surging intent, pricing visits, and infra expansion.",27,true
L2440,tier3,15,Sales Development Rep at a software company. Non-technical role.,5,true
L1682,tier2,72,Director of AI at a small AI/ML software startup with surging intent and pricing visits.,17,true
L1503,tier3,40,"Consultant at an AI company with high intent and campaign engagement, but opted out of emails.",20,true
L1239,tier2,68,"Director of Infrastructure with high surging intent and competitor churn signals, but missing company data.",13,true
L1262,tier3,12,Hobbyist at an academic educational institution (.edu domain equivalent). Low commercial sales value.,8,true
L1313,tier3,55,Missing job title at an AI/ML software company with very high intent and funding signals.,35,false
L1797,tier2,65,"Head of Platform at an AI/ML company using freemail, but showing good intent and firmographics.",10,true
L1437,tier2,52,Platform Engineer at a software company with low intent.,3,true
L1692,tier3,58,Existing contact with missing job title at a software company showing medium intent and infra expansion.,38,false
L2303,tier2,60,Deep Learning Engineer at an AI/ML software startup using freemail.,5,true
L2304,tier3,35,Managing Partner at an AI/ML software company with low intent. Converted contact but non-technical role.,15,true
L1583,tier3,10,Accountant at a construction company using freemail. Unqualified and irrelevant.,10,true
L1887,tier2,78,"Software Engineer at a software company with very high surging intent, competitor churn signals, and open deal status.",23,true
L1774,tier2,48,Sr. Data Scientist at an AI/ML company with closed-lost status and low intent.,7,true
L2678,tier2,55,"Data Scientist at Nimbus ERP with software background and engagement on documentation, but low intent score.",0,true
L1021,tier2,60,Computer Vision Engineer at TensorLoop; technical role in AI-adjacent field despite missing explicit industry tag.,5,true
L1549,tier3,15,Indie hacker at an Institute of Technology; academic domain with minimal intent.,5,true
L1272,tier2,40,"Fractional CTO at a construction company, showing a GPU usage trial spike despite non-tech industry.",15,true
L1217,tier3,30,Social Media Manager at TokenWorks; non-technical role despite strong company intent.,10,true
L1281,tier3,20,Enthusiast at Central Polytechnic; academic domain with medium intent but not a core sales target.,0,true
L2762,tier2,90,"ML Engineer at Neuralight with very high intent and surging signals, indicating strong near-term opportunity.",35,false
L2503,tier3,10,Customer Success Manager at an insurance firm with email opt-out and DNC flags.,10,true
L2508,tier3,85,"Missing title at TokenWorks, but surging high intent with competitor tool churn signal and open opportunity context.",65,false
L1855,tier1,88,Director of Infrastructure at VoiceForge; highly relevant decision-maker in an AI/ML software company.,2,true
L1110,tier2,92,"Founder/CEO at DataBarn with maximum intent, surging signals, and competitor churn indicators.",37,false
L2299,tier3,25,Enthusiast at a State University; academic institution limits near-term sales potential.,5,true
L1018,tier2,95,VP Engineering at TensorLoop with a perfect intent score and multiple surging metrics.,40,false
L1926,tier2,75,Owner at pipeline labs with high surging intent signals and open deal status in HubSpot.,20,true
L1790,tier3,20,Indie hacker at State University; academic setting reduces enterprise sales viability.,0,true
L2718,tier1,82,VP of Engineering at PayTrellis; solid decision-maker in a software company.,8,true
L2579,tier2,70,Head of Platform at Copilot Health AI; senior technical leader at a tiny AI/ML startup.,15,true
L1360,tier3,10,HR Manager at Peak Fitness Studios; non-technical role in a non-tech industry.,10,true
L1828,tier3,15,Operations Manager at Harborview Logistics; non-technical operational role.,5,true
L1590,tier2,58,Sr. Data Scientist at MetricsHub; solid technical IC profile in software.,3,true
L1754,tier2,65,Data Scientist at TensorLoop; already an existing customer contact showing positive campaign response.,10,true
L2133,tier3,35,Missing job title at RELAYMESH with low intent signals.,15,true
L1857,tier1,94,Head of AI at Formcraft; top-tier technical leadership role with near-maximum intent score.,4,true
L2711,tier3,15,MS Student using a freemail address at Northern University.,5,true
L2599,tier3,10,Executive Assistant at Quantum Nails Salon; completely irrelevant lead profile.,10,true
L2256,tier3,25,Social Media Manager at Nimbus ERP; high company intent does not match the non-technical role.,5,true
L1320,tier3,20,MS Student at Central Polytechnic; academic background with low conversion potential for cloud GPU enterprise sales.,0,true
L2741,tier3,25,Project Manager at Stackline Software; non-technical role despite software industry context.,5,true
L2287,tier3,60,Principal at Finetune Labs; high intent and trial spikes despite ambiguous title and unverified industry.,40,false
L1168,tier2,45,"Sr. Data Scientist at LedgerWorks; technical role with past engagement, but marked as closed-lost in CRM.",10,true
L1097,tier3,25,VP of AI Infrastructure at a logistics company using a freemail address. Low intent score and outside core tech/AI vertical.,5,true
L1333,tier2,45,"CEO title with medium intent and competitor churn signal, but missing company and firmographic data entirely.",10,true
L1335,tier2,85,Computer Vision Engineer at an AI/ML software company with surging high intent and active campaign engagement.,30,true
L2026,tier3,10,Non-technical financial analyst role at a healthcare company using a freemail address. Low relevance.,10,true
L1837,tier2,60,Independent consultant at an AI/ML software company showing medium intent and GPU usage trial spike.,5,true
L1477,tier1,90,Director of AI at a large software firm with surging high intent and recent funding. Excellent sales opportunity despite personal email.,0,true
L1236,tier2,88,ML Engineer at a software company with high surging intent and positive CRM history as an open deal candidate.,33,false
L2067,tier2,50,"Technical IC in computer vision at an AI/ML company, but intent is low and no recent engagement.",5,true
L2862,tier2,30,Applied scientist with low intent and unverifiable company details.,25,true
L2649,tier2,15,"MLOps engineer at a software company, but flagged with DNC and email opt-out in CRM.",40,false
L2498,suppress,5,Deep learning engineer at a known competitor company domain (TensorHive).,,true
L2607,tier3,20,Product marketing manager at a food and beverage company. High intent is likely noise or irrelevant evaluation.,0,true
L1187,tier3,20,Missing job title makes qualification difficult despite moderate intent.,0,true
L2309,tier2,55,Senior data scientist at an AI/ML software company with low immediate intent.,0,true
L2449,tier2,65,SWE at an AI/ML software firm using a freemail address with moderate intent.,10,true
L1681,tier3,10,Non-technical financial analyst with missing company and low intent signals.,10,true
L1350,tier3,15,Hobbyist title at an academic institution (.edu / education industry).,5,true
L2737,tier3,15,Recruiter role at a software company. Non-technical contact.,5,true
L1969,tier3,40,"Fractional CTO at a logistics company showing high intent. Despite decision-maker title, the company is outside the core tech/AI vertical.",20,true
L2368,tier2,80,Existing customer with an open opportunity and technical IC role at an AI/ML software company.,25,true
L1122,tier2,75,Data scientist at an AI/ML company showing high surging intent across multiple metrics.,20,true
L1460,tier2,60,Data scientist at an AI/ML company with prior campaign engagement.,5,true
L2746,tier3,30,"Account executive in a non-technical sales role, despite high intent at an AI/ML company.",10,true
L1528,tier3,5,"Completely anonymous lead with missing title, company, industry, and country.",15,true
L2580,tier2,65,AI engineer at an AI/ML software company in the existing cohort.,10,true
L2767,tier1,88,Head of Engineering at a software company with high surging intent and strong technical seniority.,2,true
L2918,tier2,55,Research scientist with missing company industry details but positive test email patterns and engagement.,0,true
L2013,tier3,10,Student at an educational institution with closed-lost history.,10,true
L1489,tier2,40,"Backend engineer at an AI/ML company with high intent, but flagged with email opt-out and churned status.",15,true
L1196,tier3,25,Missing job title at an AI/ML company with low intent score.,5,true
L2284,tier3,45,"Decent intent and decision-maker title, but company is in Insurance rather than AI/ML, limiting immediate high-volume GPU usage.",25,true
L2339,tier1,70,"Strong enterprise company size and Head of Engineering title in AI/ML software, though intent score is currently low.",20,true
L2105,tier2,88,"High surging intent, active ML hiring, competitor churn signal, and past campaign engagement make this an extremely strong lead despite IC title.",33,false
L2661,tier3,50,"Freemail address and ambiguous consultant title are risks, but strong surging intent and competitor churn elevate potential.",30,true
L2745,tier2,68,"CTO title at a software company with strong intent and surging signals, despite freemail and unverifiable company size.",13,true
L1090,tier3,62,"Managing Partner at an ML company with high intent and surging signals, although title is non-technical.",42,false
L2022,tier3,5,Clear spam/low-fit lead: landscaping company owned by an individual using a freemail address with no technical signals.,15,true
L1564,tier1,65,"Head of ML at a large software company, though intent score is currently low and no recent surge detected.",25,true
L1273,tier3,55,"Shows trial spike and ML hiring signals with a mid-size footprint, though title is ambiguous and industry field is empty.",35,false
L1337,tier2,25,"Marked as churned in CRM with low intent score and freemail address, despite technical research scientist title.",30,true
L1604,tier2,40,"Technical title at an AI company, but very low intent score and lack of firmographic verification offset the potential.",15,true
L2047,tier3,15,"Operations manager in real estate with moderate internal intent, but completely misaligned with AI cloud infrastructure.",5,true
L1382,tier2,85,"Extremely high intent, trial spikes, and recent funding at a software company warrant a sales queue promotion despite ambiguous title.",30,true
L2882,tier2,82,"Existing customer contact with active campaign engagement, high technical relevance, and solid intent signals.",27,true
L2441,tier1,78,"CTO at an AI/ML software company with solid intent signals, though uses a personal proton.me email address.",12,true
L1031,tier2,80,"VP of Engineering with high surging intent and infrastructure expansion signals, despite unverified industry string.",25,true
L2768,tier2,90,"Top-tier intent score, surging competitor churn signals, GPU usage trial spikes, and a direct infrastructure engineering role.",35,false
L2211,tier2,84,"Deep learning engineer showing trial spikes and recent funding surges, highly relevant to GPU infrastructure needs.",29,true
L2275,tier3,10,Missing job title and construction industry background indicate a low-fit lead despite an open deal status in HubSpot.,10,true
L1698,tier1,92,"Existing engaged customer with multiple positive campaign responses, leadership title, and high-value AI company profile.",2,true
L2588,tier3,30,Academic undergraduate background despite extremely high intent signals; likely student research project rather than commercial enterprise sales.,10,true
L1290,tier2,58,"Existing converted contact with technical title, but company firmographics are missing and intent score is low.",3,true
L2779,tier2,40,"Closed-lost CRM status, DNC flag, and email opt-out present major compliance and historical risks despite technical AI role.",15,true
L1071,tier1,89,Founder & CEO at an AI/ML software company with very high internal intent score; prime candidate for sales outreach.,1,true
L1229,tier2,60,Technical consultant at a large AI/ML company showing competitor churn signals and pricing interest.,5,true
L1975,tier2,86,Computer vision engineer at a major software company with strong trial spikes and surging intent signals.,31,false
L1724,tier3,20,"Account executive in a non-technical role, poorly aligned with deep infrastructure sales despite campaign engagement.",0,true
L2646,tier2,65,"Senior software engineer at an AI/ML company with solid technical profile, though intent score is currently low.",10,true
L1524,tier2,91,"Data scientist at a small AI/ML startup with maximum intent, pricing page visits, and competitor churn signals.",36,false
L1851,tier2,72,Computer vision engineer at an AI company with solid funding and infrastructure expansion signals.,17,true
L1201,tier3,25,"High intent score and surging indicators from State University, but the lead is an undergraduate student using a freemail address. While education accounts sometimes churn from competitors, this is not a strong near-term sales/PLG opportunity.",5,true
L2151,tier2,65,"Director of Machine Learning at an AI/ML software company. Despite a small company size (1-10), the title and industry make this a very relevant technical decision-maker profile.",10,true
L2055,tier3,15,Software engineer at a dental group outside of the AI/ML or software sectors with very low intent. Unlikely to be a near-term GPU infrastructure buyer.,5,true
L2237,tier2,40,"Software Engineer at an AI/ML company, but has opted out of email and has a DNC flag set. Although technically qualified, sales engagement is blocked.",15,true
L1652,tier2,78,"Data Scientist at an AI/ML software company with strong high-intent signals (surging pricing page visits, docs traffic, and hiring for ML roles). Despite using a freemail address, the behavioral and firmographic fit is strong.",23,true
L2771,tier3,10,Content Writer at a bakery with low intent. Completely misaligned industry and role.,10,true
L2350,tier3,12,Master's student at a university. Academic domain with low intent score and no commercial buying authority.,8,true
L2910,tier2,75,"Head of Engineering at a company with high intent signals (hiring ML roles, docs traffic, funding). Industry is missing, but title and intent strongly point to a high-value prospect.",20,true
L2064,tier2,60,Research Engineer at an AI/ML software company with medium intent and infrastructure footprint expansion signals. Good technical fit.,5,true
L1626,tier1,68,"Director of Platform Engineering at a mid-sized software company. Strong decision-maker title, though intent score is low and personal email is used.",22,true
L1371,tier2,82,ML Engineer at Voxel Dynamics with high surging intent and active campaign engagement. Existing customer/contact status with strong technical and behavioral alignment.,27,true
L1291,tier3,20,"Product Marketing Manager in software. Non-technical role, though an existing customer, making them a poor near-term direct GPU infrastructure opportunity.",0,true
L2040,tier2,70,Data Scientist at an AI/ML software company with active ML hiring and pricing page engagement. Ideal technical persona.,15,true
L1104,tier3,30,"Project Manager at a construction company. Despite high intent and trial spikes, the role and industry are misaligned with core AI developer infrastructure buyers.",10,true
L2509,tier3,22,Independent consultant at a construction company with a closed-lost status. High intent score is likely noise given the traditional industry context.,2,true
L1354,tier3,15,"Missing job title at a fitness studio. Despite high intent, lack of identity and mismatched industry indicate likely noise or low-quality lead.",5,true
L1353,tier2,65,Software Engineer at a software company with solid intent signals and campaign engagement.,10,true
L2383,tier3,45,"Missing job title but has an open opportunity and high intent. However, the contact has opted out of email and has a DNC flag, restricting outreach.",25,true
L1394,tier3,15,Recruiter at a construction company. Non-technical role and mismatched industry.,5,true
L1141,tier3,25,"PhD student at a university. Academic domain with medium intent, better suited for self-serve or educational programs rather than sales outreach.",5,true
L2485,tier1,88,"Co-Founder & CTO at Neuralight, an AI/ML software company. Perfect decision-maker seniority and industry match.",2,true
L2050,tier2,62,"Software Engineer at an AI/ML software company. Despite a closed-lost status, the technical role and trial spike signals indicate a viable product-led growth prospect.",7,true
L1084,tier2,65,Backend Engineer at a software company with medium intent signals. Good technical profile.,10,true
L2323,tier3,10,"Missing job title, company, and industry. High intent score alone cannot overcome total lack of firmographic and persona data.",10,true
L2263,tier2,75,"Backend Engineer at a software company with very high intent and surging signals (funding, docs traffic, pricing page visits).",20,true
L2556,tier2,68,"MLOps Engineer at a software company using a freemail address. MLOps is a high-relevance persona for GPU infrastructure, though intent is modest.",13,true
L2567,tier2,72,NLP Engineer at a software company with active customer/open deal status and competitor churn signals. High technical alignment.,17,true
L2045,tier2,65,"Data Scientist at a software company with high surging intent and funding signals. Uses freemail and has a closed-lost history, but technical and intent profile is strong.",10,true
L2528,tier2,60,"Staff Engineer at Opsfleet. Strong technical IC title, though industry and company size data are unverified.",5,true
L1504,tier3,18,"Recruiter at Voxel Dynamics. Non-technical role, making them an unlikely near-term buyer despite company context.",2,true
L1492,tier1,75,"Director of Infrastructure at a large AI/ML software company represents an ideal enterprise buyer for Runpod. Although intent is low, seniority and firmographics strongly support immediate sales outreach.",15,true
L1853,tier2,60,"Technical consultant with medium intent and GPU trial spike signals. Solid mid-tier prospect, though consulting titles can sometimes lack direct budget ownership.",5,true
L2233,tier2,85,"Deep Learning Engineer at an AI/ML software company with high intent, high surge, competitor churn signal, and positive historical campaign engagement. Freemail is slightly risky but justified by technical IC role and strong behavioral signals.",30,true
L1994,tier3,40,"NLP Engineer at an insurance company outside the core software/AI industry. Despite medium intent and competitor churn signals, industry vertical limits near-term PLG expansion compared to native AI companies.",20,true
L2031,tier1,80,VP of AI Infrastructure at a specialized AI/ML company showing trial spikes and expanded footprint. Excellent direct target for sales.,10,true
L2003,tier3,15,"Accountant title at voxel dynamics. Even with high surge and trial signals, a non-technical accounting role indicates this is unlikely to be a qualified product-led buyer.",5,true
L1297,tier1,45,"CTO at Streamlyne, but CRM records indicate the lead is explicitly marked as churned with low intent. High seniority does not override churn status.",45,false
L1202,tier2,82,"SVP Engineering with maximum intent score (98), surging signals, funding, and GPU trials. Despite unverified company industry, executive title and heavy intent make this a top-tier sales lead.",27,true
L2859,tier1,88,Director of Platform Engineering at a large software enterprise with high intent and GPU trial spike. Existing HubSpot opportunity stage confirms high near-term sales readiness.,2,true
L2554,tier2,55,"Owner title with medium intent and funding signals at voxel dynamics. Ambiguous title reduces certainty, but company focus and funding keep it moderate.",0,true
L2752,tier2,70,"Software Engineer with high intent, surging GPU usage, and positive campaign response. Strong technical IC lead worth nurturing or pushing to sales.",15,true
L2371,tier3,30,Missing job title and micro company size (1-10) despite high intent signals. High risk of low-quality lead or spam.,10,true
L1026,tier2,65,Data Scientist at a large AI/ML software company with solid intent signals. Good technical fit for bottom-up adoption.,10,true
L1906,tier3,10,Student using freemail from an educational institution. High intent is likely academic research rather than a commercial sales opportunity.,10,true
L2601,tier3,10,Graduate student at an educational institution with CRM status closed lost. Clearly an academic account.,10,true
L1167,tier2,50,"DevOps Engineer using freemail with Mistletoe ML. Hubspot marks as SQL, but missing industry and freemail introduce verification risks.",5,true
L2714,tier3,5,MS Student with missing company details and low intent. Zero commercial value.,15,true
L1341,tier3,25,Project Manager in the automotive industry. High intent signals are likely unrelated to core GPU server workloads.,5,true
L1482,tier3,15,"Builder title with completely missing company and industry data, and very low intent. High noise risk.",5,true
L1545,tier2,82,NLP Engineer at Axon Research (AI/ML software) with high surging intent and expanded footprint. Strong technical bottom-up candidate.,27,true
L1193,tier2,60,"VP Engineering at Vectorly AI. Seniority is excellent, but missing company firmographics and industry create moderate uncertainty.",5,true
L1414,tier3,35,Freelancer at TokenWorks with medium intent. Freelancers rarely represent large enterprise GPU contracts.,15,true
L1427,tier3,20,Project Manager in a non-technical company with very low intent. Unlikely to be a product fit.,0,true
L2691,tier2,65,"Deep Learning Engineer at MetricsHub using a freemail address. Excellent technical role and company profile, slightly offset by personal email domain.",10,true
L2370,tier3,10,Student at a polytechnic institute. Low commercial potential.,10,true
L1668,tier3,20,Customer Success Manager in software. Non-technical go-to-market role with low intent score.,0,true
L2610,tier3,45,"Chief AI Officer at Cornerstone Insurance. C-level title is strong, but insurance vertical means heavy AI adoption is likely internal enterprise IT rather than core model training infrastructure provider.",25,true
L1479,tier2,45,"Research Engineer at Signalfold. Technical IC role, but missing company size and industry data introduce uncertainty.",10,true
L1473,tier2,50,"CEO at DataBarn. Executive title suggests buying power, but missing company and industry data limit confidence.",5,true
L2619,tier1,85,"Head of AI at Apptide, a software company with medium intent and GPU trial signals. Perfect enterprise target for sales queue.",5,true
L1246,tier2,52,ML Engineer at a large AI/ML software company showing modest intent signals. Aligns well with the deterministic tier2 placement.,3,true
L1180,tier2,48,Software engineer at a large software enterprise with mild documentation traffic increase. Good fit for self-serve or nurture.,7,true
L2395,tier2,68,"Research scientist with high internal intent and active engagement in launch campaigns, though small company size.",13,true
L2411,tier2,75,Senior ML engineer who is already an existing customer showing active trial usage spikes and campaign responses.,20,true
L2357,tier3,40,Business analyst role despite high competitor churn signals. Non-technical title makes it less ideal for immediate bottom-up developer motion.,20,true
L2290,tier3,25,Student using a freemail address with low confidence identity resolution. Academic context points to self-serve/tier3.,5,true
L1182,tier3,22,MS Student in an education institution using a proton email. Low intent and academic focus.,2,true
L2057,tier3,30,"Missing job title makes seniority and technical fit unverifiable, despite medium intent from the account.",10,true
L2150,tier3,20,Office manager at a software company. Administrative role with low likelihood of driving GPU infrastructure decisions.,0,true
L1232,tier3,15,Office manager in automotive industry using a freemail address and marked as unqualified in CRM. High intent is likely noise.,5,true
L2808,tier1,85,Co-founder at a software tech company with high intent and competitor churn signals. Strong candidate for sales queue.,5,true
L2020,tier1,92,"Director of AI at an AI/ML software company with surging high intent, pricing page visits, and GPU usage trial spikes. Prime tier1 target.",2,true
L2083,tier2,55,Infrastructure engineer at a large AI/ML company. Solid technical IC profile though current intent score is low.,0,true
L2448,tier3,35,"Social media manager in real estate. High intent signals on the account are likely driven by other team members, not this lead.",15,true
L2776,tier2,72,Staff engineer at a small AI/ML company showing strong surging intent and existing customer status.,17,true
L2108,tier3,38,"Research engineer, but works in healthcare (dental group) using a freemail address. Lower relevance for core GPU infrastructure compared to native AI startups.",18,true
L2500,tier2,78,NLP engineer at an AI/ML software company with strong surging intent and competitor churn signals. High potential near-term opportunity.,23,true
L1498,tier3,32,Content writer at an AI/ML company. Non-technical role limits direct purchasing power despite being in the right industry.,12,true
L1175,tier2,60,Software engineer at LegalMind AI with medium intent and recent funding round signals.,5,true
L2213,tier2,45,"MLOps engineer with great technical alignment, but company and firmographic details are entirely missing.",10,true
L1551,tier3,28,Indie hacker title at a state university using an educational domain. Likely academic or exploratory project.,8,true
L2477,tier2,62,Research engineer at a tiny AI/ML startup with recent funding. Good technical fit and intent profile.,7,true
L2424,tier3,24,Postdoc at a university using a freemail address. Academic user with low commercial intent.,4,true
L2049,tier3,42,"Missing job title at Pipeline Labs, though showing moderate intent and doc traffic. Hard to evaluate seniority without a title.",22,true
L2162,tier3,25,PhD candidate at an institute using a freemail address. Academic profile with limited commercial buying intent.,5,true
L1735,tier2,70,"Founder with high intent and surging signals, despite using a freemail address and working at a logistics firm.",15,true
L1977,tier2,65,Applied scientist at an AI/ML software company with solid intent signals and competitor churn indicators.,10,true
L1419,tier2,58,Senior data scientist who is already marked as a customer in HubSpot. Good technical fit.,3,true
L1411,tier2,76,"Computer vision engineer at Mistletoe ML with high surging intent, trial spikes, and hiring signals.",21,true
L2353,tier3,26,Builder title at a healthcare dental group with zero intent score. Unlikely to be a strong near-term GPU buyer.,6,true
L1709,tier3,15,"Managing Partner at a fitness studio with non-technical profile. Medium intent score likely reflects tangential interest or research, but extremely low fit for GPU cloud infrastructure.",5,true
L2152,tier3,20,"Product Marketing Manager with an open opportunity in Salesforce, but non-technical role and past lack of response limit sales alignment.",0,true
L1399,tier2,85,"Applied Scientist showing strong intent with a GPU usage trial spike, surging docs traffic, and pricing page visits. Highly relevant technical role.",30,true
L1536,tier2,90,"NLP Engineer at an AI/ML software company with surging intent, recent funding, competitor churn signal, and expanded infrastructure footprint. Prime target.",35,false
L2699,tier3,25,"Postdoc at a state university. High intent and engagement with serverless content, but academic domain usually aligns with lower immediate commercial conversion potential.",5,true
L1535,tier3,10,"Customer Success Manager at a dental group. Zero relevance to GPU infrastructure, low intent score.",10,true
L2442,tier2,88,"Director of Platform Engineering at an AI/ML software company with high intent, surging docs traffic, pricing visits, and recent funding. Strong decision-maker.",33,false
L1421,tier1,95,"Head of Engineering at a software company with top-tier intent, competitor churn signal, funding, and expanded infrastructure. Perfect enterprise fit.",5,true
L1962,tier2,40,"VP of Engineering at SynthWorks AI, but marked as Closed Lost previously and churned. Moderate intent from past campaign clicks, but requires re-qualification.",15,true
L2600,tier1,75,"Founder & CEO of an AI/ML software company. Despite lower intent score currently, executive seniority in the correct industry makes them a strong sales candidate.",15,true
L1685,tier1,70,Founder/CEO at Inferra Labs (AI/ML software). Low current intent score is offset by executive title and relevant industry.,20,true
L1225,tier3,10,"Chief AI Officer at a nail salon. Highly likely to be fraudulent, test data, or severe mismatch despite high intent signals.",10,true
L2196,tier3,5,Owner of Quantum Nails Salon. Existing customer status indicates this is an anomaly or test account in CRM.,15,true
L1786,tier2,65,"Applied Scientist at Copilot Health AI. Good technical fit and relevant industry, though subscriber lifecycle stage suggests early-stage evaluation.",10,true
L2451,tier2,89,"Deep Learning Engineer at an AI/ML software company with high intent, funding, and increased documentation traffic. Excellent technical lead.",34,false
L2201,tier3,30,"Hobbyist using a freemail address affiliated with a university. High intent and usage trial spike, but self-serve or low commercial value.",10,true
L1749,tier3,35,"Head of ML at Peak Fitness Studios using a freemail address. High intent score and technical title, but company industry is entirely non-technical.",15,true
L1531,tier3,25,"Co-Founder & CTO at an insurance company using freemail. Relevant technical role, but traditional insurance industry limits AI scale.",5,true
L2563,tier2,82,"ML Engineer at Codewharf with extremely high intent, hiring signals, and competitor churn indicators. Strong technical lead.",27,true
L2278,tier2,1,"AI Engineer at Codewharf, but explicitly opted out of emails and flagged with DNC. Uncontactable sales opportunity.",54,false
L1056,tier2,72,Backend Engineer at Vectorly AI with good intent signals and trial spikes. Strong technical profile for PLG or sales expansion.,17,true
L1282,tier3,15,Freelancer at an Institute of Technology. Low intent and academic association limit commercial value.,5,true
L2348,tier3,20,"Operations Manager at Ledgerworks. Very high intent score, but non-technical role reduces immediate viability for GPU infrastructure sales.",0,true
L1158,tier3,15,Business Analyst at Cornerstone Insurance. Low intent and non-technical role.,5,true
L1726,tier3,1,"Missing job title at RoboticsOne, but has high intent. However, marked with email opt-out and DNC flags, making them uncontactable.",19,true
L1462,tier2,80,"DevOps Engineer at LedgerWorks using a freemail address. High intent, surging signals, funding, and competitor churn make this a high-value technical lead despite freemail.",25,true
L2458,tier2,45,"Co-Founder & CTO at Apptide. Previously closed-lost with no response on recent campaigns, but strong executive and technical profile.",10,true
L1348,tier3,25,"PhD Student at Central Polytechnic. High intent and trial spikes indicate active usage, but likely belongs in a self-serve or academic tier.",5,true
L1023,tier3,10,Owner of Bluebird Travel with email opt-out and DNC flag. Travel industry is non-relevant for AI compute.,10,true
L1040,tier2,65,"DevOps Engineer with missing company and industry data, but shows moderate intent and hiring signals for ML roles. Solid technical IC profile.",10,true
L1255,tier2,42,"VP Engineering title is strong, but missing company data and low intent score indicate high uncertainty.",13,true
L1870,tier3,75,"High intent score, surging signals, and work email at an AI/ML company compensate for the missing job title.",55,false
L2019,tier2,38,Software engineer at an unverified software company with low intent. Standard nurture profile.,17,true
L1365,tier1,92,Head of MLOps at an AI/ML company with high surging intent and hiring signals. Excellent top-tier opportunity.,2,true
L2321,tier3,15,Undergraduate student using freemail with a churned status in HubSpot. Unlikely to be a commercial opportunity despite high intent metrics.,5,true
L2073,tier2,40,SRE at a software company with moderate intent. Good candidate for self-serve or nurture.,15,true
L1043,tier2,68,Deep Learning Engineer with surging intent and multiple active campaign responses. Strong potential for upsell.,13,true
L1891,tier2,55,"Head of Engineering title is appealing, but very small company size and low intent temper expectations.",0,true
L1059,tier3,25,PhD candidate at an educational institution using an academic domain. Low commercial potential.,5,true
L2225,tier2,35,"MLOps engineer at a small, unverified company with very low intent.",20,true
L1516,tier2,88,"ML Engineer with extremely high intent, competitor churn signals, and active campaign engagement.",33,false
L2376,tier2,60,"Software engineer at an AI/ML company with sales-qualified lead status in HubSpot, offset slightly by freemail.",5,true
L2780,tier2,45,"SVP Engineering is a strong decision-maker title, but missing company details and near-zero intent suggest caution.",10,true
L2154,tier1,70,"Founder & CEO at an AI/ML software company. Strong title and industry match, though current intent is low.",20,true
L1796,tier2,72,"ML engineer with high surging intent and competitor churn signals, though using freemail.",17,true
L1768,tier3,20,Missing job title and churned status in HubSpot indicate low near-term potential.,0,true
L1227,tier3,50,"Consultant with high surging intent and GPU trial spike, but ambiguous title and non-technical industry context.",30,true
L2345,tier3,22,Technologist in the Travel industry with moderate intent. Unlikely to need core AI GPU infrastructure.,2,true
L2227,tier3,18,Managing Partner in logistics. Non-technical role with very low intent.,2,true
L1852,tier2,58,"Staff engineer at an AI health company, but opt-out flags and DNC status present compliance hurdles.",3,true
L1280,tier3,10,Student at a university with low intent. Purely academic profile.,10,true
L2269,tier2,65,VP of AI Infrastructure at an AI/ML startup with competitor churn signals. Great profile despite freemail.,10,true
L2195,tier2,62,Research Scientist at an AI/ML company with medium intent and GPU usage trial spike.,7,true
L1839,tier2,55,"Platform Engineer with moderate intent and trial signals, offset by freemail and unverified company.",0,true
L2510,tier3,12,Project Manager at a nail salon. Completely irrelevant vertical for GPU infrastructure.,8,true
L1993,tier3,48,"Missing job title at an AI/ML company, but active campaign engagement and trial spikes suggest some product interest.",28,true
L1328,tier3,10,Student on an educational domain with an email opt-out flag.,10,true
L2103,tier3,30,"Content writer in software with high intent, but non-technical role limits sales potential.",10,true
L1747,tier2,65,Head of AI title at an unverified company. Strong technical relevance but low intent.,10,true
L2205,tier2,45,"Director of Platform Engineering is a strong decision-maker title, but opt-out flags and churned lead status limit potential.",10,true
L1738,tier3,15,"Non-technical role (Business Analyst) at a software company, but strong account intent signals. However, the lead has opted out of emails and has a DNC flag, making them a poor near-term outreach target.",5,true
L2608,tier2,40,"Director-level platform engineering title indicates buying authority, but missing company information and low intent signals temper the score. They are an existing customer.",15,true
L2231,tier2,65,Machine Learning Engineer at an AI/ML company showing trial spikes. Excellent target for product-led growth.,10,true
L1778,tier3,10,"Hobbyist user with a freemail address, education sector, and churned status in HubSpot. Very low commercial value.",10,true
L2736,tier2,85,"Technical MLOps Engineer at a software company with very high intent, surging signals, competitor tool churn, and doc traffic. Despite freemail, high intent makes this a strong lead.",30,true
L2140,tier3,25,"Customer Success Manager in a non-technical role, though the company shows some intent and is an open sales-qualified lead in HubSpot.",5,true
L2615,tier2,80,"Backend Engineer at a large software company showing strong surging intent, hiring for ML roles, and increased docs traffic.",25,true
L1538,tier3,5,Managing Partner at a dental group with a closed-lost status and email opt-out. Likely spam or completely irrelevant industry.,15,true
L2110,tier2,60,Computer Vision Engineer at a software company with moderate intent signals. Solid technical fit.,5,true
L2674,tier2,55,Computer Vision Engineer at an insurance company with missing industry verification and mixed CRM signals (churned lead status).,0,true
L1352,tier3,20,PhD student using a freemail address and unresolved account company. Low commercial intent despite trial spikes.,0,true
L1206,tier3,30,"Customer Success Manager in a non-technical role at an unspecified industry company, though some competitor churn signals are present.",10,true
L2672,tier2,88,Director of Machine Learning at Shipmate with very high intent and surging signals. Excellent enterprise opportunity.,33,false
L1748,tier3,12,Financial Analyst in the construction industry. Non-technical role with no relevant AI/ML use case.,8,true
L2558,tier2,82,Senior Software Engineer at an AI/ML software company showing high surging intent and GPU trial spikes.,27,true
L1433,tier2,68,Research Engineer at an AI/ML software company with solid intent signals.,13,true
L1231,tier2,50,"Data Scientist at a company with unverified industry and low intent score. Technical IC fit is good, but context is weak.",5,true
L2203,tier2,45,Advisor role at a software company with an open MQL status. Ambiguous title reduces confidence.,10,true
L2374,tier2,40,Technical Consultant with a freemail address at an AI/ML company with an open deal. Ambiguous title.,15,true
L1190,tier3,25,"Project Manager in an AI/ML company. Non-technical role, though showing moderate intent signals.",5,true
L1824,tier3,20,Content Writer at an AI/ML company. Non-technical role.,0,true
L2397,tier3,35,"Founder/CEO at an insurance company using a freemail address. Decision-maker title, but outside core software/AI industry and low intent.",15,true
L1061,tier2,65,ML Engineer at an AI/ML company. Highly relevant technical role.,10,true
L2347,tier2,62,"DevOps Engineer at a company with missing industry data, but showing good intent and competitor churn signals.",7,true
L1777,tier3,15,Account Executive with missing company and firmographics data. Non-technical role.,5,true
L2187,tier2,86,"Platform Engineer at a large software company with high surging intent, GPU trial spikes, and competitor churn signals.",31,false
L2606,tier2,58,Computer Vision Engineer at a company with unverifiable industry details and moderate intent.,3,true
L2697,tier3,25,"Business Analyst (non-technical) at an AI company, previously closed-lost. Despite engagement, role is a poor fit.",5,true
L1907,tier2,60,"SRE at a software company. Strong technical alignment, though intent score is currently low.",5,true
L2871,tier2,89,"Backend Engineer at a large software company who is a converted customer/contact, showing very high surging intent, competitor tool churn, and strong campaign engagement.",34,false
L1005,tier2,58,Staff Engineer at a software company with moderate intent and past engagement. Good technical fit but lacks strong surge signals or executive buying power.,3,true
L2555,tier2,72,"Computer Vision Engineer with strong surging intent, competitor churn signal, and recent funding. Industry is blank but title and intent strongly point to AI workloads.",17,true
L1917,tier2,45,"CTO title is strong, but using a freemail address with an unverifiable company profile and moderate intent lowers confidence.",10,true
L2710,tier3,20,CEO in the travel industry with low intent. Unlikely to be a near-term GPU infrastructure buyer.,0,true
L2893,tier2,65,Software engineer at a small AI/ML company with expanded footprint signals. Good product-led growth potential.,10,true
L1938,tier2,40,"Research engineer at a small software company, but low intent score and no surge signals suggest low urgency.",15,true
L1420,tier1,82,"Fractional CTO at an AI/ML-friendly software company with high surging intent, funding, and hiring signals.",8,true
L1099,tier2,85,"VP of AI Infrastructure with high surging intent, GPU trial spike, and active campaign engagement. Excellent sales lead despite missing company industry tag.",30,true
L2242,tier2,55,SRE at an AI/ML software company using freemail with medium intent and GPU trial spike. Strong technical fit but freemail adds friction.,0,true
L1248,tier2,50,"ML Engineer with high surging intent, but email opt-out and DNC flags present severe outreach risks.",5,true
L1686,tier2,62,AI Engineer at a tiny AI/ML startup with a GPU trial spike. Good product-led growth prospect.,7,true
L1245,tier3,15,Managing partner in the fitness industry. Unrelated vertical despite some infra intent signals.,5,true
L1637,tier3,10,Indie hacker in education with very low intent. Unlikely to convert to paid enterprise tier.,10,true
L1765,tier2,60,Computer Vision Engineer at a software company with moderate intent and document traffic surge.,5,true
L2447,tier3,25,Sales Development Rep role at a software company. Not a buyer of GPU infrastructure.,5,true
L1072,tier3,,,,true
L2895,tier3,20,Indie hacker at an educational institution using freemail. Ambiguous profile despite high intent signals.,0,true
L1665,tier3,35,"NLP Engineer is technical, but company is in insurance outside core software/AI focus.",15,true
L1357,tier3,88,VP Data & AI at an AI/ML software company with extreme intent score (96) and surging signals. Excellent enterprise sales opportunity.,68,false
L1908,tier3,15,Advisor at an automotive parts company. High opt-out and DNC flags combined with non-technical profile make this poor.,5,true
L2121,tier3,30,Technical consultant at Lumina ML with low intent and ambiguous title.,10,true
L1953,tier2,45,"Infrastructure engineer with moderate intent, but company name is missing in profile and CRM shows unverified/unqualified status with opt-out.",10,true
L2707,tier3,30,"Financial analyst at an AI software company. High internal intent score, but role is non-technical.",10,true
L1074,tier1,80,Director of AI at a software company with active open opportunities and positive campaign response. Clear sales queue material.,10,true
L2168,tier2,65,Machine Learning Engineer with medium intent and competitor churn signals. Good technical match.,10,true
L1657,tier2,75,"Infrastructure Engineer at an AI/ML software company with very high intent and surging signals. Despite opt-out, high technical relevance.",20,true
L1834,tier2,70,AI Engineer at DeepHarbor with high intent and GPU usage trial spike. Solid near-term PLG/sales opportunity.,15,true
L2872,tier2,82,"Head of ML with high intent, surging traffic, and GPU trial spikes at a small software company. Prime decision-maker target.",27,true
L2117,tier3,15,Accountant at a large software company. Non-technical role with low alignment to GPU infrastructure needs.,5,true
L1383,tier3,10,MS Student at an Institute of Technology. Low intent and academic profile indicate self-serve or low-value usage.,10,true
L2053,tier2,75,Existing customer with strong technical role (MLOps Engineer) and good intent signals regarding hiring and funding. Agrees with tier2.,20,true
L2667,tier3,20,"High intent signals, but company is 'greenleaf landscaping' in Services, indicating potential false persona or non-tech context despite the impressive title.",0,true
L1603,tier3,15,"Freemail address, marketing agency industry, and low intent score. Unlikely to be a strong infrastructure buyer.",5,true
L2043,tier2,68,ML Engineer at TensorLoop with medium intent and infrastructure expansion signals. Good technical fit.,13,true
L2385,tier2,60,DevOps Engineer at an AI/ML software company with active open deal status in HubSpot. Solid technical IC fit.,5,true
L1035,tier2,50,"Founder & CEO with freemail address and unverified company size. Moderate intent signals, but data is sparse.",5,true
L1334,tier3,10,"Missing job title, freemail address, and unqualified HubSpot lead status. Very low conversion potential.",10,true
L1614,tier3,15,"Marketing Manager role in an AI company, but marked as churned/other lifecycle stage with low intent.",5,true
L2467,tier3,5,Consultant at a bakery using a freemail address. Extremely low relevance for GPU cloud infrastructure.,15,true
L1034,tier2,88,"Backend Engineer with very high intent, surging GPU usage trials, and docs traffic. Excellent product-led growth target.",33,false
L1183,tier2,45,"Senior Data Scientist role is relevant, but internal intent score is low and no CRM history is present.",10,true
L1345,tier2,82,Senior Software Engineer at an AI/ML software company showing strong GPU usage trial spikes and high intent.,27,true
L1559,tier3,30,"Freelancer at an educational institution. Despite some trial spikes, educational/academic profiles rarely convert to high-acorn sales.",10,true
L2507,tier3,25,"Platform engineer, but at a food and beverage company. Low intent signals.",5,true
L2230,tier3,10,Missing job title and very low intent score. No viable engagement signals.,10,true
L1733,tier2,65,Software Engineer at an AI/ML software company with medium intent and competitor churn signal. Solid tier 2 fit.,10,true
L1596,tier3,5,Independent consultant at a marketing agency with opt-out status and closed lost CRM history.,15,true
L1537,tier3,10,Project manager role using a freemail address with closed lost status. Non-technical fit.,10,true
L2065,tier2,55,"Backend Engineer at an AI/ML company. Solid technical fit, though intent score is currently low.",0,true
L2591,tier2,60,"VP of AI Infrastructure title is excellent for decision-making, though company size/details are sparse. Good intent signals.",5,true
L1752,tier3,35,"PhD Student at a university. High intent and surging signals, but academic constraints limit monetization potential.",15,true
L2006,suppress,0,Competitor domain (tensorhive.ai). Must be fully suppressed.,,true
L2264,tier3,15,"Deep Learning Engineer title, but company is a construction firm. Likely misclassified or exploratory personal project.",5,true
L2444,tier2,70,Fractional CTO title with medium intent and pricing page visits. Strong decision-maker profile.,15,true
L2735,tier2,75,Computer Vision Engineer with high intent and surging competitor tool churn signals. Strong technical fit despite missing company profile.,20,true
L1058,tier3,25,"Business analyst role with high intent, but non-technical function limits direct purchasing power.",5,true
L1127,tier3,30,"Product Marketing Manager with high intent and competitor churn signals, but in a non-technical role.",10,true
L1552,tier3,30,"PhD candidate in an academic setting. Moderate intent, but low near-term commercial sales potential.",10,true
L2329,tier2,65,CTO title at a small software firm with solid intent. Good target despite freemail usage.,10,true
L1927,tier1,90,Founder at an AI/ML-friendly software company with high campaign engagement and existing customer/converted status. Perfect tier 1 target.,0,true
L2341,tier3,15,"Indie hacker at an educational institution with freemail address, despite low intent spike, is not a strong enterprise or high-intent PLG sales target.",5,true
L2267,tier2,45,"Senior software engineer at a software company with a competitor churn signal, indicating potential fit but low intent score overall.",10,true
L1209,tier1,92,"Co-founder at an AI/ML software company with a high intent score, recent funding round, and surging signals. Excellent enterprise/PLG lead.",2,true
L2301,tier3,10,Content writer at a real estate company. High pricing page intent is likely noise or irrelevant given the non-technical role and industry.,10,true
L1798,tier2,50,Software engineer at an AI/ML company showing competitor churn signals. Solid technical fit for mid-tier engagement.,5,true
L2540,tier3,20,Content writer at an AI company. Non-technical role limits direct purchasing or technical evaluation power.,0,true
L2240,tier3,60,Data scientist at an insurance firm with very high intent and hiring signals for ML roles. Disagrees with tier3 because data scientists drive heavy GPU usage.,40,false
L1660,tier1,80,VP of Engineering at an AI/ML software company. Decision-maker title outweighs low internal intent score.,10,true
L2539,tier3,30,"Technologist with a non-technical title designation at a software company, though surging intent signals indicate some interest.",10,true
L2378,tier2,85,"NLP engineer at an AI/ML company with surging intent, trial spikes, and positive campaign response history. Should be pushed to sales queue.",30,true
L1578,tier3,35,Technologist at an unverified industry company with a recent funding round. Moderate intent but vague company profile.,15,true
L1006,tier2,75,Co-founder at a software company with very high surging intent and trial spikes. Strong near-term PLG opportunity despite missing company size.,20,true
L2372,tier2,90,"ML engineer at a software company with max intent score (99), surging trial spikes, and hiring signals. Prime PLG candidate.",35,false
L1645,tier2,88,"MLOps engineer at an AI/ML company with high intent, pricing page visits, and competitor churn signals. Ideal target for GPU infrastructure.",33,false
L1111,tier2,70,Senior ML engineer at a small AI/ML company showing good intent and trial spikes.,15,true
L1198,tier2,78,"Research engineer at a startup with high intent, competitor churn, and positive campaign response. Excellent near-term opportunity.",23,true
L2471,tier3,12,Freelancer at an academic/university domain. Low commercial intent and educational context limit sales potential.,8,true
L2250,tier2,82,"ML engineer who is an existing customer contact showing high intent, trial spikes, and active campaign engagement.",27,true
L2112,tier2,55,Senior software engineer with trial spike intent. Solid technical IC profile.,0,true
L2157,tier2,80,Platform engineer at an AI/ML company who is an existing customer contact with responsive campaign history.,25,true
L1053,tier3,15,Sales development rep at a nail salon. Complete mismatch for AI GPU cloud infrastructure.,5,true
L2743,tier3,5,Social media manager at a fitness studio using a freemail address with low intent. Likely low quality or spam.,15,true
L1868,tier2,40,"Founder with medium intent, but has explicit email opt-out and DNC flags set in CRM. High compliance risk.",15,true
L1430,tier2,84,AI engineer at an AI/ML software company with high surging intent and positive campaign responses.,29,true
L1490,tier1,72,"Director of Machine Learning at an AI/ML company. Senior decision-maker title, despite freemail address and low explicit intent score.",18,true
L1867,tier2,52,Senior ML engineer at a large company with low intent. Strong technical role but sparse company industry data.,3,true
L1589,tier3,25,"Lead has a missing job title, making seniority and technical capability impossible to verify despite being at a dev company.",5,true
L2845,tier3,15,Account executive using a test freemail alias. Non-technical role and test email structure suggest low quality.,5,true
L1251,tier2,65,Research scientist at an AI/ML software company. Strong technical profile for model training.,10,true
L1130,tier2,60,"Infrastructure engineer at an AI/ML startup. Freemail address lowers confidence, but technical role is highly relevant.",5,true
L2570,tier3,25,"PhD student at an academic institution with high intent signals, but academic domains are generally poor fits for direct sales queues compared to production AI workloads.",5,true
L1511,tier2,65,"ML Engineer at an early-stage AI software company with strong intent including competitor churn and documentation traffic, making them a good self-serve or nurture target.",10,true
L1937,tier3,30,"Customer Success Manager in an AI company with high intent, but non-technical roles have lower purchasing influence for GPU cloud infrastructure.",10,true
L2545,tier2,10,"DevOps engineer with high intent signals, but is explicitly marked as churned/closed-lost with DNC and email opt-outs, making them a high-risk suppress lead.",45,false
L1619,tier1,40,"Head of Data Science at a large software company, but intent score is extremely low and industry is generic software rather than specialized AI/ML.",50,false
L2367,tier2,85,"Software Engineer at an AI/ML company with surging high intent, pricing page visits, and existing customer status, representing a strong sales/PLG expansion opportunity.",30,true
L2017,tier2,20,Data scientist using a freemail provider with zero intent and unverified company data.,35,false
L1184,tier3,35,Non-technical 'Builder' title with medium intent and recent funding; moderate potential for nurture.,15,true
L2123,tier3,15,"HR Manager with high intent due to company-wide surge, but HR roles are non-technical and unlikely to purchase GPU infrastructure.",5,true
L1135,tier2,45,"Computer Vision Engineer using freemail with medium intent and ML hiring signals, representing a potential self-serve user.",10,true
L1091,tier2,95,"Computer Vision Engineer at an AI/ML company showing maximum intent, trial spikes, and competitor churn signals. Prime sales queue opportunity.",40,false
L2420,tier2,60,"Head of AI at an existing customer account with medium intent and recent funding, making them a solid expansion target.",5,true
L2171,tier2,70,Consultant at an AI/ML software company with strong surging intent and documentation traffic.,15,true
L1015,tier3,10,"Project manager at a beauty salon with a freemail address; despite high intent signals, this is likely noise or irrelevant industry mismatch.",10,true
L1266,tier3,65,Missing job title at an AI/ML software company with high surging intent and documentation traffic.,45,false
L1163,tier2,45,Software engineer using freemail at a larger organization with low intent but active SQL status in CRM.,10,true
L1659,tier3,20,"MS Student at an academic institution with opted-out email and DNC flags, poor fit for commercial sales.",0,true
L2392,tier2,50,ML engineer at a large AI/ML company with low current intent but strong foundational profile alignment.,5,true
L2336,tier2,55,"SWE at an AI/ML company with competitor churn signal, indicating moderate interest despite low intent score.",0,true
L1970,tier2,40,"Founder at an unverified company with trial spikes, but has email opt-out and DNC flags.",15,true
L2466,tier1,30,"Chief AI Officer with low intent, closed-lost history, and email opt-out flags.",60,false
L2127,tier3,25,"Managing partner with low intent, opted-out email, and DNC flags.",5,true
L1274,tier3,10,"Recruiter at a construction company with high intent surge, but completely misaligned industry and role for AI GPU cloud.",10,true
L1294,tier2,60,"Head of platform at a tiny AI/ML startup with trial spikes, good PLG target despite low intent score.",5,true
L1696,tier2,45,"VP of AI Infrastructure with closed-lost history and low intent, but strong decision-maker title.",10,true
L2459,tier2,55,"SRE at an unverified AI company with CRM activity, solid technical fit.",0,true
L2229,tier3,20,Accountant at an AI company; non-technical role with low conversion probability for infra.,0,true
L2327,tier2,60,Research engineer at an unverified company with recent funding and moderate intent.,5,true
L2322,tier2,55,SRE at an AI/ML company with infrastructure footprint signals.,0,true
L2561,tier3,40,"Head of Machine Learning at a marketing agency; high intent and pricing page visits, but industry is outside core tech/AI software.",20,true
L1714,tier3,25,"PhD student at an academic institution with low intent signals. While they might use GPUs for research, they are generally a self-serve or low-monetization opportunity.",5,true
L1457,tier2,60,"Director of Infrastructure with medium intent and surging pricing page visits, though company details are missing. Strong title for GPU cloud sales.",5,true
L1712,tier3,15,MS Student using a freemail address with a non-technical role title. Low likelihood of being a business-to-business sales opportunity.,5,true
L2210,tier3,45,"Indie hacker using a freemail address, but showing very high intent and surging signals (funding, pricing page). Could be a product-led-growth opportunity despite ambiguous title.",25,true
L1888,tier2,40,"Software engineer at an AI/ML company, but CRM shows the account is churned and intent is low. Limited near-term sales potential.",15,true
L1137,tier3,20,"Financial analyst in a software company. Despite engagement with pricing and docs, the role is non-technical and unlikely to purchase GPU infrastructure.",0,true
L2728,tier3,10,"Business analyst using freemail with a competitor churn signal, but role is non-technical and company data is absent.",10,true
L2258,tier2,75,ML engineer with medium intent and hiring signals for ML roles. High technical relevance for Runpod's AI cloud offerings.,20,true
L2235,tier2,80,Co-founder at a large company with an open opportunity and qualified lead status in CRM. Strong decision-maker.,25,true
L2713,tier2,90,"NLP engineer at an AI/ML company with maximum intent, surging docs traffic, expanded footprint, and trial spikes. Excellent PLG/sales target.",35,false
L2248,tier3,15,Office manager at a travel company. Completely misaligned with AI infrastructure needs.,5,true
L2169,tier2,70,Applied scientist at an AI/ML software company. Highly technical buyer persona though intent is currently low.,15,true
L1601,tier2,95,AI engineer at an enterprise-scale AI/ML software company with a high intent score and surging metrics across multiple fronts.,40,false
L2354,tier2,70,"Head of Data Science with high surging intent, competitor churn signals, and GPU trial spikes. Great target despite CRM lead status being unqualified.",15,true
L2769,tier1,98,"Head of AI at an AI/ML software company with maximum intent score, surging metrics, hiring signals, and trial spikes. Prime enterprise lead.",8,true
L2025,tier3,30,"Missing job title, opted out of emails, and marked with DNC flag in CRM. High risk despite being an existing customer account.",10,true
L1679,tier2,45,"Director of infrastructure, but account is marked as churned and unqualified in CRM with low intent.",10,true
L1465,tier3,25,Advisor title with email opt-out and DNC flags set. High intent is offset by compliance and communication blockers.,5,true
L2773,tier2,70,Staff engineer at a software company with solid internal intent score. Strong technical match.,15,true
L2295,tier2,90,"Founder/CEO at an AI/ML startup with maximum intent, surging signals, and funding activity. Ideal target for GPU infrastructure.",35,false
L1458,tier2,75,AI engineer at a software company with positive internal intent score. Great technical fit.,20,true
L1642,tier3,35,"Executive assistant at an AI/ML company. High intent and surging metrics exist at the account level, but the individual role is non-technical.",15,true
L2119,tier2,70,NLP engineer at a mid-sized company with good intent and funding signals. Strong technical fit.,15,true
L2496,tier3,30,"Managing partner at an AI health startup, but intent score is very low and role is business-oriented rather than technical IC.",10,true
L1493,tier3,40,"VP Data & AI at an AI startup, but intent is near zero and they use a freemail address. Mixed signals.",20,true
L2226,tier2,65,"Head of Data Science with relevant leadership title, though account intent is currently low.",10,true
L2148,tier2,75,CEO at a software company with active CRM status (Working/Sales Qualified Lead) and campaign engagement.,20,true
L2650,tier2,70,Infrastructure engineer at a software company with a GPU usage trial spike. Strong alignment with Runpod infrastructure.,15,true
L2544,tier2,65,Platform engineer at an AI/ML software company using freemail. Good technical role fit.,10,true
L1758,tier3,25,"Marketing manager with email opt-out, DNC flag, and closed-lost CRM status. Poor target for near-term sales.",5,true
L1565,tier3,25,"PhD Student using a freemail address with no company and a closed-lost history in Salesforce. Despite some trial intent signals, the profile indicates low near-term commercial value.",5,true
L1674,tier1,82,SVP Engineering at a software company with surging signals including hiring for ML roles and a recent funding round. High potential decision-maker for GPU infrastructure.,8,true
L2224,tier2,55,"Senior ML Engineer with strong technical alignment and docs/infra expansion intent, but company details are completely missing, creating uncertainty on company scale.",0,true
L2379,tier2,60,Staff Engineer at an AI/ML software company showing trial spike intent. Solid technical fit for a self-serve or nurture flow.,5,true
L1270,tier3,30,"VP Data & AI at an auto parts company. While senior, the traditional enterprise industry reduces near-term AI infrastructure readiness compared to pure-play tech companies.",10,true
L1200,tier2,75,Deep Learning Engineer at an AI/ML software company using freemail. Strong intent signals with a GPU trial spike and funding round. High likelihood of conversion despite the freemail.,20,true
L2373,tier3,20,"Founder at an insurance company visiting pricing pages. Insurance is outside core AI/ML software, lowering immediate cloud GPU conversion probability.",0,true
L1646,tier2,45,Senior Software Engineer at a software company with competitor churn signals. Moderate intent but previously churned in HubSpot CRM.,10,true
L1188,tier3,15,Missing job title and sparse company information from a small entity in France. High risk of low-quality or spam lead.,5,true
L2291,tier2,68,"ML Engineer with a high internal intent score, making them a strong product-led growth candidate despite missing company context.",13,true
L1966,tier3,20,"Missing job title using an icloud freemail address. Although firmographics identify an AI software company, the lack of a contact title lowers confidence.",0,true
L2747,tier1,90,Head of Data Science at a software company with deep campaign engagement (clicked multiple high-value emails) and documentation traffic. Excellent sales opportunity.,0,true
L2209,tier2,40,Head of Engineering with no company name provided. High title value is offset by lack of firmographic validation.,15,true
L1540,tier2,70,"SVP Engineering with a freemail address, but exhibits very high intent (surging infra expansion and competitor churn). Strong candidate to upgrade to sales queue.",15,true
L1951,tier3,10,Sales Development Representative in an existing cohort. Non-technical role with no relevant infrastructure buying intent.,10,true
L2048,tier2,50,"Co-founder with good trial and doc traffic intent, but missing company name and size details introduces uncertainty.",5,true
L1602,tier2,85,"Data Scientist at a large software company showing high surging intent, including ML hiring and competitor tool churn signals. Outstanding sales opportunity.",30,true
L2785,tier3,5,Tester at 'Test Inc' with minimal intent score. Clearly a test submission or spam lead.,15,true
L1197,tier2,88,"Staff Engineer at Cloudspan with a perfect intent score (100), surging competitor churn signals, and increased docs traffic. Prime technical buyer.",33,false
L2473,tier2,78,"Fractional CTO at an AI/ML software company with strong surging intent and active campaign engagement, despite a previous closed-lost status.",23,true
L1664,tier2,65,ML Engineer at a large AI/ML software company with active pricing page visits and hiring signals. Solid self-serve/nurture target.,10,true
L1499,tier3,25,Product Marketing Manager at an AI company using a freemail address. Non-technical role with low intent score.,5,true
L1775,tier3,15,PhD Student using an academic (.edu) domain from a polytechnic institute. Likely using trials for academic research rather than commercial sales.,5,true
L2009,tier2,72,DevOps Engineer at an AI/ML software company with strong intent and an open sales deal in HubSpot. Excellent candidate for technical outreach.,17,true
L2725,tier2,58,Machine Learning Engineer at Axon Research with moderate intent and an MQL lifecycle stage. Good technical fit.,3,true
