lead_id,created_date,first_name,last_name,email,job_title,company,company_website,company_size,industry,country,utm_source,utm_medium,utm_campaign,marketing_consent,first_name_raw,last_name_raw,company_raw,job_title_raw,country_raw,is_suspicious_country,marketing_consent_raw,consent_normalized,utm_source_raw,is_placeholder_utm_source,utm_medium_raw,is_placeholder_utm_medium,utm_campaign_raw,is_placeholder_utm_campaign,email_raw,email_normalized,email_type,is_competitor_domain,is_disposable_domain,is_academic_domain,is_malformed_email,is_suspicious_fake,company_website_raw,company_website_valid,dedup_group_id,is_duplicate_primary,dedup_conflict_flag,dedup_conflict_fields,is_eu,consent_verified,eu_consent_flag,is_existing_customer,is_churned
L1517,2026-06-21,Joseph,Johnson,joseph.johnson@icloud.com,VP Engineering,Neuralight,,201-500,,SG,github,referral,docs-cta,,joseph,Johnson,Neuralight,VP Engineering,SG,False,,unknown,github,False,referral,False,docs-cta,False,joseph.johnson@icloud.com,joseph.johnson@icloud.com,freemail,False,False,False,False,False,,False,,True,False,,false,ambiguous,,false,false
L1480,2026-04-29,Deborah,Hansen,deborah.hansen@fieldstonetech.com,Machine Learning Engineer,Fieldstone Tech,fieldstonetech.com,501-1000,Software,NL,google,cpc,gpu-cloud-nonbrand,pending,Deborah, Hansen,Fieldstone Tech,Machine Learning Engineer,Netherlands,False,pending,unknown,google,False,cpc,False,gpu-cloud-nonbrand,False,deborah.hansen@fieldstonetech.com,deborah.hansen@fieldstonetech.com,work,False,False,False,False,False,https://fieldstonetech.com,True,,True,False,,true,ambiguous,EU / Consent Verification Needed,false,false
L2362,2026-04-23,Scott,Larsen,scott_larsen@voxeldynamics.ai,Backend Engineer,Voxel Dynamics,voxeldynamics.ai,51-200,AI/ML software,AU,google,cpc,gpu-cloud-nonbrand,granted,Scott,Larsen,Voxel Dynamics  ,Backend Engineer,australia,False,granted,true,google,False,cpc,False,gpu-cloud-nonbrand,False,scott_larsen@voxeldynamics.ai,scott_larsen@voxeldynamics.ai,work,False,False,False,False,False,www.voxeldynamics.ai,True,,True,False,,false,verified_in,,false,false
L2778,2026-06-18,Kevin,Lopez,kevinl@gradientpeak.ai,Financial Analyst,Gradient Peak,gradientpeak.ai,201-500,AI/ML software,US,,,,,Kevin,Lopez, Gradient Peak,Financial Analyst,USA,False,,unknown,null,True,null,True,null,True,kevinl@gradientpeak.ai,kevinl@gradientpeak.ai,work,False,False,False,False,False,www.gradientpeak.ai,True,,True,False,,false,ambiguous,,false,false
L1210,2026-05-13,Lisa,Perez,lisa.perez@gridbase.dev,Content Writer,Gridbase,,11-50,Software,IN,youtube,video,tutorial-series,Yes,LISA,Perez,Gridbase,Content Writer,india,False,Yes,true,youtube,False,video,False,tutorial-series,False,lisa.perez@gridbase.dev,lisa.perez@gridbase.dev,work,False,False,False,False,False,,False,,True,False,,false,verified_in,,false,false
L1762,2026-05-24,Zara,White,zaraw@apexautoparts.com,Marketing Manager,,,,,,email_blast,email,july-promo,pending,Zara,White,,Marketing Manager,,False,pending,unknown,email%20blast,False,e-mail,False,JULY%20PROMO,False,zaraw@apexautoparts.com,zaraw@apexautoparts.com,work,False,False,False,False,False,,False,,True,False,,false,ambiguous,,false,false
L1819,2026-04-01,Mary,Kim,mary.kim@opsfleet.com,Project Manager,Opsfleet,opsfleet.com,1000+,Software,IN,youtube,video,tutorial-series,,mary,Kim,Opsfleet  , Project Manager,india,False,,unknown,youtube,False,video,False,tutorial-series,False,mary.kim@opsfleet.com,mary.kim@opsfleet.com,work,False,False,False,False,False,www.opsfleet.com,True,,True,False,,false,ambiguous,,false,false
L1181,2026-04-04,Raymond,Nguyen,RAYMOND_NGUYEN@ORBITALMIND.AI,DevOps Engineer,,,,,CA,google,cpc,gpu-cloud-nonbrand,unknown,Raymond,Nguyen  ,,DevOps Engineer,canada,False,unknown,unknown,google,False,cpc,False,gpu-cloud-nonbrand,False,RAYMOND_NGUYEN@ORBITALMIND.AI,raymond_nguyen@orbitalmind.ai,work,False,False,False,False,False,,False,,True,False,,false,verified_in,,false,false
L1841,2026-05-13,Scott,Sanchez,ssanchez@greenleaflandscaping.com,Sales Development Rep,,,,,BR,,,,true,Scott,Sanchez,,Sales Development Rep,BR,False,true,true,{{utm_source}},True,{{utm_medium}},True,{{utm_campaign}},True,ssanchez@greenleaflandscaping.com,ssanchez@greenleaflandscaping.com,work,False,False,False,False,False,,False,,True,False,,false,verified_in,,false,false
L1415,2026-04-19,Zara,Anderson,zaraa@bellavistarealty.com,,,,,,BR,google,cpc,brand-search-q3,, Zara,Anderson,,,Brazil,False,,unknown,google,False,cpc,False,brand-search-q3,False,zaraa@bellavistarealty.com,zaraa@bellavistarealty.com,work,False,False,False,False,False,,False,,True,False,,false,ambiguous,,false,false
L2631,2026-04-04,Samantha,Andersson,samanthaa@hotmail.com,Sr. Data Scientist,agentstack,agentstack.dev,1000+,AI/ML software,NL,facebook,paid_social,fb_q3,0,Samantha,Andersson,agentstack,Sr. Data Scientist,NL,False,0,false,facebook,False,Paid-Social,False,FB_Q3,False,samanthaa@hotmail.com,samanthaa@hotmail.com,freemail,False,False,False,False,False,www.agentstack.dev,True,,True,False,,true,verified_out,,false,false
L1912,2026-04-10,Katherine,Weber,katherine.weber@pipelinelabs.io,,Pipeline Labs,pipelinelabs.io,1000+,,DE,google,organic,,true,Katherine,WEBER,Pipeline Labs,,Deutschland,False,true,true,google,False,organic,False,,True,katherine.weber@pipelinelabs.io,katherine.weber@pipelinelabs.io,work,False,False,False,False,False,www.pipelinelabs.io,True,,True,False,,true,verified_in,,false,false
L2417,2026-04-04,Mateo,Kumar,mkumar@gradientpeak.ai,Sales Development Rep,Gradient Peak,gradientpeak.ai,201-500,,JP,facebook,paid,fb_q3,unknown,Mateo,Kumar,Gradient Peak,Sales Development Rep,Japan,False,unknown,unknown,FB,False,paid,False,fb_q3,False,mkumar@gradientpeak.ai,mkumar@gradientpeak.ai,work,False,False,False,False,False,https://gradientpeak.ai,True,,True,False,,false,ambiguous,,false,false
L1138,2026-04-11,Priya,Scott,scott.priya@bellavistarealty.com,Financial Analyst,Bella Vista Realty,,,,NL,youtube,video,tutorial-series,pending,Priya,Scott,Bella Vista Realty,Financial Analyst,NL,False,pending,unknown,youtube,False,video,False,tutorial-series,False,scott.priya@bellavistarealty.com,scott.priya@bellavistarealty.com,work,False,False,False,False,False,,False,,True,False,,true,verified_in,,true,false
L1705,2026-06-29,Frank,Andersson,frank.andersson@corticon.ai,HR Manager,Corticon AI,corticon.ai,501-1000,,GB,twitter,social,launch-week,granted,Frank,Andersson,Corticon AI,HR Manager,UK,False,granted,true,twitter,False,social,False,launch-week,False,frank.andersson@corticon.ai,frank.andersson@corticon.ai,work,False,False,False,False,False,https://corticon.ai,True,,True,False,,false,verified_in,,false,false
L1964,2026-06-05,Scott,Kowalski,scottk@hotmail.com,Accountant,Peak Fitness Studios,peakfitnessstudios.com,51-200,Fitness,BR,github,referral,docs-cta,,Scott,Kowalski,Peak Fitness Studios  ,Accountant,BR,False,,unknown,github,False,referral,False,docs-cta,False,scottk@hotmail.com,scottk@hotmail.com,freemail,False,False,False,False,False,www.peakfitnessstudios.com,True,,True,False,,false,ambiguous,,false,false
L1025,2026-05-27,Anthony,Anderson,anthony.anderson@shipmate.io,Computer Vision Engineer,Shipmate,shipmate.io,,Software,US,producthunt,referral,launch,,Anthony,Anderson  ,Shipmate,Computer Vision Engineer,USA,False,,unknown,producthunt,False,referral,False,launch,False,anthony.anderson@shipmate.io,anthony.anderson@shipmate.io,work,False,False,False,False,False,www.shipmate.io,True,,True,False,,false,verified_in,,true,false
L2245,2026-05-08,Sarah,Wilson,sarah.wilson@shipmate.io,sre,Shipmate,,201-500,Software,NL,youtube,video,tutorial-series,Yes,Sarah,Wilson,Shipmate,sre,NL,False,Yes,true,youtube,False,video,False,tutorial-series,False,sarah.wilson@shipmate.io,sarah.wilson@shipmate.io,work,False,False,False,False,False,,False,,True,False,,true,verified_in,,false,false
L2732,2026-06-28,Joshua,Adams,jadams@synthworks.ai,Head of Data Science,SynthWorks AI,synthworks.ai,11-50,,IN,github,referral,docs-cta,,Joshua,Adams  ,SynthWorks AI,Head of Data Science  ,india,False,,unknown,github,False,referral,False,docs-cta,False,jadams@synthworks.ai,jadams@synthworks.ai,work,False,False,False,False,False,www.synthworks.ai,True,,True,False,,false,ambiguous,,false,false
L2772,2026-05-21,Thomas,Carter,thomas.carter@loopware.io,MLOps Engineer,Loopware,,1000+,,SG,google,cpc,gpu-cloud-nonbrand,,Thomas,CARTER,Loopware,MLOps Engineer,Singapore,False,,unknown,google,False,cpc,False,gpu-cloud-nonbrand,False,thomas.carter@loopware.io,thomas.carter@loopware.io,work,False,False,False,False,False,,False,,True,False,,false,ambiguous,,false,false
L1680,2026-06-29,Lisa,Williams,williams.lisa@embediq.ai,Chief AI Officer,EmbedIQ,embediq.ai,1000+,,SE,,,,opted_in,Lisa  ,Williams,EmbedIQ,Chief AI Officer,SE,False,opted_in,true,null,True,null,True,null,True,williams.lisa@embediq.ai,williams.lisa@embediq.ai,work,False,False,False,False,False,www.embediq.ai,True,,True,False,,true,verified_in,,false,false
L1672,2026-06-28,Ashley,Keller,ashley.keller@gmail.com,Financial Analyst,DATABARN,databarn.io,11-50,Software,GB,google,cpc,gpu-cloud-nonbrand,pending,Ashley, Keller,DATABARN,Financial Analyst,GB,False,pending,unknown,google,False,cpc,False,gpu-cloud-nonbrand,False,ashley.keller@gmail.com,ashley.keller@gmail.com,freemail,False,False,False,False,False,https://databarn.io,True,,True,False,,false,ambiguous,,false,false
L1563,2026-04-16,Laura,Green,laura.green@tensorloop.io,Student,TENSORLOOP,tensorloop.io,51-200,AI/ML software,BR,google,cpc,gpu-cloud-nonbrand,true,Laura,Green,TENSORLOOP,Student,BR,False,true,true,google,False,cpc,False,gpu-cloud-nonbrand,False,laura.green@tensorloop.io,laura.green@tensorloop.io,work,False,False,False,False,False,www.tensorloop.io,True,,True,False,,false,verified_in,,true,false
L2583,2026-05-12,Kevin,Muller,kevin_muller@cornerstoneins.com,"vp, engineering",,,,,CA,google,cpc,brand-search-q3,NULL,KEVIN,Muller,," vp, engineering",canada,False,NULL,unknown,google,False,cpc,False,brand-search-q3,False,kevin_muller@cornerstoneins.com,kevin_muller@cornerstoneins.com,work,False,False,False,False,False,,False,,True,False,,false,verified_in,,false,true
L1616,2026-04-01,Zara,King,zarak@tokenworks.io,SVP Engineering,,,,,CA,github,referral,docs-cta,,Zara,King,,SVP Engineering,CA,False,,unknown,github,False,referral,False,docs-cta,False,zarak@tokenworks.io,zarak@tokenworks.io,work,False,False,False,False,False,,False,,True,False,,false,verified_in,,false,false
L1121,2026-06-19,William,Muller,muller.william@databarn.io,Builder,DATABARN,databarn.io,11-50,Software,BR,google,organic,,granted,William,Muller,DATABARN,Builder,Brazil,False,granted,true,google,False,organic,False,,True,muller.william@databarn.io,muller.william@databarn.io,work,False,False,False,False,False,https://databarn.io,True,,True,False,,false,verified_in,,false,false
L2813,2026-05-14,Robert,Thomas,rthomas@voiceforge.ai,Content Writer,VoiceForge,,51-200,,AU,youtube,video,tutorial-series,,Robert,Thomas,VoiceForge,Content Writer,Australia,False,,unknown,youtube,False,video,False,tutorial-series,False,rthomas@voiceforge.ai,rthomas@voiceforge.ai,work,False,False,False,False,False,,False,rthomas@voiceforge.ai,True,False,,false,verified_out,,false,false
L1959,2026-05-09,Michael,Hassan,michaelh@bluebirdtravel.com,Research Engineer,Bluebird Travel,bluebirdtravel.com,51-200,Travel,BR,blog,referral,pricing-post,,michael,Hassan,Bluebird Travel,Research Engineer,brazil,False,,unknown,blog,False,referral,False,pricing-post,False,michaelh@bluebirdtravel.com,michaelh@bluebirdtravel.com,work,False,False,False,False,False,https://bluebirdtravel.com,True,,True,False,,false,ambiguous,,false,false
L2598,2026-05-13,James,Baker,james.baker@bluebirdtravel.com,Marketing Manager,Bluebird Travel,bluebirdtravel.com,51-200,Travel,GB,facebook,social,q3,,James,Baker,Bluebird Travel,Marketing Manager,uk,False,,unknown,fb_paid,False,social,False,q3,False,james.baker@bluebirdtravel.com,james.baker@bluebirdtravel.com,work,False,False,False,False,False,www.bluebirdtravel.com,True,,True,False,,false,verified_out,,false,true
L1892,2026-04-27,David,Chen,chen.david@stacklinesoftware.com,Head of AI,Stackline Software,stacklinesoftware.com,11-50,Software,DE,newsletter,email,weekly-digest,yes,David,Chen,Stackline Software,Head of AI  ,Germany,False,yes,true,newsletter,False,email,False,weekly-digest,False,chen.david@stacklinesoftware.com,chen.david@stacklinesoftware.com,work,False,False,False,False,False,www.stacklinesoftware.com,True,,True,False,,true,verified_in,,true,false
L1694,2026-04-08,Nancy,Gonzalez,ngonzalez@databarn.io,Infrastructure Engineer,DataBarn,databarn.io,11-50,,US,blog,referral,pricing-post,unknown,NANCY,gonzalez,DataBarn,Infrastructure Engineer,usa,False,unknown,unknown,blog,False,referral,False,pricing-post,False,ngonzalez@databarn.io,ngonzalez@databarn.io,work,False,False,False,False,False,www.databarn.io,True,,True,False,,false,ambiguous,,false,false
L2572,2026-05-04,Debra,Kowalski,KOWALSKI.DEBRA@TENSORLOOP.IO,Head of Platform,TensorLoop,,51-200,,BR,youtube,video,tutorial-series,NULL,debra,Kowalski,TensorLoop,Head of Platform,brazil,False,NULL,unknown,youtube,False,video,False,tutorial-series,False,KOWALSKI.DEBRA@TENSORLOOP.IO,kowalski.debra@tensorloop.io,work,False,False,False,False,False,,False,,True,False,,false,ambiguous,,false,false
L1445,2026-06-09,Zara,Campbell,zcampbell@databarn.io,"vp, engineering",DataBarn,databarn.io,11-50,Software,CA,google,cpc,brand-search-q3,,Zara,campbell,DataBarn,"vp, engineering",Canada,False,,unknown,google,False,cpc,False,brand-search-q3,False,zcampbell@databarn.io,zcampbell@databarn.io,work,False,False,False,False,False,www.databarn.io,True,,True,False,,false,ambiguous,,false,false
L1155,2026-06-05,Laura,Sanchez,lauras@greenleaflandscaping.com,Computer Vision Engineer,GreenLeaf Landscaping,greenleaflandscaping.com,,Services,BR,google,organic,,pending,Laura,Sanchez,GreenLeaf Landscaping,Computer Vision Engineer  ,brazil,False,pending,unknown,google,False,organic,False,,True,lauras@greenleaflandscaping.com,lauras@greenleaflandscaping.com,work,False,False,False,False,False,www.greenleaflandscaping.com,True,,True,False,,false,verified_in,,false,false
L2517,2026-05-15,Elizabeth,Green,elizabethg@copilothealth.ai,Backend Engineer,Copilot Health AI,copilothealth.ai,1-10,,GB,google,cpc,gpu-cloud-nonbrand,,ELIZABETH,Green,Copilot Health AI,Backend Engineer,GB,False,,unknown,google,False,cpc,False,gpu-cloud-nonbrand,False,elizabethg@copilothealth.ai,elizabethg@copilothealth.ai,work,False,False,False,False,False,https://copilothealth.ai,True,,True,False,,false,verified_out,,true,false
L1323,2026-04-03,Kevin,Green,kevin_green@outlook.com,Software Engineer,Cloudspan,cloudspan.dev,,Software,IT,facebook,cpc,fb-q3-conversions,1,Kevin,Green,Cloudspan,Software Engineer,Italia,False,1,true,Facebook Ads,False,cpc,False,fb-q3-conversions,False,kevin_green@outlook.com,kevin_green@outlook.com,freemail,False,False,False,False,False,https://cloudspan.dev,True,,True,False,,true,verified_in,,false,false
L1078,2026-05-06,Sarah,Sanchez,ssanchez@corticon.ai,Research Engineer,corticon ai,corticon.ai,,AI/ML software,SG,producthunt,referral,launch,pending,Sarah,Sanchez,corticon ai,Research Engineer,SG,False,pending,unknown,producthunt,False,referral,False,launch,False,ssanchez@corticon.ai,ssanchez@corticon.ai,work,False,False,False,False,False,https://corticon.ai,True,,True,False,,false,ambiguous,,false,false
L2698,2026-04-27,Stephen,Young,stephen_young@neuralmarketing.co,Head of MLOps,Neural Marketing Co,neuralmarketing.co,1-10,,ES,google,organic,,,Stephen,YOUNG,Neural Marketing Co,Head of MLOps,ES,False,,unknown,google,False,organic,False,,True,stephen_young@neuralmarketing.co,stephen_young@neuralmarketing.co,work,False,False,False,False,False,https://neuralmarketing.co,True,,True,False,,true,verified_in,,false,false
L2838,2026-04-17,Alexander,Johansson,alexander.johansson@gmail.com,Platform Engineer,Corticon AI,corticon.ai,,AI/ML software,SG,producthunt,referral,launch,,Alexander,JOHANSSON,Corticon AI,Platform Engineer,SG,False,,unknown,producthunt,False,referral,False,launch,False,alexander.johansson@gmail.com,alexander.johansson@gmail.com,freemail,False,False,False,False,False,www.corticon.ai,True,alexander.johansson@gmail.com,True,False,,false,verified_in,,false,false
L2063,2026-06-23,Kimberly,Walker,walker.kimberly@quantumnails.com,Business Analyst,Quantum Nails Salon,quantumnails.com,51-200,Beauty,IN,,,,,Kimberly,Walker,Quantum Nails Salon,Business Analyst,IN,False,,unknown,{{utm_source}},True,{{utm_medium}},True,{{utm_campaign}},True,walker.kimberly@quantumnails.com,walker.kimberly@quantumnails.com,work,False,False,False,False,False,https://quantumnails.com,True,,True,False,,false,verified_in,,false,false
L2900,2026-06-19,Robert,Johansson,johansson.robert@greenleaflandscaping.com,Staff Engineer,GreenLeaf Landscaping,greenleaflandscaping.com,51-200,Services,CA,docs,referral,quickstart,pending,Robert,Johansson,GreenLeaf Landscaping,Staff Engineer,CA,False,pending,unknown,docs,False,referral,False,quickstart,False,johansson.robert@greenleaflandscaping.com,johansson.robert@greenleaflandscaping.com,work,False,False,False,False,False,www.greenleaflandscaping.com,True,johansson.robert@greenleaflandscaping.com,True,True,job_title,false,ambiguous,,false,false
L1010,2026-04-04,Larry,Scott,scott.larry@modelry.ai,Social Media Manager,Modelry,modelry.ai,1-10,AI/ML software,GB,google,cpc,brand-search,,LARRY,Scott, Modelry,Social Media Manager,GB,False,,unknown,google ,False, cpc,False,brand search,False,scott.larry@modelry.ai,scott.larry@modelry.ai,work,False,False,False,False,False,www.modelry.ai,True,,True,False,,false,verified_in,,false,false
L2021,2026-04-14,Katherine,Schmidt,kschmidt@quantumnails.com,Director of Infrastructure,Quantum Nails Salon,quantumnails.com,51-200,Beauty,GB,google,organic,,TRUE,KATHERINE,Schmidt,Quantum Nails Salon,Director of Infrastructure  ,United Kingdom,False,TRUE,true,google,False,organic,False,,True,kschmidt@quantumnails.com,kschmidt@quantumnails.com,work,False,False,False,False,False,www.quantumnails.com,True,,True,False,,false,verified_in,,false,false
L2092,2026-04-18,Janet,Perez,janet_perez@diffusia.io,SVP Engineering,Diffusia,diffusia.io,1-10,AI/ML software,DE,twitter,social,launch-week,true,Janet,Perez,Diffusia,SVP Engineering,Germany,False,true,true,twitter,False,social,False,launch-week,False,janet_perez@diffusia.io,janet_perez@diffusia.io,work,False,False,False,False,False,https://diffusia.io,True,,True,False,,true,verified_in,,false,false
L2504,2026-05-13,Fatima,Martin,fatima_martin@orbitalmind.ai,AI Engineer,Orbital Mind,orbitalmind.ai,201-500,AI/ML software,IN,youtube,video,tutorial-series,,Fatima,Martin,Orbital Mind,AI Engineer,india,False,,unknown,youtube,False,video,False,tutorial-series,False,fatima_martin@orbitalmind.ai,fatima_martin@orbitalmind.ai,work,False,False,False,False,False,www.orbitalmind.ai,True,,True,False,,false,verified_out,,false,false
L2426,2026-06-23,Christine,Larsen,christine_larsen@proton.me,Indie hacker,State University,stateuniv.edu,1000+,Education,CA,reddit,social,r-machinelearning,,Christine,Larsen, State University,Indie hacker,canada,False,,unknown,reddit,False,social,False,r-machinelearning,False,christine_larsen@proton.me,christine_larsen@proton.me,freemail,False,False,False,False,False,https://stateuniv.edu,True,,True,False,,false,ambiguous,,false,false
L1586,2026-04-23,Ronald,Ali,rali@deepharbor.ai,,DeepHarbor,deepharbor.ai,201-500,AI/ML software,AU,,,,NULL,Ronald,Ali,DeepHarbor,,Australia,False,NULL,unknown,(direct),True,(none),True,,True,rali@deepharbor.ai,rali@deepharbor.ai,work,False,False,False,False,False,https://deepharbor.ai,True,,True,False,,false,ambiguous,,false,false
L2191,2026-04-21,Brenda,Hassan,brenda.hassan@luminaml.com,ML Engineer,LUMINA ML,luminaml.com,11-50,,GB,google,cpc,gpu-cloud-nonbrand,,brenda,Hassan,LUMINA ML,ML Engineer,UK,False,,unknown,google,False,cpc,False,gpu-cloud-nonbrand,False,brenda.hassan@luminaml.com,brenda.hassan@luminaml.com,work,False,False,False,False,False,https://luminaml.com,True,,True,False,,false,ambiguous,,false,false
L2344,2026-05-11,Katherine,Adams,adams.katherine@ragpipe.dev,MS Student,RagPipe,ragpipe.dev,501-1000,,US,youtube,video,tutorial-series,NULL,Katherine,Adams,RagPipe,MS Student,USA,False,NULL,unknown,youtube,False,video,False,tutorial-series,False,adams.katherine@ragpipe.dev,adams.katherine@ragpipe.dev,work,False,False,False,False,False,www.ragpipe.dev,True,,True,False,,false,verified_in,,false,false
L2409,2026-05-18,George,Anderson,ganderson@cascade-ai.com,Senior ML Engineer,cascade ai,cascade-ai.com,51-200,AI/ML software,CA,twitter,social,launch-week,granted,George,Anderson,cascade ai,Senior ML Engineer,canada,False,granted,true,twitter,False,social,False,launch-week,False,ganderson@cascade-ai.com,ganderson@cascade-ai.com,work,False,False,False,False,False,www.cascade-ai.com,True,,True,False,,false,verified_in,,false,true
L2657,2026-05-25,Debra,Torres,debrat@synapsefoundry.com,Staff Engineer,Synapse Foundry,synapsefoundry.com,11-50,AI/ML software,US,,,,NULL,DEBRA,Torres,Synapse Foundry,Staff Engineer,USA,False,NULL,unknown,{{utm_source}},True,{{utm_medium}},True,{{utm_campaign}},True,debrat@synapsefoundry.com,debrat@synapsefoundry.com,work,False,False,False,False,False,https://synapsefoundry.com,True,,True,False,,false,ambiguous,,false,false
L2215,2026-04-11,Benjamin,Okafor,benjamin_okafor@opsfleet.com,Deep Learning Engineer,Opsfleet,opsfleet.com,,Software,IN,youtube,video,tutorial-series,,Benjamin  ,Okafor,Opsfleet,Deep Learning Engineer,india,False,,unknown,youtube,False,video,False,tutorial-series,False,benjamin_okafor@opsfleet.com,benjamin_okafor@opsfleet.com,work,False,False,False,False,False,www.opsfleet.com,True,,True,False,,false,ambiguous,,false,false
L1100,2026-04-18,Donald,Fischer,donaldf@finetunelabs.com,Director of Platform Engineering,Finetune Labs,finetunelabs.com,1-10,AI/ML software,PL,producthunt,referral,launch,,Donald,Fischer,Finetune Labs,Director of Platform Engineering,Poland,False,,unknown,producthunt,False,referral,False,launch,False,donaldf@finetunelabs.com,donaldf@finetunelabs.com,work,False,False,False,False,False,www.finetunelabs.com,True,,True,False,,true,verified_in,,false,false
L1351,2026-06-09,Cynthia,Muller,cmuller@quantumnails.com,Content Writer,Quantum Nails Salon,,51-200,Beauty,IE,,,,1,Cynthia,MULLER,Quantum Nails Salon,Content Writer,Ireland,False,1,true,{{utm_source}},True,{{utm_medium}},True,{{utm_campaign}},True,cmuller@quantumnails.com,cmuller@quantumnails.com,work,False,False,False,False,False,,False,cmuller@quantumnails.com,True,False,,true,verified_in,,false,false
L2715,2026-06-03,Laura,Hansen,laura_hansen@northernuni.edu,Graduate Student,Northern University,northernuni.edu,1000+,,GB,facebook,cpc,fb-q3-conversions,granted,Laura,Hansen,Northern University,Graduate Student,United Kingdom,False,granted,true,Facebook Ads,False,cpc,False,fb-q3-conversions,False,laura_hansen@northernuni.edu,laura_hansen@northernuni.edu,work,False,False,True,False,False,www.northernuni.edu,True,,True,False,,false,verified_in,,false,false
L2744,2026-05-29,Nicole,Allen,nallen@synthworks.ai,,SynthWorks AI,synthworks.ai,11-50,AI/ML software,IN,google,organic,,NULL,nicole,ALLEN  ,SynthWorks AI,,India,False,NULL,unknown,google,False,organic,False,,True,nallen@synthworks.ai,nallen@synthworks.ai,work,False,False,False,False,False,www.synthworks.ai,True,,True,False,,false,verified_in,,false,false
L1491,2026-05-05,Betty,Ali,bettya@proton.me,student,state university,stateuniv.edu,1000+,Education,,linkedin,paid_social,serverless-launch,unknown, Betty,Ali  ,state university, student,,False,unknown,unknown,linkedin,False,paid_social,False,serverless-launch,False,bettya@proton.me,bettya@proton.me,freemail,False,False,False,False,False,www.stateuniv.edu,True,,True,False,,false,ambiguous,,false,false
L1148,2026-06-07,Pamela,Ali,pamela.ali@maplegrovebakery.com,Recruiter,MAPLE GROVE BAKERY,maplegrovebakery.com,1-10,Food and beverage,BR,google,cpc,gpu-cloud-nonbrand,,Pamela,Ali,MAPLE GROVE BAKERY,Recruiter,brazil,False,,unknown,google,False,cpc,False,gpu-cloud-nonbrand,False,pamela.ali@maplegrovebakery.com,pamela.ali@maplegrovebakery.com,work,False,False,False,False,False,https://maplegrovebakery.com,True,,True,False,,false,verified_in,,false,true
L2413,2026-05-14,Amara,Kim,amarak@voxeldynamics.ai,Head of ML,voxel dynamics,voxeldynamics.ai,51-200,AI/ML software,SG,youtube,video,tutorial-series,,Amara, Kim,voxel dynamics,Head of ML,Singapore,False,,unknown,youtube,False,video,False,tutorial-series,False,amarak@voxeldynamics.ai,amarak@voxeldynamics.ai,work,False,False,False,False,False,https://voxeldynamics.ai,True,,True,False,,false,ambiguous,,false,false
L1050,2026-05-23,Melissa,Hill,hill.melissa@instech.edu,PhD Candidate,Institute of Technology,instech.edu,1000+,,CA,youtube,video,tutorial-series,,Melissa,Hill,Institute of Technology,PhD Candidate,canada,False,,unknown,youtube,False,video,False,tutorial-series,False,hill.melissa@instech.edu,hill.melissa@instech.edu,work,False,False,True,False,False,www.instech.edu,True,,True,False,,false,ambiguous,,false,false
L1321,2026-05-23,Brandon,Wright,brandonw@opsfleet.com,Applied Scientist,opsfleet,opsfleet.com,1000+,,IE,docs,referral,quickstart,opted_in,Brandon,Wright,opsfleet, Applied Scientist,Ireland,False,opted_in,true,docs,False,referral,False,quickstart,False,brandonw@opsfleet.com,brandonw@opsfleet.com,work,False,False,False,False,False,https://opsfleet.com,True,,True,False,,true,verified_in,,false,false
L2337,2026-04-14,Lisa,Hall,lhall@gmail.com,Sales Development Rep,Copilot Health AI,copilothealth.ai,1-10,AI/ML software,CA,google,organic,,NULL,Lisa  ,Hall,Copilot Health AI,Sales Development Rep,CA,False,NULL,unknown,google,False,organic,False,,True,lhall@gmail.com,lhall@gmail.com,freemail,False,False,False,False,False,https://copilothealth.ai,True,,True,False,,false,verified_in,,false,false
L2756,2026-04-12,Stephanie,Sharma,ssharma@outlook.com,Data Scientist,EmbedIQ,embediq.ai,1000+,AI/ML software,CA,google,cpc,gpu-cloud-nonbrand,unknown,Stephanie,Sharma,EmbedIQ,Data Scientist,canada,False,unknown,unknown,google,False,cpc,False,gpu-cloud-nonbrand,False,ssharma@outlook.com,ssharma@outlook.com,freemail,False,False,False,False,False,www.embediq.ai,True,,True,False,,false,verified_in,,false,false
L2326,2026-04-07,Ashley,Sanchez,ashleys@copilothealth.ai,sre,Copilot Health AI,,1-10,AI/ML software,IN,google,cpc,gpu-cloud-nonbrand,pending,Ashley,Sanchez, Copilot Health AI,sre,IN,False,pending,unknown,google,False,cpc,False,gpu-cloud-nonbrand,False,ashleys@copilothealth.ai,ashleys@copilothealth.ai,work,False,False,False,False,False,,False,,True,False,,false,ambiguous,,false,false
L1803,2026-05-09,Debra,Green,green.debra@evalhouse.ai,Director of Infrastructure,EvalHouse,evalhouse.ai,1-10,AI/ML software,JP,google,cpc,gpu-cloud-nonbrand,NULL,Debra,Green,EvalHouse,Director of Infrastructure,japan,False,NULL,unknown,google,False,cpc,False,gpu-cloud-nonbrand,False,green.debra@evalhouse.ai,green.debra@evalhouse.ai,work,False,False,False,False,False,https://evalhouse.ai,True,,True,False,,false,verified_in,,false,false
L1011,2026-05-15,Kenneth,Schulz,kenneth_schulz@greenleaflandscaping.com,Product Marketing Manager,GreenLeaf Landscaping,,51-200,Services,GB,newsletter,email,weekly-digest,pending,Kenneth,Schulz,GreenLeaf Landscaping,Product Marketing Manager,UK,False,pending,unknown,newsletter,False,email,False,weekly-digest,False,kenneth_schulz@greenleaflandscaping.com,kenneth_schulz@greenleaflandscaping.com,work,False,False,False,False,False,,False,,True,False,,false,verified_in,,true,false
L1483,2026-06-09,Michelle,Harris,mharris@opsfleet.com,Platform Engineer,Opsfleet,opsfleet.com,1000+,Software,BR,linkedin,paid_social,serverless-launch,,Michelle,Harris,Opsfleet,Platform Engineer,Brazil,False,,unknown,linkedin,False,paid_social,False,serverless-launch,False,mharris@opsfleet.com,mharris@opsfleet.com,work,False,False,False,False,False,www.opsfleet.com,True,mharris@opsfleet.com,True,False,,false,ambiguous,,false,false
L1838,2026-05-17,Mark,Wright,wright.mark@proton.me,Co-founder,Cornerstone Insurance,,11-50,Insurance,AU,google,cpc,brand-search-q3,,Mark,Wright,Cornerstone Insurance,Co-founder,Australia,False,,unknown,google,False,cpc,False,brand-search-q3,False,wright.mark@proton.me,wright.mark@proton.me,freemail,False,False,False,False,False,,False,,True,False,,false,verified_in,,false,true
L1416,2026-06-21,Daniel,Gonzalez,daniel.gonzalez@summitdentalgroup.com,Executive Assistant,Summit Dental Group,,11-50,Healthcare,GB,producthunt,referral,launch,,DANIEL,Gonzalez,Summit Dental Group,Executive Assistant,uk,False,,unknown,producthunt,False,referral,False,launch,False,daniel.gonzalez@summitdentalgroup.com,daniel.gonzalez@summitdentalgroup.com,work,False,False,False,False,False,,False,,True,False,,false,verified_in,,false,false
L2070,2026-04-25,Edward,Ramirez,RAMIREZ.EDWARD@EVALHOUSE.AI,Head of Data Science,EvalHouse,evalhouse.ai,1-10,AI/ML software,SG,docs,referral,quickstart,,Edward,Ramirez,EvalHouse,Head of Data Science,Singapore,False,,unknown,docs,False,referral,False,quickstart,False,RAMIREZ.EDWARD@EVALHOUSE.AI,ramirez.edward@evalhouse.ai,work,False,False,False,False,False,https://evalhouse.ai,True,,True,False,,false,verified_out,,false,false
L1030,2026-06-18,Linda,Andersson,landersson@tensorloop.io,Machine Learning Engineer,TensorLoop,tensorloop.io,51-200,AI/ML software,US,,,,TRUE,Linda,ANDERSSON,TensorLoop, Machine Learning Engineer,US,False,TRUE,true,undefined,True,undefined,True,,True,landersson@tensorloop.io,landersson@tensorloop.io,work,False,False,False,False,False,www.tensorloop.io,True,,True,False,,false,verified_in,,false,false
L2435,2026-06-04,Stephanie,Kim,stephaniek@axonresearch.ai,Computer Vision Engineer,Axon Research,,11-50,AI/ML software,IE,github,referral,docs-cta,,Stephanie,Kim,Axon Research,Computer Vision Engineer,Ireland,False,,unknown,github,False,referral,False,docs-cta,False,stephaniek@axonresearch.ai,stephaniek@axonresearch.ai,work,False,False,False,False,False,,False,,True,False,,true,ambiguous,EU / Consent Verification Needed,false,false
L1630,2026-05-20,Pamela,Garcia,garcia.pamela@securexsystems.com,Account Executive,,,,,US,google,organic,,pending,Pamela,garcia,,Account Executive,united states,False,pending,unknown,google,False,organic,False,,True,garcia.pamela@securexsystems.com,garcia.pamela@securexsystems.com,work,False,False,False,False,False,,False,,True,False,,false,ambiguous,,false,false
L2274,2026-05-14,Sofia,Meyer,sofia_meyer@gradientpeak.ai,,Gradient Peak,,201-500,AI/ML software,,producthunt,referral,launch,NULL,Sofia,Meyer,Gradient Peak,,,False,NULL,unknown,producthunt,False,referral,False,launch,False,sofia_meyer@gradientpeak.ai,sofia_meyer@gradientpeak.ai,work,False,False,False,False,False,,False,,True,False,,false,ambiguous,,false,false
L1288,2026-05-31,Joshua,Keller,jkeller@promptline.ai,Research Engineer,Promptline,promptline.ai,11-50,,CA,google,cpc,gpu-cloud-nonbrand,,Joshua,Keller,Promptline,Research Engineer,canada,False,,unknown,google,False,cpc,False,gpu-cloud-nonbrand,False,jkeller@promptline.ai,jkeller@promptline.ai,work,False,False,False,False,False,https://promptline.ai,True,,True,False,,false,ambiguous,,false,false
L2192,2026-04-27,Debra,Schmidt,debra.schmidt@tensorloop.io,Co-Founder & CTO,TensorLoop,tensorloop.io,,AI/ML software,JP,facebook,paid,fb_q3,,debra, Schmidt,TensorLoop,Co-Founder & CTO,japan,False,,unknown,FB,False,paid,False,fb_q3,False,debra.schmidt@tensorloop.io,debra.schmidt@tensorloop.io,work,False,False,False,False,False,https://tensorloop.io,True,,True,False,,false,verified_in,,false,false
L2666,2026-04-08,Amy,Martinez,AMYM@HARBORVIEWLOGISTICS.COM,Independent Consultant,HARBORVIEW LOGISTICS,,201-500,Logistics,SG,,,,,amy  ,Martinez,HARBORVIEW LOGISTICS,Independent Consultant,Singapore,False,,unknown,(direct),True,(none),True,,True,AMYM@HARBORVIEWLOGISTICS.COM,amym@harborviewlogistics.com,work,False,False,False,False,False,,False,,True,False,,false,verified_out,,true,false
L1722,2026-06-12,Margaret,Smith,MARGARET_SMITH@TENSORLOOP.IO,Marketing Manager,,,,,IE,youtube,video,tutorial-series,TRUE,Margaret,smith,,Marketing Manager,IE,False,TRUE,true,youtube,False,video,False,tutorial-series,False,MARGARET_SMITH@TENSORLOOP.IO,margaret_smith@tensorloop.io,work,False,False,False,False,False,,False,,True,False,,true,verified_in,,false,false
L1826,2026-05-20,Zara,Larsen,ZARA.LARSEN@HARBORVIEWLOGISTICS.COM,Office Manager,Harborview Logistics,harborviewlogistics.com,201-500,Logistics,AU,linkedin,paid_social,serverless-launch,,Zara,Larsen,Harborview Logistics,Office Manager,australia,False,,unknown,linkedin,False,paid_social,False,serverless-launch,False,ZARA.LARSEN@HARBORVIEWLOGISTICS.COM,zara.larsen@harborviewlogistics.com,work,False,False,False,False,False,https://harborviewlogistics.com,True,,True,False,,false,ambiguous,,false,false
L1811,2026-04-17,Kevin,Green,kevin_green@vectorly.ai,DevOps Engineer,Vectorly AI,vectorly.ai,11-50,AI/ML software,IN,linkedin,paid_social,serverless-launch,opted_in,kevin,Green,Vectorly AI,DevOps Engineer,IN,False,opted_in,true,linkedin,False,paid_social,False,serverless-launch,False,kevin_green@vectorly.ai,kevin_green@vectorly.ai,work,False,False,False,False,False,https://vectorly.ai,True,,True,False,,false,verified_in,,false,false
L2363,2026-06-10,Matthew,Clark,matthewc@stateuniv.edu,Indie hacker,State University,stateuniv.edu,,Education,PL,docs,referral,quickstart,granted, Matthew,Clark,State University,Indie hacker,poland,False,granted,true,docs,False,referral,False,quickstart,False,matthewc@stateuniv.edu,matthewc@stateuniv.edu,work,False,False,True,False,False,www.stateuniv.edu,True,,True,False,,true,verified_in,,false,false
L1378,2026-04-01,Jonathan,Johnson,jonathanj@yahoo.com,PhD Candidate,Northern University,northernuni.edu,1000+,,US,facebook,cpc,fb-q3-conversions,true,Jonathan,johnson,Northern University  ,PhD Candidate  ,US,False,true,true,Facebook Ads,False,cpc,False,fb-q3-conversions,False,jonathanj@yahoo.com,jonathanj@yahoo.com,freemail,False,False,False,False,False,https://northernuni.edu,True,,True,False,,false,verified_in,,true,false
L1055,2026-04-16,Timothy,Roberts,timothy_roberts@stacklinesoftware.com,Head of ML,STACKLINE SOFTWARE,stacklinesoftware.com,11-50,Software,US,newsletter,email,weekly-digest,,Timothy,roberts,STACKLINE SOFTWARE,Head of ML,U.S.,False,,unknown,newsletter,False,email,False,weekly-digest,False,timothy_roberts@stacklinesoftware.com,timothy_roberts@stacklinesoftware.com,work,False,False,False,False,False,www.stacklinesoftware.com,True,,True,False,,false,ambiguous,,false,false
L2491,2026-06-13,Lisa,Smith,lisa_smith@evalhouse.ai,Head of Data Science,EvalHouse,,1-10,AI/ML software,PL,facebook,cpc,fb-q3-conversions,true,Lisa,Smith  ,EvalHouse,Head of Data Science,PL,False,true,true,Facebook Ads,False,cpc,False,fb-q3-conversions,False,lisa_smith@evalhouse.ai,lisa_smith@evalhouse.ai,work,False,False,False,False,False,,False,lisa_smith@evalhouse.ai,True,False,,true,verified_in,,false,false
L2879,2026-05-04,Scott,Flores,scott_flores@roboticsone.ai,Platform Engineer,RoboticsOne (formerly RoboticsOne Labs),roboticsone.ai,501-1000,AI/ML software,BR,google,cpc,gpu-cloud-nonbrand,granted,scott,Flores,RoboticsOne (formerly RoboticsOne Labs),Platform Engineer,brazil,False,granted,true,google,False,cpc,False,gpu-cloud-nonbrand,False,scott_flores@roboticsone.ai,scott_flores@roboticsone.ai,work,False,False,False,False,False,www.roboticsone.ai,True,scott_flores@roboticsone.ai,True,True,company,false,verified_in,,false,false
L1044,2026-06-05,Raymond,Weber,raymondw@loopware.io,Recruiter,LOOPWARE,loopware.io,1000+,,DE,twitter,social,launch-week,1,raymond,Weber,LOOPWARE,Recruiter,Germany,False,1,true,twitter,False,social,False,launch-week,False,raymondw@loopware.io,raymondw@loopware.io,work,False,False,False,False,False,www.loopware.io,True,,True,False,,true,verified_in,,false,false
L2478,2026-06-01,Zara,Miller,zara.miller@stateuniv.edu,MS Student,State University,stateuniv.edu,1000+,Education,JP,twitter,social,launch-week,,Zara,Miller,State University,MS Student,japan,False,,unknown,twitter,False,social,False,launch-week,False,zara.miller@stateuniv.edu,zara.miller@stateuniv.edu,work,False,False,True,False,False,https://stateuniv.edu,True,,True,False,,false,verified_out,,false,false
L1123,2026-06-01,Dennis,Jones,dennisj@cloudspan.dev,Director of Infrastructure,Cloudspan,,,Software,GB,linkedin,paid_social,serverless-launch,,Dennis,Jones,Cloudspan,Director of Infrastructure,GB,False,,unknown,linkedin,False,paid_social,False,serverless-launch,False,dennisj@cloudspan.dev,dennisj@cloudspan.dev,work,False,False,False,False,False,,False,,True,False,,false,verified_out,,false,false
L1211,2026-06-22,Alexander,Schulz,alexander_schulz@northernuni.edu,Freelancer,Northern University,northernuni.edu,1000+,,US,blog,referral,pricing-post,unknown,Alexander,Schulz,Northern University,Freelancer  ,United States,False,unknown,unknown,blog,False,referral,False,pricing-post,False,alexander_schulz@northernuni.edu,alexander_schulz@northernuni.edu,work,False,False,True,False,False,https://northernuni.edu,True,alexander_schulz@northernuni.edu,True,True,job_title,false,ambiguous,,false,false
L2328,2026-04-27,Michael,Moore,michael.moore@voxeldynamics.ai,Applied Scientist,Voxel Dynamics,,51-200,AI/ML software,PL,blog,referral,pricing-post,true,Michael,MOORE,Voxel Dynamics,Applied Scientist,Poland,False,true,true,blog,False,referral,False,pricing-post,False,michael.moore@voxeldynamics.ai,michael.moore@voxeldynamics.ai,work,False,False,False,False,False,,False,,True,False,,true,verified_out,,false,false
L1412,2026-06-15,Margaret,Rivera,margaret_rivera@summitdentalgroup.com,,summit dental group,,11-50,Healthcare,SG,,,,NULL,Margaret  ,rivera,summit dental group,,SG,False,NULL,unknown,test,True,test,True,test-campaign-DELETE,True,margaret_rivera@summitdentalgroup.com,margaret_rivera@summitdentalgroup.com,work,False,False,False,False,False,,False,,True,False,,false,verified_out,,true,false
L1898,2026-06-01,Brenda,Park,brenda_park@inferralabs.com,,Inferra Labs,inferralabs.com,1000+,,AU,github,referral,docs-cta,,Brenda  ,Park,Inferra Labs,,australia,False,,unknown,github,False,referral,False,docs-cta,False,brenda_park@inferralabs.com,brenda_park@inferralabs.com,work,False,False,False,False,False,https://inferralabs.com,True,,True,False,,false,ambiguous,,false,false
L1644,2026-06-15,Yuki,Patel,yuki_patel@instech.edu,Undergraduate,Institute of Technology,instech.edu,1000+,Education,JP,,,,TRUE,Yuki,Patel,Institute of Technology,Undergraduate,japan,False,TRUE,true,test,True,test,True,test-campaign-DELETE,True,yuki_patel@instech.edu,yuki_patel@instech.edu,work,False,False,True,False,False,https://instech.edu,True,,True,False,,false,verified_in,,true,false
L2396,2026-05-16,Mei,Park,MEIP@BELLAVISTAREALTY.COM,CTO,Bella Vista Realty,bellavistarealty.com,201-500,Real estate,GB,docs,referral,quickstart,unknown,Mei,Park  ,Bella Vista Realty,CTO,United Kingdom,False,unknown,unknown,docs,False,referral,False,quickstart,False,MEIP@BELLAVISTAREALTY.COM,meip@bellavistarealty.com,work,False,False,False,False,False,www.bellavistarealty.com,True,,True,False,,false,verified_in,,true,false
L1431,2026-05-15,Carolyn,Hansen,carolyn_hansen@databarn.io,Director of Infrastructure,,,,,US,google,cpc,gpu-cloud-nonbrand,NULL,Carolyn,HANSEN,,Director of Infrastructure,usa,False,NULL,unknown,google,False,cpc,False,gpu-cloud-nonbrand,False,carolyn_hansen@databarn.io,carolyn_hansen@databarn.io,work,False,False,False,False,False,,False,,True,False,,false,verified_in,,false,true
L2135,2026-06-11,Scott,Thomas,scott.thomas@tensorloop.io,Technologist,TensorLoop,tensorloop.io,51-200,AI/ML software,IE,newsletter,email,weekly-digest,yes,Scott,Thomas,TensorLoop  ,Technologist,Ireland,False,yes,true,newsletter,False,email,False,weekly-digest,False,scott.thomas@tensorloop.io,scott.thomas@tensorloop.io,work,False,False,False,False,False,www.tensorloop.io,True,,True,False,,true,verified_in,,false,true
L1027,2026-04-25,Kenneth,Jackson,KENNETH_JACKSON@RIDGEWAYCONSTRUCTION.COM,Chief Technology Officer,Ridgeway Construction,ridgewayconstruction.com,,Construction,AU,newsletter,email,weekly-digest,pending,KENNETH, Jackson,Ridgeway Construction,Chief Technology Officer,australia,False,pending,unknown,newsletter,False,email,False,weekly-digest,False,KENNETH_JACKSON@RIDGEWAYCONSTRUCTION.COM,kenneth_jackson@ridgewayconstruction.com,work,False,False,False,False,False,https://ridgewayconstruction.com,True,,True,False,,false,ambiguous,,false,false
L1263,2026-06-23,Edward,Jones,edwardj@roboticsone.ai,Senior ML Engineer,RoboticsOne,roboticsone.ai,501-1000,AI/ML software,CA,blog,referral,pricing-post,unknown,Edward,Jones, RoboticsOne,Senior ML Engineer,CA,False,unknown,unknown,blog,False,referral,False,pricing-post,False,edwardj@roboticsone.ai,edwardj@roboticsone.ai,work,False,False,False,False,False,https://roboticsone.ai,True,,True,False,,false,verified_in,,false,true
L1569,2026-05-27,Sarah,Carter,sarah_carter@instech.edu,Indie hacker,Institute of Technology,instech.edu,1000+,,JP,docs,referral,quickstart,unknown,Sarah,carter,Institute of Technology,Indie hacker,JP,False,unknown,unknown,docs,False,referral,False,quickstart,False,sarah_carter@instech.edu,sarah_carter@instech.edu,work,False,False,True,False,False,www.instech.edu,True,,True,False,,false,verified_in,,false,false
L1293,2026-06-07,Angela,Roberts,aroberts@deepharbor.ai,,DeepHarbor,deepharbor.ai,201-500,AI/ML software,BR,youtube,video,tutorial-series,pending,Angela,Roberts,DeepHarbor,,BR,False,pending,unknown,youtube,False,video,False,tutorial-series,False,aroberts@deepharbor.ai,aroberts@deepharbor.ai,work,False,False,False,False,False,www.deepharbor.ai,True,,True,False,,false,verified_in,,false,false
L1567,2026-04-28,Ryan,Nguyen,nguyen.ryan@mistletoeml.com,Research Engineer,MISTLETOE ML,,,AI/ML software,DE,blog,referral,pricing-post,1,Ryan,Nguyen,MISTLETOE ML,Research Engineer,Germany,False,1,true,blog,False,referral,False,pricing-post,False,nguyen.ryan@mistletoeml.com,nguyen.ryan@mistletoeml.com,work,False,False,False,False,False,,False,,True,False,,true,verified_in,,false,false
L1265,2026-04-24,Lars,Hall,lars.hall@hotmail.com,MS Student,Institute of Technology,,1000+,Education,AU,facebook,paid_social,fb_q3,pending,Lars,Hall,Institute of Technology  ,MS Student,australia,False,pending,unknown,facebook,False,Paid-Social,False,FB_Q3,False,lars.hall@hotmail.com,lars.hall@hotmail.com,freemail,False,False,False,False,False,,False,,True,False,,false,verified_in,,false,true
L1242,2026-04-06,Betty,Sanchez,sanchez.betty@stateuniv.edu,Undergraduate,State University,stateuniv.edu,1000+,Education,IT,github,referral,docs-cta,Yes,Betty,Sanchez,State University,Undergraduate,Italia,False,Yes,true,github,False,referral,False,docs-cta,False,sanchez.betty@stateuniv.edu,sanchez.betty@stateuniv.edu,work,False,False,True,False,False,www.stateuniv.edu,True,,True,False,,true,verified_in,,false,false
L1226,2026-06-07,Stephanie,Singh,stephanie_singh@icloud.com,MS Student,Northern University,northernuni.edu,1000+,Education,AU,linkedin,paid_social,serverless-launch,pending,stephanie,Singh,Northern University,MS Student,Australia,False,pending,unknown,linkedin,False,paid_social,False,serverless-launch,False,stephanie_singh@icloud.com,stephanie_singh@icloud.com,freemail,False,False,False,False,False,https://northernuni.edu,True,,True,False,,false,verified_in,,false,false
L1404,2026-04-24,Michelle,Weber,michelle.weber@stateuniv.edu,PhD Student,State University,stateuniv.edu,1000+,Education,JP,docs,referral,quickstart,,Michelle,Weber,State University,PhD Student,japan,False,,unknown,docs,False,referral,False,quickstart,False,michelle.weber@stateuniv.edu,michelle.weber@stateuniv.edu,work,False,False,True,False,False,https://stateuniv.edu,True,,True,False,,false,ambiguous,,false,false
L1607,2026-04-18,Olaf,Johansson,ojohansson@bluebirdtravel.com,Head of MLOps,Bluebird Travel,bluebirdtravel.com,51-200,Travel,AU,blog,referral,pricing-post,,Olaf,Johansson,Bluebird Travel,Head of MLOps,australia,False,,unknown,blog,False,referral,False,pricing-post,False,ojohansson@bluebirdtravel.com,ojohansson@bluebirdtravel.com,work,False,False,False,False,False,www.bluebirdtravel.com,True,,True,False,,false,ambiguous,,false,false
L2456,2026-05-04,Elena,Nelson,elena_nelson@maplegrovebakery.com,Fractional CTO,Maple Grove Bakery,maplegrovebakery.com,1-10,Food and beverage,IN,github,referral,docs-cta,,elena,NELSON,Maple Grove Bakery,Fractional CTO,india,False,,unknown,github,False,referral,False,docs-cta,False,elena_nelson@maplegrovebakery.com,elena_nelson@maplegrovebakery.com,work,False,False,False,False,False,https://maplegrovebakery.com,True,,True,False,,false,verified_in,,true,false
L1751,2026-05-30,James,Larsen,larsen.james@outlook.com,Account Executive,databarn,databarn.io,11-50,Software,JP,reddit,social,r-machinelearning,pending,James,Larsen,databarn,Account Executive,Japan,False,pending,unknown,reddit,False,social,False,r-machinelearning,False,larsen.james@outlook.com,larsen.james@outlook.com,freemail,False,False,False,False,False,https://databarn.io,True,,True,False,,false,ambiguous,,false,false
L1889,2026-06-24,James,Ali,jamesa@yahoo.com,Marketing Manager,TensorLoop,tensorloop.io,,AI/ML software,GB,,,,,James,Ali,TensorLoop,Marketing Manager,GB,False,,unknown,(direct),True,(none),True,,True,jamesa@yahoo.com,jamesa@yahoo.com,freemail,False,False,False,False,False,https://tensorloop.io,True,,True,False,,false,ambiguous,,false,false
L1631,2026-05-01,Jacob,Nelson,jnelson@gradientpeak.ai,SWE,Gradient Peak,gradientpeak.ai,,AI/ML software,SG,email_blast,email,july-promo,unknown,Jacob, nelson,Gradient Peak,SWE,Singapore,False,unknown,unknown,email%20blast,False,e-mail,False,JULY%20PROMO,False,jnelson@gradientpeak.ai,jnelson@gradientpeak.ai,work,False,False,False,False,False,www.gradientpeak.ai,True,,True,False,,false,ambiguous,,false,false
L2628,2026-05-22,Larry,Jones,larry.jones@ragpipe.dev,Data Scientist,ragpipe,ragpipe.dev,,AI/ML software,PL,youtube,video,tutorial-series,1,Larry,Jones,ragpipe,Data Scientist,poland,False,1,true,youtube,False,video,False,tutorial-series,False,larry.jones@ragpipe.dev,larry.jones@ragpipe.dev,work,False,False,False,False,False,www.ragpipe.dev,True,,True,False,,true,verified_in,,true,false
L1506,2026-05-24,Janet,Garcia,janet_garcia@cascade-ai.com,sre,Cascade AI,cascade-ai.com,51-200,,BR,facebook,paid,fb_q3,TRUE,Janet,Garcia,Cascade AI,sre,brazil,False,TRUE,true,FB,False,paid,False,fb_q3,False,janet_garcia@cascade-ai.com,janet_garcia@cascade-ai.com,work,False,False,False,False,False,https://cascade-ai.com,True,,True,False,,false,verified_in,,false,false
L2809,2026-05-10,Mei,Schulz,schulz.mei@peakfitnessstudios.com,Owner,Peak Fitness Studios,peakfitnessstudios.com,51-200,,US,blog,referral,pricing-post,TRUE,MEI,Schulz,Peak Fitness Studios,Owner,U.S.,False,TRUE,true,blog,False,referral,False,pricing-post,False,schulz.mei@peakfitnessstudios.com,schulz.mei@peakfitnessstudios.com,work,False,False,False,False,False,https://peakfitnessstudios.com,True,schulz.mei@peakfitnessstudios.com,True,False,,false,verified_in,,false,false
L1407,2026-05-18,Jack,Singh,JACK_SINGH@LOOPWARE.IO,Chief Technology Officer,Loopware,loopware.io,1000+,Software,AU,youtube,video,tutorial-series,NULL,Jack,Singh,Loopware,Chief Technology Officer,australia,False,NULL,unknown,youtube,False,video,False,tutorial-series,False,JACK_SINGH@LOOPWARE.IO,jack_singh@loopware.io,work,False,False,False,False,False,www.loopware.io,True,,True,False,,false,verified_in,,false,false
L1133,2026-05-15,Elizabeth,Wright,ELIZABETH_WRIGHT@SECUREXSYSTEMS.COM,Operations Manager,Securex Systems,securexsystems.com,1-10,,GB,newsletter,email,weekly-digest,pending,Elizabeth,Wright,Securex Systems,Operations Manager,UK,False,pending,unknown,newsletter,False,email,False,weekly-digest,False,ELIZABETH_WRIGHT@SECUREXSYSTEMS.COM,elizabeth_wright@securexsystems.com,work,False,False,False,False,False,www.securexsystems.com,True,,True,False,,false,ambiguous,,false,false
L1346,2026-04-08,William,Hansen,whansen@proton.me,Data Scientist,LOOPWARE,loopware.io,,,US,google,organic,,,WILLIAM,Hansen,LOOPWARE,Data Scientist,US,False,,unknown,google,False,organic,False,,True,whansen@proton.me,whansen@proton.me,freemail,False,False,False,False,False,https://loopware.io,True,,True,False,,false,ambiguous,,false,false
L1593,2026-05-02,Kimberly,Chen,kimberly_chen@orbitalmind.ai,"vp, engineering",Orbital Mind,orbitalmind.ai,201-500,AI/ML software,SG,,,,yes,Kimberly,Chen,Orbital Mind,"vp, engineering",singapore,False,yes,true,null,True,null,True,null,True,kimberly_chen@orbitalmind.ai,kimberly_chen@orbitalmind.ai,work,False,False,False,False,False,www.orbitalmind.ai,True,,True,False,,false,verified_in,,false,false
L1588,2026-06-24,William,Walker,william.walker@codewharf.dev,Computer Vision Engineer,Codewharf,codewharf.dev,1000+,Software,SG,google,cpc,brand-search-q3,unknown,William,Walker,Codewharf,Computer Vision Engineer,SG,False,unknown,unknown,google,False,cpc,False,brand-search-q3,False,william.walker@codewharf.dev,william.walker@codewharf.dev,work,False,False,False,False,False,https://codewharf.dev,True,,True,False,,false,verified_in,,false,false
L1105,2026-04-09,Laura,Ali,lali@proton.me,Staff Engineer,Orbital Mind,,201-500,AI/ML software,IE,reddit,social,r-machinelearning,yes,Laura,ali,Orbital Mind,Staff Engineer,ireland,False,yes,true,reddit,False,social,False,r-machinelearning,False,lali@proton.me,lali@proton.me,freemail,False,False,False,False,False,,False,,True,False,,true,verified_in,,false,false
L2659,2026-04-04,Lars,Fischer,larsf@instech.edu,Hobbyist,Institute of Technology,instech.edu,1000+,,AU,github,referral,docs-cta,pending,Lars,Fischer,Institute of Technology,Hobbyist,Australia,False,pending,unknown,github,False,referral,False,docs-cta,False,larsf@instech.edu,larsf@instech.edu,work,False,False,True,False,False,https://instech.edu,True,,True,False,,false,ambiguous,,false,false
L1469,2026-06-28,Jacob,Clark,jclark@gmail.com,Owner,Inferra Labs,inferralabs.com,1000+,,SG,youtube,video,tutorial-series,pending,jacob  , Clark,Inferra Labs,Owner,SG,False,pending,unknown,youtube,False,video,False,tutorial-series,False,jclark@gmail.com,jclark@gmail.com,freemail,False,False,False,False,False,https://inferralabs.com,True,,True,False,,false,ambiguous,,false,false
L1254,2026-05-30,Jennifer,Becker,jennifer_becker@vectorly.ai,,vectorly ai,vectorly.ai,11-50,,SG,google,organic,,true,Jennifer  ,Becker,vectorly ai,,Singapore,False,true,true,google,False,organic,False,,True,jennifer_becker@vectorly.ai,jennifer_becker@vectorly.ai,work,False,False,False,False,False,https://vectorly.ai,True,,True,False,,false,verified_out,,false,true
L2775,2026-06-12,Janet,Becker,janet.becker@evalhouse.ai,Data Scientist,EvalHouse,evalhouse.ai,,AI/ML software,JP,newsletter,email,weekly-digest,pending,Janet,Becker,EvalHouse,Data Scientist,japan,False,pending,unknown,newsletter,False,email,False,weekly-digest,False,janet.becker@evalhouse.ai,janet.becker@evalhouse.ai,work,False,False,False,False,False,https://evalhouse.ai,True,,True,False,,false,ambiguous,,false,false
L1716,2026-05-11,John,Meyer,meyer.john@synthworks.ai,Recruiter,SynthWorks AI,synthworks.ai,11-50,AI/ML software,,google,cpc,gpu-cloud-nonbrand,0,John,Meyer,SynthWorks AI,Recruiter,,False,0,false,google,False,cpc,False,gpu-cloud-nonbrand,False,meyer.john@synthworks.ai,meyer.john@synthworks.ai,work,False,False,False,False,False,https://synthworks.ai,True,,True,False,,false,verified_out,,false,false
L2255,2026-04-19,Timothy,Allen,allen.timothy@centralpoly.edu,Enthusiast,Central Polytechnic,centralpoly.edu,1000+,Education,IE,newsletter,email,weekly-digest,yes,Timothy,Allen,Central Polytechnic,Enthusiast,IE,False,yes,true,newsletter,False,email,False,weekly-digest,False,allen.timothy@centralpoly.edu,allen.timothy@centralpoly.edu,work,False,False,True,False,False,https://centralpoly.edu,True,,True,False,,true,verified_in,,false,false
L1117,2026-05-14,Pamela,Johansson,pamela_johansson@synthworks.ai,Head of Engineering,SynthWorks AI,synthworks.ai,11-50,AI/ML software,JP,google,organic,,,Pamela,Johansson,SynthWorks AI,Head of Engineering,japan,False,,unknown,google,False,organic,False,,True,pamela_johansson@synthworks.ai,pamela_johansson@synthworks.ai,work,False,False,False,False,False,www.synthworks.ai,True,pamela_johansson@synthworks.ai,True,False,,false,verified_in,,false,false
L2319,2026-04-14,Kevin,Novak,KEVINN@NORTHERNUNI.EDU,Indie hacker,Northern University,,1000+,,IN,google,cpc,gpu-cloud-nonbrand,true,Kevin,Novak,Northern University,Indie hacker,India,False,true,true,google,False,cpc,False,gpu-cloud-nonbrand,False,KEVINN@NORTHERNUNI.EDU,kevinn@northernuni.edu,work,False,False,True,False,False,,False,,True,False,,false,verified_in,,false,false
L1932,2026-04-25,Jeffrey,Flores,jeffrey.flores@codewharf.dev,SWE,Codewharf,codewharf.dev,1000+,Software,CA,blog,referral,pricing-post,,Jeffrey,Flores,Codewharf,SWE  ,canada,False,,unknown,blog,False,referral,False,pricing-post,False,jeffrey.flores@codewharf.dev,jeffrey.flores@codewharf.dev,work,False,False,False,False,False,www.codewharf.dev,True,,True,False,,false,ambiguous,,false,false
L1047,2026-04-28,Angela,Scott,angela.scott@evalhouse.ai,Director of Platform Engineering,evalhouse,evalhouse.ai,1-10,AI/ML software,SG,producthunt,referral,launch,,Angela,Scott,evalhouse,Director of Platform Engineering,Singapore,False,,unknown,producthunt,False,referral,False,launch,False,angela.scott@evalhouse.ai,angela.scott@evalhouse.ai,work,False,False,False,False,False,www.evalhouse.ai,True,,True,False,,false,ambiguous,,false,false
L1306,2026-04-30,Brian,Kumar,brian_kumar@voiceforge.ai,sre,VoiceForge,voiceforge.ai,51-200,AI/ML software,CA,google,cpc,brand-search-q3,,Brian,Kumar,VoiceForge,sre,CA,False,,unknown,google,False,cpc,False,brand-search-q3,False,brian_kumar@voiceforge.ai,brian_kumar@voiceforge.ai,work,False,False,False,False,False,www.voiceforge.ai,True,,True,False,,false,ambiguous,,false,false
L1446,2026-06-22,Amanda,Adams,aadams@ragpipe.dev,AI Engineer,RagPipe,ragpipe.dev,501-1000,AI/ML software,ES,blog,referral,pricing-post,no,Amanda,Adams,RagPipe,AI Engineer,Spain,False,no,false,blog,False,referral,False,pricing-post,False,aadams@ragpipe.dev,aadams@ragpipe.dev,work,False,False,False,False,False,https://ragpipe.dev,True,,True,False,,true,verified_out,,false,true
L1865,2026-04-06,Dorothy,Martin,dorothy.martin@quantavision.io,Applied Scientist,QUANTA VISION,quantavision.io,1-10,,AU,google,organic,,,DOROTHY,Martin  ,QUANTA VISION,Applied Scientist,AU,False,,unknown,google,False,organic,False,,True,dorothy.martin@quantavision.io,dorothy.martin@quantavision.io,work,False,False,False,False,False,https://quantavision.io,True,,True,False,,false,ambiguous,,false,false
L2369,2026-04-18,Jason,Hansen,jhansen@vectorly.ai,VP Engineering,,,,,CA,google,cpc,brand-search-q3,,Jason,HANSEN,,VP Engineering  ,Canada,False,,unknown,google,False,cpc,False,brand-search-q3,False,jhansen@vectorly.ai,jhansen@vectorly.ai,work,False,False,False,False,False,,False,,True,False,,false,ambiguous,,false,false
L2400,2026-05-20,Amanda,Hoffmann,amanda_hoffmann@hotmail.com,Account Executive,fieldstone tech,fieldstonetech.com,,Software,NL,,,,opted_out,Amanda,Hoffmann,fieldstone tech,Account Executive,NL,False,opted_out,false,{{utm_source}},True,{{utm_medium}},True,{{utm_campaign}},True,amanda_hoffmann@hotmail.com,amanda_hoffmann@hotmail.com,freemail,False,False,False,False,False,www.fieldstonetech.com,True,,True,False,,true,verified_out,,false,false
L1303,2026-06-13,Frank,Johnson,johnson.frank@cornerstoneins.com,HR Manager,Cornerstone Insurance,cornerstoneins.com,11-50,,DE,facebook,paid_social,fb_q3,,Frank,Johnson,Cornerstone Insurance,HR Manager,DEU,False,,unknown,facebook,False,Paid-Social,False,FB_Q3,False,johnson.frank@cornerstoneins.com,johnson.frank@cornerstoneins.com,work,False,False,False,False,False,www.cornerstoneins.com,True,,True,False,,true,verified_out,,false,true
L1859,2026-04-24,Olaf,Johnson,olafj@loopware.io,Marketing Manager,Loopware,loopware.io,1000+,,GB,,,,TRUE,Olaf,Johnson,Loopware, Marketing Manager,United Kingdom,False,TRUE,true,test,True,test,True,test-campaign-DELETE,True,olafj@loopware.io,olafj@loopware.io,work,False,False,False,False,False,www.loopware.io,True,,True,False,,false,verified_in,,false,true
L2431,2026-06-04,William,Lewis,lewis.william@loopware.io,Consultant,,,,,US,facebook,social,q3,unknown,William,Lewis,,Consultant,usa,False,unknown,unknown,fb_paid,False,social,False,q3,False,lewis.william@loopware.io,lewis.william@loopware.io,work,False,False,False,False,False,,False,,True,False,,false,ambiguous,,false,false
L2916,2026-04-24,Betty,Keller,BETTY_KELLER@INFERRALABS.COM,Head of ML,Inferra Labs,inferralabs.com,1000+,AI/ML software,CA,reddit,social,r-machinelearning,unknown,BETTY,Keller,Inferra Labs,Head of ML,CA,False,unknown,unknown,reddit,False,social,False,r-machinelearning,False,BETTY_KELLER@INFERRALABS.COM,betty_keller@inferralabs.com,work,False,False,False,False,False,https://inferralabs.com,True,betty_keller@inferralabs.com,True,True,job_title,false,verified_in,,true,false
L1766,2026-04-09,Deborah,Ferrari,DFERRARI@CODEWHARF.DEV,Staff Engineer,Codewharf,codewharf.dev,1000+,Software,US,youtube,video,tutorial-series,,Deborah,ferrari,Codewharf,Staff Engineer  ,usa,False,,unknown,youtube,False,video,False,tutorial-series,False,DFERRARI@CODEWHARF.DEV,dferrari@codewharf.dev,work,False,False,False,False,False,https://codewharf.dev,True,,True,False,,false,verified_in,,false,false
L1405,2026-05-04,Carol,Lee,caroll@greenleaflandscaping.com,AI Engineer,GreenLeaf Landscaping,greenleaflandscaping.com,51-200,Services,CA,producthunt,referral,launch,,Carol,Lee,GreenLeaf Landscaping,AI Engineer,canada,False,,unknown,producthunt,False,referral,False,launch,False,caroll@greenleaflandscaping.com,caroll@greenleaflandscaping.com,work,False,False,False,False,False,https://greenleaflandscaping.com,True,,True,False,,false,verified_in,,false,false
L2912,2026-04-14,Kev,Novak,kev.novak@NORTHERNUNI.EDU,Indie hacker,Northern University,,1000+,,IN,google,cpc,gpu-cloud-nonbrand,true,Kev,Novak,Northern University,Indie hacker,India,False,true,true,google,False,cpc,False,gpu-cloud-nonbrand,False,kev.novak@NORTHERNUNI.EDU,kev.novak@northernuni.edu,work,False,False,True,False,False,,False,,True,False,,false,verified_in,,false,false
L2126,2026-06-22,Ryan,Lewis,ryanl@agentstack.dev,CTO,AgentStack,agentstack.dev,1000+,,US,google,cpc,brand-search-q3,unknown,ryan,Lewis,AgentStack,CTO,usa,False,unknown,unknown,google,False,cpc,False,brand-search-q3,False,ryanl@agentstack.dev,ryanl@agentstack.dev,work,False,False,False,False,False,www.agentstack.dev,True,ryanl@agentstack.dev,True,True,job_title,false,ambiguous,,false,false
L2076,2026-06-05,Stephanie,Martinez,stephanie_martinez@yahoo.com,Product Marketing Manager,Bluebird Travel,bluebirdtravel.com,51-200,,SG,facebook,social,q3,NULL,STEPHANIE,Martinez,Bluebird Travel,Product Marketing Manager,SG,False,NULL,unknown,fb_paid,False,social,False,q3,False,stephanie_martinez@yahoo.com,stephanie_martinez@yahoo.com,freemail,False,False,False,False,False,www.bluebirdtravel.com,True,,True,False,,false,verified_in,,false,false
L1740,2026-04-21,Dennis,Anderson,dennis.anderson@hotmail.com,Research Engineer,copilot health ai,copilothealth.ai,1-10,,CA,facebook,paid,fb_q3,true,Dennis,Anderson,copilot health ai,Research Engineer,Canada,False,true,true,FB,False,paid,False,fb_q3,False,dennis.anderson@hotmail.com,dennis.anderson@hotmail.com,freemail,False,False,False,False,False,https://copilothealth.ai,True,,True,False,,false,verified_in,,false,false
L1620,2026-05-23,Rachel,Nguyen,nguyen.rachel@databarn.io,Head of Platform,DataBarn,databarn.io,11-50,Software,SG,facebook,paid_social,fb_q3,unknown,Rachel  ,Nguyen,DataBarn,Head of Platform,Singapore,False,unknown,unknown,facebook,False,Paid-Social,False,FB_Q3,False,nguyen.rachel@databarn.io,nguyen.rachel@databarn.io,work,False,False,False,False,False,https://databarn.io,True,,True,False,,false,verified_in,,true,false
L2812,2026-06-13,Melissa,Tanaka,tanaka.melissa@tensorloop.io,AI Engineer,TensorLoop,tensorloop.io,51-200,AI/ML software,GB,facebook,paid_social,fb_q3,,melissa,Tanaka,TensorLoop,AI Engineer,United Kingdom,False,,unknown,facebook,False,Paid-Social,False,FB_Q3,False,tanaka.melissa@tensorloop.io,tanaka.melissa@tensorloop.io,work,False,False,False,False,False,https://tensorloop.io,True,tanaka.melissa@tensorloop.io,True,False,,false,verified_in,,false,false
L1666,2026-06-10,Katherine,Wilson,wilson.katherine@ledgerworks.com,Social Media Manager,LedgerWorks,ledgerworks.com,,Software,SG,docs,referral,quickstart,,Katherine,Wilson,LedgerWorks,Social Media Manager,singapore,False,,unknown,docs,False,referral,False,quickstart,False,wilson.katherine@ledgerworks.com,wilson.katherine@ledgerworks.com,work,False,False,False,False,False,https://ledgerworks.com,True,,True,False,,false,ambiguous,,false,false
L2292,2026-06-15,Karen,Flores,karenf@instech.edu,Indie hacker,Institute of Technology,instech.edu,1000+,Education,PL,linkedin,paid_social,serverless-launch,,Karen,FLORES,Institute of Technology,Indie hacker,PL,False,,unknown,linkedin,False,paid_social,False,serverless-launch,False,karenf@instech.edu,karenf@instech.edu,work,False,False,True,False,False,https://instech.edu,True,,True,False,,true,ambiguous,EU / Consent Verification Needed,false,false
L2074,2026-04-03,Michael,Nguyen,mnguyen@finetunelabs.com,Research Engineer,Finetune Labs,finetunelabs.com,1-10,AI/ML software,JP,twitter,social,launch-week,,Michael,Nguyen,Finetune Labs,Research Engineer,japan,False,,unknown,twitter,False,social,False,launch-week,False,mnguyen@finetunelabs.com,mnguyen@finetunelabs.com,work,False,False,False,False,False,https://finetunelabs.com,True,,True,False,,false,verified_out,,false,true
L1919,2026-06-06,Daniel,Martin,DMARTIN@VECTORLY.AI,VP Engineering,Vectorly AI,vectorly.ai,11-50,AI/ML software,CA,facebook,social,q3,unknown,daniel,Martin,Vectorly AI,VP Engineering,Canada,False,unknown,unknown,fb_paid,False,social,False,q3,False,DMARTIN@VECTORLY.AI,dmartin@vectorly.ai,work,False,False,False,False,False,www.vectorly.ai,True,,True,False,,false,ambiguous,,false,false
L2113,2026-06-04,Jonathan,Ali,jonathana@bellavistarealty.com,Independent Consultant,BELLA VISTA REALTY,,201-500,Real estate,US,github,referral,docs-cta,unknown,Jonathan,Ali,BELLA VISTA REALTY,Independent Consultant,United States,False,unknown,unknown,github,False,referral,False,docs-cta,False,jonathana@bellavistarealty.com,jonathana@bellavistarealty.com,work,False,False,False,False,False,,False,,True,False,,false,verified_in,,false,false
L1982,2026-05-25,Kevin,Gonzalez,kgonzalez@pipelinelabs.io,NLP Engineer,PIPELINE LABS,,1000+,Software,PL,youtube,video,tutorial-series,,Kevin,Gonzalez,PIPELINE LABS  ,NLP Engineer,poland,False,,unknown,youtube,False,video,False,tutorial-series,False,kgonzalez@pipelinelabs.io,kgonzalez@pipelinelabs.io,work,False,False,False,False,False,,False,,True,False,,true,ambiguous,EU / Consent Verification Needed,false,false
L2883,2026-04-09,Astrid,Novak,novak.astrid+1@tokenworks.io,Social Media Manager,TokenWorks,,1000+,AI/ML software,IE,producthunt,referral,launch,TRUE,Astrid,Novak,TokenWorks,Social Media Manager,Ireland,False,TRUE,true,producthunt,False,referral,False,launch,False,novak.astrid+1@tokenworks.io,novak.astrid+1@tokenworks.io,work,False,False,False,False,False,,False,,True,False,,true,verified_in,,false,false
L2351,2026-06-19,David,Wilson,david.wilson@promptline.ai,SWE,,,,,IN,linkedin,paid_social,serverless-launch,,David,WILSON,,SWE,India,False,,unknown,linkedin,False,paid_social,False,serverless-launch,False,david.wilson@promptline.ai,david.wilson@promptline.ai,work,False,False,False,False,False,,False,,True,False,,false,ambiguous,,false,false
L2280,2026-05-17,Thomas,Novak,tnovak@formcraft.com,Account Executive,Formcraft,formcraft.com,,,JP,newsletter,email,weekly-digest,unknown,Thomas,Novak,Formcraft,Account Executive,japan,False,unknown,unknown,newsletter,False,email,False,weekly-digest,False,tnovak@formcraft.com,tnovak@formcraft.com,work,False,False,False,False,False,https://formcraft.com,True,,True,False,,false,ambiguous,,false,false
L1409,2026-05-07,Gregory,Kumar,gregoryk@proton.me,AI Engineer,Neuralight,neuralight.io,201-500,AI/ML software,US,facebook,paid_social,fb_q3,true,Gregory,Kumar,Neuralight,AI Engineer,U.S.,False,true,true,facebook,False,Paid-Social,False,FB_Q3,False,gregoryk@proton.me,gregoryk@proton.me,freemail,False,False,False,False,False,https://neuralight.io,True,,True,False,,false,verified_in,,false,false
L1687,2026-06-27,Samuel,Hoffmann,hoffmann.samuel@modelry.ai,Applied Scientist,Modelry,modelry.ai,1-10,AI/ML software,BR,producthunt,referral,launch,TRUE,Samuel,Hoffmann,Modelry,Applied Scientist,BR,False,TRUE,true,producthunt,False,referral,False,launch,False,hoffmann.samuel@modelry.ai,hoffmann.samuel@modelry.ai,work,False,False,False,False,False,www.modelry.ai,True,,True,False,,false,verified_in,,false,false
L1561,2026-06-27,Eric,Wilson,eric_wilson@deepharbor.ai,NLP Engineer,DeepHarbor,,201-500,AI/ML software,JP,google,organic,,NULL,Eric,WILSON,DeepHarbor,NLP Engineer,JP,False,NULL,unknown,google,False,organic,False,,True,eric_wilson@deepharbor.ai,eric_wilson@deepharbor.ai,work,False,False,False,False,False,,False,,True,False,,false,ambiguous,,false,false
L1243,2026-05-07,Stephanie,White,swhite@ledgerworks.com,Backend Engineer,LEDGERWORKS,ledgerworks.com,51-200,Software,PL,newsletter,email,weekly-digest,unknown,stephanie,White,LEDGERWORKS,Backend Engineer,PL,False,unknown,unknown,newsletter,False,email,False,weekly-digest,False,swhite@ledgerworks.com,swhite@ledgerworks.com,work,False,False,False,False,False,https://ledgerworks.com,True,,True,False,,true,verified_in,,false,false
L2750,2026-05-16,Mateo,Kumar,kumar.mateo@instech.edu,Graduate Student,Institute of Technology,instech.edu,1000+,Education,,youtube,video,tutorial-series,,Mateo,Kumar, Institute of Technology,Graduate Student,,False,,unknown,youtube,False,video,False,tutorial-series,False,kumar.mateo@instech.edu,kumar.mateo@instech.edu,work,False,False,True,False,False,https://instech.edu,True,,True,False,,false,ambiguous,,false,false
L2318,2026-06-16,Nicholas,Perez,nicholasp@databarn.io,NLP Engineer,DataBarn,databarn.io,11-50,,AU,linkedin,paid_social,serverless-launch,pending,Nicholas,Perez,DataBarn,NLP Engineer,AU,False,pending,unknown,linkedin,False,paid_social,False,serverless-launch,False,nicholasp@databarn.io,nicholasp@databarn.io,work,False,False,False,False,False,www.databarn.io,True,,True,False,,false,verified_in,,false,false
L2071,2026-05-30,Elena,Jackson,elenaj@hotmail.com,SWE,Securex Systems,securexsystems.com,1-10,Software,NL,docs,referral,quickstart,true,ELENA,Jackson,Securex Systems,SWE  ,Netherlands,False,true,true,docs,False,referral,False,quickstart,False,elenaj@hotmail.com,elenaj@hotmail.com,freemail,False,False,False,False,False,https://securexsystems.com,True,,True,False,,true,verified_in,,false,false
L2668,2026-04-07,Janet,Robinson,robinson.janet@luminaml.com,HR Manager,lumina ml,,11-50,AI/ML software,IN,twitter,social,launch-week,unknown,Janet,Robinson,lumina ml,HR Manager,india,False,unknown,unknown,twitter,False,social,False,launch-week,False,robinson.janet@luminaml.com,robinson.janet@luminaml.com,work,False,False,False,False,False,,False,,True,False,,false,ambiguous,,false,false
L1783,2026-06-25,Sandra,Muller,muller.sandra@summitdentalgroup.com,AI Engineer,summit dental group,summitdentalgroup.com,11-50,Healthcare,SG,youtube,video,tutorial-series,yes,Sandra,MULLER,summit dental group,AI Engineer,singapore,False,yes,true,youtube,False,video,False,tutorial-series,False,muller.sandra@summitdentalgroup.com,muller.sandra@summitdentalgroup.com,work,False,False,False,False,False,https://summitdentalgroup.com,True,,True,False,,false,verified_in,,false,false
L1261,2026-05-21,Cynthia,Flores,cynthiaf@synthworks.ai,sre,SynthWorks AI,synthworks.ai,11-50,,IE,producthunt,referral,launch,Yes,Cynthia,Flores,SynthWorks AI,sre,IE,False,Yes,true,producthunt,False,referral,False,launch,False,cynthiaf@synthworks.ai,cynthiaf@synthworks.ai,work,False,False,False,False,False,https://synthworks.ai,True,,True,False,,true,verified_in,,false,false
L1039,2026-04-29,Benjamin,Garcia,benjamin_garcia@nimbuserp.com,Deep Learning Engineer,NIMBUS ERP,nimbuserp.com,1000+,,AU,,,,,Benjamin,Garcia,NIMBUS ERP,Deep Learning Engineer,Australia,False,,unknown,null,True,null,True,null,True,benjamin_garcia@nimbuserp.com,benjamin_garcia@nimbuserp.com,work,False,False,False,False,False,www.nimbuserp.com,True,,True,False,,false,verified_out,,false,false
L2520,2026-06-16,Sharon,Roberts,sharon_roberts@nimbuserp.com,DevOps Engineer,Nimbus ERP,,1000+,Software,AU,blog,referral,pricing-post,granted,Sharon,Roberts,Nimbus ERP, DevOps Engineer,Australia,False,granted,true,blog,False,referral,False,pricing-post,False,sharon_roberts@nimbuserp.com,sharon_roberts@nimbuserp.com,work,False,False,False,False,False,,False,,True,False,,false,verified_in,,false,false
L2425,2026-04-08,Joshua,Jones,jjones@corticon.ai,Technologist,Corticon AI,corticon.ai,501-1000,AI/ML software,ES,linkedin,paid_social,serverless-launch,pending,Joshua,Jones,Corticon AI,Technologist,spain,False,pending,unknown,linkedin,False,paid_social,False,serverless-launch,False,jjones@corticon.ai,jjones@corticon.ai,work,False,False,False,False,False,www.corticon.ai,True,,True,False,,true,ambiguous,EU / Consent Verification Needed,false,false
L2340,2026-06-17,Eric,Kumar,eric.kumar@bellavistarealty.com,Sales Development Rep,Bella Vista Realty,bellavistarealty.com,201-500,Real estate,IN,google,cpc,gpu-cloud-nonbrand,,ERIC,Kumar,Bella Vista Realty,Sales Development Rep,india,False,,unknown,google,False,cpc,False,gpu-cloud-nonbrand,False,eric.kumar@bellavistarealty.com,eric.kumar@bellavistarealty.com,work,False,False,False,False,False,www.bellavistarealty.com,True,,True,False,,false,verified_out,,false,false
L2645,2026-06-09,Carolyn,Adams,adams.carolyn@vectorly.ai,Deep Learning Engineer,Vectorly AI,,,AI/ML software,IT,producthunt,referral,launch,opted_out,Carolyn, Adams,Vectorly AI,Deep Learning Engineer,italy,False,opted_out,false,producthunt,False,referral,False,launch,False,adams.carolyn@vectorly.ai,adams.carolyn@vectorly.ai,work,False,False,False,False,False,,False,,True,False,,true,verified_out,,false,false
L1702,2026-06-06,Brian,Park,brianp@gridbase.dev,VP of AI Infrastructure,Gridbase,gridbase.dev,11-50,Software,BR,newsletter,email,weekly-digest,,brian, Park,Gridbase,VP of AI Infrastructure,Brazil,False,,unknown,newsletter,False,email,False,weekly-digest,False,brianp@gridbase.dev,brianp@gridbase.dev,work,False,False,False,False,False,www.gridbase.dev,True,,True,False,,false,ambiguous,,false,false
L1088,2026-05-28,Paul,Hassan,PHASSAN@GREENLEAFLANDSCAPING.COM,,GreenLeaf Landscaping,greenleaflandscaping.com,,Services,IE,google,cpc,gpu-cloud-nonbrand,opted_out,Paul,Hassan,GreenLeaf Landscaping,,IE,False,opted_out,false,google,False,cpc,False,gpu-cloud-nonbrand,False,PHASSAN@GREENLEAFLANDSCAPING.COM,phassan@greenleaflandscaping.com,work,False,False,False,False,False,www.greenleaflandscaping.com,True,,True,False,,true,verified_out,,false,false
L2640,2026-06-30,Dennis,Lewis,dlewis@modelry.ai,Customer Success Manager,modelry,modelry.ai,1-10,AI/ML software,SE,youtube,video,tutorial-series,opted_out,Dennis,Lewis,modelry,Customer Success Manager,Sweden,False,opted_out,false,youtube,False,video,False,tutorial-series,False,dlewis@modelry.ai,dlewis@modelry.ai,work,False,False,False,False,False,www.modelry.ai,True,,True,False,,true,verified_out,,false,false
L1249,2026-06-24,Astrid,Harris,harris.astrid@neuralight.io,Head of Engineering,Neuralight,,201-500,AI/ML software,AU,,,,NULL,Astrid,Harris,Neuralight,Head of Engineering,AU,False,NULL,unknown,undefined,True,undefined,True,,True,harris.astrid@neuralight.io,harris.astrid@neuralight.io,work,False,False,False,False,False,,False,,True,False,,false,verified_in,,false,false
L1339,2026-05-06,Samantha,Williams,williams.samantha@synthworks.ai,"vp, engineering",SynthWorks AI,,11-50,AI/ML software,IN,facebook,cpc,fb-q3-conversions,,Samantha,williams,SynthWorks AI," vp, engineering",IN,False,,unknown,Facebook Ads,False,cpc,False,fb-q3-conversions,False,williams.samantha@synthworks.ai,williams.samantha@synthworks.ai,work,False,False,False,False,False,,False,,True,False,,false,verified_out,,true,false
L2914,2026-06-17,Timothy,Mitchell,timothy.mitchell@finetunelabs.com,Managing Partner,Finetune Labs Inc,finetunelabs.com,1-10,,BR,docs,referral,quickstart,TRUE,Timothy  ,Mitchell,Finetune Labs Inc,Managing Partner,brazil,False,TRUE,true,docs,False,referral,False,quickstart,False,timothy.mitchell@finetunelabs.com,timothy.mitchell@finetunelabs.com,work,False,False,False,False,False,www.finetunelabs.com,True,timothy.mitchell@finetunelabs.com,True,True,company,false,verified_in,,false,false
L1594,2026-06-03,Amanda,White,AMANDA_WHITE@DATABARN.IO,Account Executive,DataBarn,databarn.io,11-50,,JP,blog,referral,pricing-post,TRUE,amanda,white, DataBarn,Account Executive,japan,False,TRUE,true,blog,False,referral,False,pricing-post,False,AMANDA_WHITE@DATABARN.IO,amanda_white@databarn.io,work,False,False,False,False,False,https://databarn.io,True,,True,False,,false,verified_in,,false,false
L2116,2026-06-24,Wei,Williams,wei_williams@databarn.io,Senior Software Engineer,DataBarn,databarn.io,11-50,,BR,google,cpc,brand-search-q3,TRUE,Wei,williams,DataBarn,Senior Software Engineer,brazil,False,TRUE,true,google,False,cpc,False,brand-search-q3,False,wei_williams@databarn.io,wei_williams@databarn.io,work,False,False,False,False,False,https://databarn.io,True,,True,False,,false,verified_in,,false,false
L1145,2026-04-24,Jack,Ali,ali.jack@roboticsone.ai,NLP Engineer,RoboticsOne,roboticsone.ai,501-1000,AI/ML software,JP,linkedin,paid_social,serverless-launch,,Jack,Ali,RoboticsOne,NLP Engineer,Japan,False,,unknown,linkedin,False,paid_social,False,serverless-launch,False,ali.jack@roboticsone.ai,ali.jack@roboticsone.ai,work,False,False,False,False,False,www.roboticsone.ai,True,,True,False,,false,verified_in,,false,true
L1452,2026-06-25,John,Wright,jwright@evalhouse.ai,Head of MLOps,EvalHouse,,1-10,AI/ML software,AU,blog,referral,pricing-post,,JOHN,Wright,EvalHouse,Head of MLOps,Australia,False,,unknown,blog,False,referral,False,pricing-post,False,jwright@evalhouse.ai,jwright@evalhouse.ai,work,False,False,False,False,False,,False,,True,False,,false,ambiguous,,false,false
L1706,2026-05-20,Dorothy,Walker,dorothy_walker@quantumnails.com,Chief Technology Officer,quantum nails salon,quantumnails.com,51-200,,JP,google,cpc,brand-search,NULL,Dorothy,Walker,quantum nails salon,Chief Technology Officer,japan,False,NULL,unknown,google ,False, cpc,False,brand search,False,dorothy_walker@quantumnails.com,dorothy_walker@quantumnails.com,work,False,False,False,False,False,www.quantumnails.com,True,dorothy_walker@quantumnails.com,True,False,,false,ambiguous,,false,false
L1553,2026-06-05,Kimberly,Ferrari,ferrari.kimberly@maplegrovebakery.com,Recruiter,Maple Grove Bakery,maplegrovebakery.com,1-10,Food and beverage,JP,google,organic,,,kimberly, Ferrari, Maple Grove Bakery,Recruiter,japan,False,,unknown,google,False,organic,False,,True,ferrari.kimberly@maplegrovebakery.com,ferrari.kimberly@maplegrovebakery.com,work,False,False,False,False,False,www.maplegrovebakery.com,True,,True,False,,false,ambiguous,,false,false
L2271,2026-04-01,Joshua,Sanchez,joshua_sanchez@voxeldynamics.ai,Infrastructure Engineer,Voxel Dynamics,voxeldynamics.ai,51-200,,AU,google,cpc,gpu-cloud-nonbrand,unknown,Joshua,Sanchez,Voxel Dynamics,Infrastructure Engineer,AU,False,unknown,unknown,google,False,cpc,False,gpu-cloud-nonbrand,False,joshua_sanchez@voxeldynamics.ai,joshua_sanchez@voxeldynamics.ai,work,False,False,False,False,False,https://voxeldynamics.ai,True,,True,False,,false,verified_in,,false,false
L2479,2026-06-29,Deborah,Weber,deborah.weber@axonresearch.ai,Deep Learning Engineer,Axon Research,axonresearch.ai,11-50,AI/ML software,,producthunt,referral,launch,,Deborah,Weber,Axon Research,Deep Learning Engineer,,False,,unknown,producthunt,False,referral,False,launch,False,deborah.weber@axonresearch.ai,deborah.weber@axonresearch.ai,work,False,False,False,False,False,www.axonresearch.ai,True,,True,False,,false,ambiguous,,false,false
L1981,2026-06-22,Patricia,Harris,patricia.harris@quantumnails.com,AI Engineer,,,,,FR,google,cpc,brand-search-q3,granted, Patricia,Harris,,AI Engineer,FRA,False,granted,true,google,False,cpc,False,brand-search-q3,False,patricia.harris@quantumnails.com,patricia.harris@quantumnails.com,work,False,False,False,False,False,,False,,True,False,,true,verified_in,,false,false
L1124,2026-06-20,Jessica,Chen,jessicac@databarn.io,Marketing Manager,DataBarn,databarn.io,11-50,Software,SG,newsletter,email,weekly-digest,Yes,JESSICA,chen,DataBarn,Marketing Manager,singapore,False,Yes,true,newsletter,False,email,False,weekly-digest,False,jessicac@databarn.io,jessicac@databarn.io,work,False,False,False,False,False,https://databarn.io,True,,True,False,,false,verified_in,,false,false
L2268,2026-06-01,Matthew,Fischer,MFISCHER@NIMBUSERP.COM,"vp, engineering",Nimbus ERP,nimbuserp.com,1000+,,IN,newsletter,email,weekly-digest,NULL,Matthew,fischer,Nimbus ERP,"vp, engineering",india,False,NULL,unknown,newsletter,False,email,False,weekly-digest,False,MFISCHER@NIMBUSERP.COM,mfischer@nimbuserp.com,work,False,False,False,False,False,www.nimbuserp.com,True,,True,False,,false,ambiguous,,false,false
L1455,2026-06-27,Wei,Robinson,weir@brightqueue.io,AI Engineer,BrightQueue,,51-200,Software,,,,,,Wei,ROBINSON  ,BrightQueue,AI Engineer,,False,,unknown,(direct),True,(none),True,,True,weir@brightqueue.io,weir@brightqueue.io,work,False,False,False,False,False,,False,,True,False,,false,ambiguous,,false,false
L1216,2026-06-02,Katherine,Jackson,katherine_jackson@databarn.io,Research Engineer,DATABARN,databarn.io,11-50,Software,IN,facebook,paid_social,fb_q3,TRUE,Katherine,Jackson, DATABARN,Research Engineer,IN,False,TRUE,true,facebook,False,Paid-Social,False,FB_Q3,False,katherine_jackson@databarn.io,katherine_jackson@databarn.io,work,False,False,False,False,False,www.databarn.io,True,,True,False,,false,verified_in,,false,false
L1818,2026-05-17,Andrew,Park,PARK.ANDREW@LEDGERWORKS.COM,SWE,LedgerWorks,ledgerworks.com,,Software,GB,linkedin,paid_social,serverless-launch,,Andrew,PARK,LedgerWorks,SWE,uk,False,,unknown,linkedin,False,paid_social,False,serverless-launch,False,PARK.ANDREW@LEDGERWORKS.COM,park.andrew@ledgerworks.com,work,False,False,False,False,False,https://ledgerworks.com,True,,True,False,,false,ambiguous,,false,false
L1381,2026-04-02,John,Anderson,johna@gridbase.dev,Computer Vision Engineer,,,,,SG,google,organic,,,john,Anderson,,Computer Vision Engineer,SG,False,,unknown,google,False,organic,False,,True,johna@gridbase.dev,johna@gridbase.dev,work,False,False,False,False,False,,False,,True,False,,false,ambiguous,,false,false
L2742,2026-05-01,Michelle,Flores,flores.michelle@proton.me,SWE,Securex Systems,securexsystems.com,1-10,Software,SG,google,cpc,gpu-cloud-nonbrand,,Michelle,Flores,Securex Systems,SWE,SG,False,,unknown,google,False,cpc,False,gpu-cloud-nonbrand,False,flores.michelle@proton.me,flores.michelle@proton.me,freemail,False,False,False,False,False,https://securexsystems.com,True,,True,False,,false,ambiguous,,false,false
L2194,2026-05-03,Sandra,Hill,sandra_hill@gridbase.dev,NLP Engineer,Gridbase,gridbase.dev,11-50,Software,SE,producthunt,referral,launch,1,Sandra,Hill,Gridbase,NLP Engineer,SE,False,1,true,producthunt,False,referral,False,launch,False,sandra_hill@gridbase.dev,sandra_hill@gridbase.dev,work,False,False,False,False,False,www.gridbase.dev,True,,True,False,,true,verified_in,,false,false
L1143,2026-04-19,Steven,Ramirez,steven.ramirez@proton.me,Computer Vision Engineer,Nimbus ERP,,,Software,AU,reddit,social,r-machinelearning,,STEVEN, ramirez,Nimbus ERP  ,Computer Vision Engineer,Australia,False,,unknown,reddit,False,social,False,r-machinelearning,False,steven.ramirez@proton.me,steven.ramirez@proton.me,freemail,False,False,False,False,False,,False,,True,False,,false,ambiguous,,false,false
L1849,2026-05-07,Frank,Perez,frank.perez@ledgerworks.com,Senior ML Engineer,LedgerWorks,ledgerworks.com,51-200,Software,AU,linkedin,paid_social,serverless-launch,NULL,Frank,Perez,LedgerWorks,Senior ML Engineer,Australia,False,NULL,unknown,linkedin,False,paid_social,False,serverless-launch,False,frank.perez@ledgerworks.com,frank.perez@ledgerworks.com,work,False,False,False,False,False,www.ledgerworks.com,True,,True,False,,false,ambiguous,,false,false
L2156,2026-06-11,Stephen,Jackson,sjackson@instech.edu,Enthusiast,,,,,SG,facebook,paid,fb_q3,granted,Stephen,Jackson,,Enthusiast,singapore,False,granted,true,FB,False,paid,False,fb_q3,False,sjackson@instech.edu,sjackson@instech.edu,work,False,False,True,False,False,,False,,True,False,,false,verified_in,,false,false
L2115,2026-05-04,Amara,Weber,amara.weber@cloudspan.dev,Head of MLOps,Cloudspan,cloudspan.dev,51-200,Software,IN,github,referral,docs-cta,,AMARA,Weber,Cloudspan  ,Head of MLOps,india,False,,unknown,github,False,referral,False,docs-cta,False,amara.weber@cloudspan.dev,amara.weber@cloudspan.dev,work,False,False,False,False,False,www.cloudspan.dev,True,,True,False,,false,ambiguous,,false,false
L2332,2026-04-30,Mary,Rodriguez,MARY.RODRIGUEZ@QUANTAVISION.IO,Indie hacker,Quanta Vision,quantavision.io,1-10,,SG,google,cpc,brand-search,,Mary,Rodriguez, Quanta Vision,Indie hacker,singapore,False,,unknown,google ,False, cpc,False,brand search,False,MARY.RODRIGUEZ@QUANTAVISION.IO,mary.rodriguez@quantavision.io,work,False,False,False,False,False,https://quantavision.io,True,,True,False,,false,ambiguous,,false,false
L2446,2026-05-06,Kenneth,Garcia,KENNETHG@ROBOTICSONE.AI,Software Engineer,RoboticsOne,roboticsone.ai,501-1000,AI/ML software,,docs,referral,quickstart,NULL, Kenneth,Garcia,RoboticsOne,Software Engineer,,False,NULL,unknown,docs,False,referral,False,quickstart,False,KENNETHG@ROBOTICSONE.AI,kennethg@roboticsone.ai,work,False,False,False,False,False,www.roboticsone.ai,True,,True,False,,false,verified_out,,true,false
L1869,2026-06-17,Nicholas,Nguyen,nicholas_nguyen@brightqueue.io,Founder,BrightQueue,,51-200,,NL,linkedin,paid_social,serverless-launch,TRUE,Nicholas,Nguyen,BrightQueue,Founder,NL,False,TRUE,true,linkedin,False,paid_social,False,serverless-launch,False,nicholas_nguyen@brightqueue.io,nicholas_nguyen@brightqueue.io,work,False,False,False,False,False,,False,,True,False,,true,verified_out,,false,false
L1092,2026-06-15,Deborah,Schmidt,dschmidt@synapsefoundry.com,Operations Manager,Synapse Foundry,,11-50,AI/ML software,US,producthunt,referral,launch,,Deborah,Schmidt,Synapse Foundry,Operations Manager,US,False,,unknown,producthunt,False,referral,False,launch,False,dschmidt@synapsefoundry.com,dschmidt@synapsefoundry.com,work,False,False,False,False,False,,False,,True,False,,false,ambiguous,,false,false
L1014,2026-05-09,Eric,Garcia,egarcia@gridforge.cloud,ml engineer,GRIDFORGE CLOUD,,201-500,AI/ML software,PL,reddit,social,r-machinelearning,true,Eric,Garcia,GRIDFORGE CLOUD,ml engineer,Poland,False,true,true,reddit,False,social,False,r-machinelearning,False,egarcia@gridforge.cloud,egarcia@gridforge.cloud,work,True,False,False,False,False,,False,,True,False,,true,verified_in,,false,true
L1403,2026-05-23,Margaret,Sharma,margaret_sharma@orbitalmind.ai,DevOps Engineer,Orbital Mind,orbitalmind.ai,,AI/ML software,AU,newsletter,email,weekly-digest,NULL,Margaret,sharma,Orbital Mind,DevOps Engineer,AU,False,NULL,unknown,newsletter,False,email,False,weekly-digest,False,margaret_sharma@orbitalmind.ai,margaret_sharma@orbitalmind.ai,work,False,False,False,False,False,https://orbitalmind.ai,True,,True,False,,false,ambiguous,,false,false
L1846,2026-04-27,Sofia,Mitchell,sofia_mitchell@agentstack.dev,Customer Success Manager,AgentStack,agentstack.dev,1000+,,JP,twitter,social,launch-week,unknown,Sofia,Mitchell,AgentStack,Customer Success Manager,JP,False,unknown,unknown,twitter,False,social,False,launch-week,False,sofia_mitchell@agentstack.dev,sofia_mitchell@agentstack.dev,work,False,False,False,False,False,https://agentstack.dev,True,,True,False,,false,verified_in,,false,false
L2272,2026-06-14,Eric,Campbell,ericc@greenleaflandscaping.com,Sales Development Rep,GREENLEAF LANDSCAPING,greenleaflandscaping.com,51-200,Services,SG,linkedin,paid_social,serverless-launch,yes,Eric,Campbell,GREENLEAF LANDSCAPING,Sales Development Rep,SG,False,yes,true,linkedin,False,paid_social,False,serverless-launch,False,ericc@greenleaflandscaping.com,ericc@greenleaflandscaping.com,work,False,False,False,False,False,https://greenleaflandscaping.com,True,,True,False,,false,verified_out,,false,false
L1743,2026-05-08,Melissa,Sato,melissa.sato@loopware.io,HR Manager,loopware,loopware.io,1000+,,,youtube,video,tutorial-series,,Melissa,Sato,loopware,HR Manager,,False,,unknown,youtube,False,video,False,tutorial-series,False,melissa.sato@loopware.io,melissa.sato@loopware.io,work,False,False,False,False,False,https://loopware.io,True,,True,False,,false,verified_in,,false,false
L2439,2026-04-29,Wei,Park,WEI.PARK@CENTRALPOLY.EDU,Postdoc,Central Polytechnic,,1000+,Education,BR,docs,referral,quickstart,pending,WEI,Park,Central Polytechnic,Postdoc,Brazil,False,pending,unknown,docs,False,referral,False,quickstart,False,WEI.PARK@CENTRALPOLY.EDU,wei.park@centralpoly.edu,work,False,False,True,False,False,,False,,True,False,,false,verified_out,,false,false
L1598,2026-06-11,Michael,Brown,brown.michael@streamlyne.io,Deep Learning Engineer,Streamlyne,streamlyne.io,11-50,Software,BR,google,cpc,brand-search-q3,,Michael,Brown,Streamlyne,Deep Learning Engineer,BR,False,,unknown,google,False,cpc,False,brand-search-q3,False,brown.michael@streamlyne.io,brown.michael@streamlyne.io,work,False,False,False,False,False,www.streamlyne.io,True,,True,False,,false,ambiguous,,false,false
L1257,2026-04-09,Samuel,Harris,samuel.harris@yahoo.com,Financial Analyst,Streamlyne,streamlyne.io,11-50,Software,AU,linkedin,paid_social,serverless-launch,TRUE,Samuel, Harris,Streamlyne,Financial Analyst,Australia,False,TRUE,true,linkedin,False,paid_social,False,serverless-launch,False,samuel.harris@yahoo.com,samuel.harris@yahoo.com,freemail,False,False,False,False,False,www.streamlyne.io,True,,True,False,,false,verified_in,,false,false
L1995,2026-06-14,Michelle,Adams,madams@mistletoeml.com,Chief AI Officer,Mistletoe ML,mistletoeml.com,1000+,,SG,docs,referral,quickstart,NULL,Michelle,Adams,Mistletoe ML,Chief AI Officer,singapore,False,NULL,unknown,docs,False,referral,False,quickstart,False,madams@mistletoeml.com,madams@mistletoeml.com,work,False,False,False,False,False,https://mistletoeml.com,True,,True,False,,false,ambiguous,,false,false
L2175,2026-05-21,Chris,Kumar,ckumar@codewharf.dev,Customer Success Manager,Codewharf,codewharf.dev,1000+,Software,SG,,,,unknown,Chris,Kumar,Codewharf,Customer Success Manager,singapore,False,unknown,unknown,(direct),True,(none),True,,True,ckumar@codewharf.dev,ckumar@codewharf.dev,work,False,False,False,False,False,https://codewharf.dev,True,,True,False,,false,ambiguous,,false,false
L1363,2026-05-09,Jonathan,Ramirez,jonathanr@icloud.com,Independent Consultant,Vectorly AI,vectorly.ai,11-50,AI/ML software,ES,docs,referral,quickstart,unknown,Jonathan,Ramirez,Vectorly AI,Independent Consultant,Spain,False,unknown,unknown,docs,False,referral,False,quickstart,False,jonathanr@icloud.com,jonathanr@icloud.com,freemail,False,False,False,False,False,www.vectorly.ai,True,,True,False,,true,verified_in,,true,false
L1971,2026-05-10,Fatima,Anderson,FANDERSON@VOXELDYNAMICS.AI,Software Engineer,Voxel Dynamics,voxeldynamics.ai,51-200,AI/ML software,GB,,,,opted_in,Fatima,Anderson,Voxel Dynamics,Software Engineer,United Kingdom,False,opted_in,true,(direct),True,(none),True,,True,FANDERSON@VOXELDYNAMICS.AI,fanderson@voxeldynamics.ai,work,False,False,False,False,False,www.voxeldynamics.ai,True,,True,False,,false,verified_in,,false,false
L1106,2026-05-19,Benjamin,Sharma,benjamin_sharma@shipmate.io,HR Manager,Shipmate,shipmate.io,201-500,Software,NL,github,referral,docs-cta,yes,Benjamin,Sharma,Shipmate,HR Manager,NL,False,yes,true,github,False,referral,False,docs-cta,False,benjamin_sharma@shipmate.io,benjamin_sharma@shipmate.io,work,False,False,False,False,False,https://shipmate.io,True,,True,False,,true,verified_in,,false,false
L1509,2026-06-18,Samantha,Rodriguez,samantha_rodriguez@gmail.com,PhD Student,State University,stateuniv.edu,1000+,Education,US,reddit,social,r-machinelearning,NULL,Samantha  ,Rodriguez,State University,PhD Student,USA,False,NULL,unknown,reddit,False,social,False,r-machinelearning,False,samantha_rodriguez@gmail.com,samantha_rodriguez@gmail.com,freemail,False,False,False,False,False,www.stateuniv.edu,True,,True,False,,false,ambiguous,,false,false
L1191,2026-06-26,Brandon,Flores,brandon_flores@ragpipe.dev,Research Scientist,RagPipe,,501-1000,AI/ML software,AU,,,,pending,Brandon,Flores,RagPipe,Research Scientist,Australia,False,pending,unknown,null,True,null,True,null,True,brandon_flores@ragpipe.dev,brandon_flores@ragpipe.dev,work,False,False,False,False,False,,False,,True,False,,false,verified_in,,false,true
L2726,2026-04-15,Hans,Ramirez,hramirez@northernuni.edu,Student,,,,,BR,youtube,video,tutorial-series,,Hans,Ramirez,,Student,BR,False,,unknown,youtube,False,video,False,tutorial-series,False,hramirez@northernuni.edu,hramirez@northernuni.edu,work,False,False,True,False,False,,False,,True,False,,false,verified_in,,true,false
L2755,2026-06-02,Jason,Johnson,jason.johnson@proton.me,Infrastructure Engineer,EmbedIQ,embediq.ai,1000+,AI/ML software,JP,github,referral,docs-cta,NULL,Jason,JOHNSON,EmbedIQ,Infrastructure Engineer,JP,False,NULL,unknown,github,False,referral,False,docs-cta,False,jason.johnson@proton.me,jason.johnson@proton.me,freemail,False,False,False,False,False,www.embediq.ai,True,,True,False,,false,verified_in,,false,true
L1815,2026-05-16,Stephanie,Taylor,taylor.stephanie@ledgerworks.com,HR Manager,LEDGERWORKS,ledgerworks.com,51-200,Software,JP,twitter,social,launch-week,pending,Stephanie,Taylor,LEDGERWORKS,HR Manager,Japan,False,pending,unknown,twitter,False,social,False,launch-week,False,taylor.stephanie@ledgerworks.com,taylor.stephanie@ledgerworks.com,work,False,False,False,False,False,www.ledgerworks.com,True,,True,False,,false,ambiguous,,false,false
L2903,2026-05-02,lARS,Clark,LARS.CLARK@METRICSHUB.COM,Research Engineer,MetricsHub,,,Software,SG,blog,referral,pricing-post,opted_in,lARS,CLARK  ,MetricsHub,Research Engineer,singapore,False,opted_in,true,blog,False,referral,False,pricing-post,False,LARS.CLARK@METRICSHUB.COM,lars.clark@metricshub.com,work,False,False,False,False,False,,False,lars.clark@metricshub.com,True,False,,false,verified_in,,false,false
L2828,2026-05-10,Samantha,Flores,samantha.flores@loopware.io,AI Engineer,Loopware,loopware.io,1000+,Software,IN,blog,referral,pricing-post,yes,Samantha,Flores,Loopware,AI Engineer,india,False,yes,true,blog,False,referral,False,pricing-post,False,samantha.flores@loopware.io,samantha.flores@loopware.io,work,False,False,False,False,False,www.loopware.io,True,samantha.flores@loopware.io,True,False,,false,verified_in,,false,false
L2082,2026-06-15,Kwame,Andersson,kwame.andersson@corticon.ai,MLOps Engineer,Corticon AI,corticon.ai,501-1000,AI/ML software,GB,reddit,social,r-machinelearning,,Kwame,Andersson, Corticon AI,MLOps Engineer,uk,False,,unknown,reddit,False,social,False,r-machinelearning,False,kwame.andersson@corticon.ai,kwame.andersson@corticon.ai,work,False,False,False,False,False,https://corticon.ai,True,,True,False,,false,verified_in,,false,false
L2257,2026-04-19,Zara,Anderson,zaraa@brightqueue.io,Director of Infrastructure,BrightQueue,brightqueue.io,,Software,GB,docs,referral,quickstart,,Zara,ANDERSON,BrightQueue,Director of Infrastructure,uk,False,,unknown,docs,False,referral,False,quickstart,False,zaraa@brightqueue.io,zaraa@brightqueue.io,work,False,False,False,False,False,https://brightqueue.io,True,,True,False,,false,ambiguous,,false,false
L1720,2026-06-07,Patricia,Rossi,patricia_rossi@databarn.io,Business Analyst,databarn,databarn.io,11-50,Software,GB,youtube,video,tutorial-series,opted_in,Patricia,Rossi,databarn,Business Analyst,UK,False,opted_in,true,youtube,False,video,False,tutorial-series,False,patricia_rossi@databarn.io,patricia_rossi@databarn.io,work,False,False,False,False,False,https://databarn.io,True,,True,False,,false,verified_in,,false,false
L1373,2026-05-20,Helen,Patel,helen.patel@roboticsone.ai,Senior Software Engineer,RoboticsOne,,501-1000,AI/ML software,IN,twitter,social,launch-week,Yes,Helen,Patel,RoboticsOne,Senior Software Engineer,IN,False,Yes,true,twitter,False,social,False,launch-week,False,helen.patel@roboticsone.ai,helen.patel@roboticsone.ai,work,False,False,False,False,False,,False,,True,False,,false,verified_in,,false,false
L2696,2026-05-22,Ingrid,Martinez,ingridm@centralpoly.edu,student,Central Polytechnic,centralpoly.edu,,,BR,,,,,ingrid,Martinez,Central Polytechnic,student,BR,False,,unknown,undefined,True,undefined,True,,True,ingridm@centralpoly.edu,ingridm@centralpoly.edu,work,False,False,True,False,False,https://centralpoly.edu,True,,True,False,,false,verified_in,,true,false
L1795,2026-06-08,Brandon,Perez,brandon.perez@tensorloop.io,Consultant,tensorloop,tensorloop.io,,AI/ML software,GB,google,cpc,brand-search,,Brandon,PEREZ,tensorloop,Consultant,United Kingdom,False,,unknown,google ,False, cpc,False,brand search,False,brandon.perez@tensorloop.io,brandon.perez@tensorloop.io,work,False,False,False,False,False,https://tensorloop.io,True,,True,False,,false,ambiguous,,false,false
L1916,2026-05-16,Sandra,Okafor,sandra.okafor@modelry.ai,Sr. Data Scientist,Modelry,modelry.ai,1-10,,ES,producthunt,referral,launch,granted,sandra, Okafor,Modelry,Sr. Data Scientist,España,False,granted,true,producthunt,False,referral,False,launch,False,sandra.okafor@modelry.ai,sandra.okafor@modelry.ai,work,False,False,False,False,False,https://modelry.ai,True,,True,False,,true,verified_in,,false,false
L2414,2026-06-28,Deborah,King,king.deborah@shipmate.io,Director of Infrastructure,shipmate,shipmate.io,201-500,Software,US,,,,unknown,Deborah,King,shipmate,Director of Infrastructure,United States,False,unknown,unknown,test,True,test,True,test-campaign-DELETE,True,king.deborah@shipmate.io,king.deborah@shipmate.io,work,False,False,False,False,False,www.shipmate.io,True,,True,False,,false,verified_in,,false,false
L2429,2026-05-17,Nancy,Scott,scott.nancy@proton.me,Operations Manager,Synapse Foundry,synapsefoundry.com,11-50,AI/ML software,SG,producthunt,referral,launch,pending,Nancy,Scott,Synapse Foundry,Operations Manager,singapore,False,pending,unknown,producthunt,False,referral,False,launch,False,scott.nancy@proton.me,scott.nancy@proton.me,freemail,False,False,False,False,False,www.synapsefoundry.com,True,,True,False,,false,verified_in,,false,true
L2219,2026-05-29,John,Harris,john_harris@pipelinelabs.io,SWE,Pipeline Labs,pipelinelabs.io,1000+,Software,JP,email_blast,email,july-promo,,John,Harris,Pipeline Labs,SWE,Japan,False,,unknown,email%20blast,False,e-mail,False,JULY%20PROMO,False,john_harris@pipelinelabs.io,john_harris@pipelinelabs.io,work,False,False,False,False,False,https://pipelinelabs.io,True,,True,False,,false,verified_in,,false,false
L2109,2026-06-09,David,Scott,david.scott@shipmate.io,Accountant,Shipmate,shipmate.io,201-500,Software,NL,google,organic,,FALSE,David,Scott,Shipmate,Accountant,Netherlands,False,FALSE,false,google,False,organic,False,,True,david.scott@shipmate.io,david.scott@shipmate.io,work,False,False,False,False,False,https://shipmate.io,True,,True,False,,true,verified_out,,true,false
L1998,2026-05-27,Dennis,Schmidt,DENNIS_SCHMIDT@LEDGERWORKS.COM,Head of AI,LedgerWorks,ledgerworks.com,51-200,Software,CA,facebook,social,q3,opted_in,Dennis,Schmidt,LedgerWorks,Head of AI,canada,False,opted_in,true,fb_paid,False,social,False,q3,False,DENNIS_SCHMIDT@LEDGERWORKS.COM,dennis_schmidt@ledgerworks.com,work,False,False,False,False,False,https://ledgerworks.com,True,,True,False,,false,verified_in,,false,false
L2475,2026-04-04,Mary,Adams,adams.mary@roboticsone.ai,software engineer,RoboticsOne,roboticsone.ai,501-1000,AI/ML software,JP,,,,unknown,Mary,Adams,RoboticsOne,software engineer,japan,False,unknown,unknown,test,True,test,True,test-campaign-DELETE,True,adams.mary@roboticsone.ai,adams.mary@roboticsone.ai,work,False,False,False,False,False,https://roboticsone.ai,True,,True,False,,false,ambiguous,,false,false
L1152,2026-05-12,Rachel,Becker,rbecker@inferralabs.com,Director of Infrastructure,Inferra Labs,,1000+,,SG,email_blast,email,july-promo,, Rachel,Becker,Inferra Labs,Director of Infrastructure,Singapore,False,,unknown,email%20blast,False,e-mail,False,JULY%20PROMO,False,rbecker@inferralabs.com,rbecker@inferralabs.com,work,False,False,False,False,False,,False,,True,False,,false,ambiguous,,false,false
L1723,2026-06-19,Astrid,Lopez,alopez@hotmail.com,SWE,VOXEL DYNAMICS,voxeldynamics.ai,51-200,AI/ML software,CA,blog,referral,pricing-post,, ASTRID,Lopez,VOXEL DYNAMICS,SWE,CA,False,,unknown,blog,False,referral,False,pricing-post,False,alopez@hotmail.com,alopez@hotmail.com,freemail,False,False,False,False,False,https://voxeldynamics.ai,True,,True,False,,false,ambiguous,,false,false
L1876,2026-05-18,Jennifer,Gonzalez,jgonzalez@inferralabs.com,MS Student,Inferra Labs,inferralabs.com,1000+,AI/ML software,US,google,organic,,,JENNIFER,Gonzalez,Inferra Labs,MS Student,usa,False,,unknown,google,False,organic,False,,True,jgonzalez@inferralabs.com,jgonzalez@inferralabs.com,work,False,False,False,False,False,https://inferralabs.com,True,,True,False,,false,verified_out,,false,false
L2137,2026-06-07,Linda,Adams,linda.adams@bellavistarealty.com,Marketing Manager,BELLA VISTA REALTY,bellavistarealty.com,,Real estate,AU,producthunt,referral,launch,unknown,Linda,Adams,BELLA VISTA REALTY,Marketing Manager,Australia,False,unknown,unknown,producthunt,False,referral,False,launch,False,linda.adams@bellavistarealty.com,linda.adams@bellavistarealty.com,work,False,False,False,False,False,www.bellavistarealty.com,True,,True,False,,false,ambiguous,,false,false
L2748,2026-06-13,Jacob,Lee,lee.jacob@pipelinelabs.io,Head of Data Science,Pipeline Labs,,,Software,DE,google,cpc,brand-search-q3,opted_out,Jacob,lee,Pipeline Labs,Head of Data Science,DE,False,opted_out,false,google,False,cpc,False,brand-search-q3,False,lee.jacob@pipelinelabs.io,lee.jacob@pipelinelabs.io,work,False,False,False,False,False,,False,,True,False,,true,verified_out,,false,true
L1792,2026-05-31,Dennis,Hernandez,hernandez.dennis@paytrellis.com,MLOps Engineer,PayTrellis,paytrellis.com,51-200,Software,SG,github,referral,docs-cta,,DENNIS,Hernandez,PayTrellis,MLOps Engineer,Singapore,False,,unknown,github,False,referral,False,docs-cta,False,hernandez.dennis@paytrellis.com,hernandez.dennis@paytrellis.com,work,False,False,False,False,False,www.paytrellis.com,True,,True,False,,false,ambiguous,,false,false
L2164,2026-06-24,Anna,Rivera,arivera@agentstack.dev,Senior ML Engineer,AGENTSTACK,agentstack.dev,1000+,,SE,reddit,social,r-machinelearning,1,Anna,Rivera  ,AGENTSTACK,Senior ML Engineer,sweden,False,1,true,reddit,False,social,False,r-machinelearning,False,arivera@agentstack.dev,arivera@agentstack.dev,work,False,False,False,False,False,www.agentstack.dev,True,,True,False,,true,verified_in,,false,false
L1902,2026-04-19,Carolyn,Ali,ali.carolyn@synthworks.ai,Senior Software Engineer,SynthWorks AI,synthworks.ai,11-50,,CA,producthunt,referral,launch,unknown, Carolyn,ali,SynthWorks AI, Senior Software Engineer,canada,False,unknown,unknown,producthunt,False,referral,False,launch,False,ali.carolyn@synthworks.ai,ali.carolyn@synthworks.ai,work,False,False,False,False,False,https://synthworks.ai,True,,True,False,,false,verified_in,,false,false
L1218,2026-05-17,Gary,Hall,gary_hall@ridgewayconstruction.com,Customer Success Manager,Ridgeway Construction,,11-50,Construction,JP,,,,unknown,Gary,Hall,Ridgeway Construction,Customer Success Manager,japan,False,unknown,unknown,(direct),True,(none),True,,True,gary_hall@ridgewayconstruction.com,gary_hall@ridgewayconstruction.com,work,False,False,False,False,False,,False,,True,False,,false,ambiguous,,false,false
L2692,2026-04-07,Anthony,Williams,anthony_williams@tokenworks.io,,,,,,SG,reddit,social,r-machinelearning,yes,Anthony,Williams  ,,,singapore,False,yes,true,reddit,False,social,False,r-machinelearning,False,anthony_williams@tokenworks.io,anthony_williams@tokenworks.io,work,False,False,False,False,False,,False,,True,False,,false,verified_in,,false,false
L1901,2026-05-21,Donna,Thomas,thomas.donna@ridgewayconstruction.com,Consultant,Ridgeway Construction,ridgewayconstruction.com,11-50,,AU,,,,NULL,Donna  ,Thomas  , Ridgeway Construction,Consultant,Australia,False,NULL,unknown,null,True,null,True,null,True,thomas.donna@ridgewayconstruction.com,thomas.donna@ridgewayconstruction.com,work,False,False,False,False,False,https://ridgewayconstruction.com,True,,True,False,,false,verified_in,,false,false
L1299,2026-05-04,Jeffrey,Andersson,jeffreya@corticon.ai,Applied Scientist,Corticon AI,corticon.ai,501-1000,AI/ML software,IE,twitter,social,launch-week,false,Jeffrey, ANDERSSON,Corticon AI,Applied Scientist,IE,False,false,false,twitter,False,social,False,launch-week,False,jeffreya@corticon.ai,jeffreya@corticon.ai,work,False,False,False,False,False,www.corticon.ai,True,,True,False,,true,verified_out,,false,false
L1848,2026-04-13,Chris,Nguyen,nguyen.chris@quantumnails.com,Project Manager,Quantum Nails Salon,,51-200,,IN,google,cpc,gpu-cloud-nonbrand,,Chris,Nguyen,Quantum Nails Salon,Project Manager,india,False,,unknown,google,False,cpc,False,gpu-cloud-nonbrand,False,nguyen.chris@quantumnails.com,nguyen.chris@quantumnails.com,work,False,False,False,False,False,,False,,True,False,,false,verified_out,,false,false
L2167,2026-04-11,Ingrid,Hill,hill.ingrid@synthworks.ai,Accountant,SynthWorks AI,synthworks.ai,,,,facebook,cpc,fb-q3-conversions,,Ingrid,Hill,SynthWorks AI,Accountant,,False,,unknown,Facebook Ads,False,cpc,False,fb-q3-conversions,False,hill.ingrid@synthworks.ai,hill.ingrid@synthworks.ai,work,False,False,False,False,False,https://synthworks.ai,True,,True,False,,false,ambiguous,,false,false
L1118,2026-05-31,Ryan,Campbell,ryanc@yahoo.com,Business Analyst,bluebird travel,bluebirdtravel.com,,,CA,blog,referral,pricing-post,unknown, Ryan,Campbell,bluebird travel,Business Analyst,CA,False,unknown,unknown,blog,False,referral,False,pricing-post,False,ryanc@yahoo.com,ryanc@yahoo.com,freemail,False,False,False,False,False,https://bluebirdtravel.com,True,,True,False,,false,verified_in,,false,false
L1761,2026-04-24,Lars,Perez,perez.lars@peakfitnessstudios.com,Social Media Manager,Peak Fitness Studios,,,Fitness,,reddit,social,r-machinelearning,Yes,Lars,Perez,Peak Fitness Studios,Social Media Manager,,False,Yes,true,reddit,False,social,False,r-machinelearning,False,perez.lars@peakfitnessstudios.com,perez.lars@peakfitnessstudios.com,work,False,False,False,False,False,,False,,True,False,,false,verified_in,,false,false
L2770,2026-05-05,Diego,Mitchell,diego_mitchell@databarn.io,Machine Learning Engineer,DataBarn,databarn.io,11-50,Software,IT,producthunt,referral,launch,true,DIEGO,Mitchell  ,DataBarn,Machine Learning Engineer,italy,False,true,true,producthunt,False,referral,False,launch,False,diego_mitchell@databarn.io,diego_mitchell@databarn.io,work,False,False,False,False,False,www.databarn.io,True,,True,False,,true,verified_in,,false,false
L2829,2026-05-18,Nicole,Taylor,nicolet@instech.edu,Hobbyist,Institute of Technology,instech.edu,1000+,Education,SG,reddit,social,r-machinelearning,NULL,Nicole, Taylor,Institute of Technology,Hobbyist,singapore,False,NULL,unknown,reddit,False,social,False,r-machinelearning,False,nicolet@instech.edu,nicolet@instech.edu,work,False,False,True,False,False,www.instech.edu,True,nicolet@instech.edu,True,False,,false,verified_out,,false,false
L2766,2026-04-28,Timothy,Larsen,tlarsen@agentstack.dev,sre,AgentStack,agentstack.dev,,AI/ML software,US,,,,TRUE,Timothy,Larsen,AgentStack,sre,U.S.,False,TRUE,true,null,True,null,True,null,True,tlarsen@agentstack.dev,tlarsen@agentstack.dev,work,False,False,False,False,False,www.agentstack.dev,True,,True,False,,false,verified_in,,false,false
L2687,2026-05-29,Amara,Fischer,afischer@cascade-ai.com,Advisor,Cascade AI,,51-200,AI/ML software,BR,google,cpc,gpu-cloud-nonbrand,pending,Amara,FISCHER,Cascade AI,Advisor,BR,False,pending,unknown,google,False,cpc,False,gpu-cloud-nonbrand,False,afischer@cascade-ai.com,afischer@cascade-ai.com,work,False,False,False,False,False,,False,afischer@cascade-ai.com,True,False,,false,verified_in,,false,false
L1547,2026-06-15,Rajesh,Muller,RAJESHM@STATEUNIV.EDU,Freelancer,State University,stateuniv.edu,,Education,CA,google,cpc,gpu-cloud-nonbrand,,Rajesh,Muller,State University, Freelancer,CA,False,,unknown,google,False,cpc,False,gpu-cloud-nonbrand,False,RAJESHM@STATEUNIV.EDU,rajeshm@stateuniv.edu,work,False,False,True,False,False,https://stateuniv.edu,True,,True,False,,false,ambiguous,,false,false
L2173,2026-05-15,Timothy,Walker,walker.timothy@tensorhive.ai,Staff Engineer,TensorHive,tensorhive.ai,201-500,AI/ML software,DE,github,referral,docs-cta,TRUE,Timothy,WALKER,TensorHive,Staff Engineer,DEU,False,TRUE,true,github,False,referral,False,docs-cta,False,walker.timothy@tensorhive.ai,walker.timothy@tensorhive.ai,work,True,False,False,False,False,www.tensorhive.ai,True,,True,False,,true,verified_in,,false,false
L1946,2026-05-24,Brandon,King,bking@voxeldynamics.ai,Platform Engineer,Voxel Dynamics,voxeldynamics.ai,51-200,AI/ML software,AU,reddit,social,r-machinelearning,yes,BRANDON, King,Voxel Dynamics,Platform Engineer,australia,False,yes,true,reddit,False,social,False,r-machinelearning,False,bking@voxeldynamics.ai,bking@voxeldynamics.ai,work,False,False,False,False,False,https://voxeldynamics.ai,True,,True,False,,false,verified_in,,false,false
L1533,2026-05-10,Anthony,Andersson,aandersson@apexautoparts.com,VP of Engineering,Apex Auto Parts,apexautoparts.com,201-500,Automotive,IN,youtube,video,tutorial-series,,Anthony,Andersson,Apex Auto Parts,VP of Engineering,IN,False,,unknown,youtube,False,video,False,tutorial-series,False,aandersson@apexautoparts.com,aandersson@apexautoparts.com,work,False,False,False,False,False,https://apexautoparts.com,True,,True,False,,false,verified_out,,false,false
L1879,2026-04-04,Donna,Novak,novak.donna@icloud.com,Hobbyist,Northern University,,,,US,linkedin,paid_social,serverless-launch,unknown,Donna,Novak  ,Northern University,Hobbyist,United States,False,unknown,unknown,linkedin,False,paid_social,False,serverless-launch,False,novak.donna@icloud.com,novak.donna@icloud.com,freemail,False,False,False,False,False,,False,,True,False,,false,ambiguous,,false,false
L2623,2026-05-15,Yuki,Hall,yhall@apexautoparts.com,Operations Manager,apex auto parts,apexautoparts.com,201-500,Automotive,AU,email_blast,email,july-promo,TRUE,Yuki,Hall,apex auto parts, Operations Manager,australia,False,TRUE,true,email%20blast,False,e-mail,False,JULY%20PROMO,False,yhall@apexautoparts.com,yhall@apexautoparts.com,work,False,False,False,False,False,https://apexautoparts.com,True,,True,False,,false,verified_in,,false,false
L2571,2026-04-23,Ashley,Kumar,ashleyk@quantavision.io,CTO,Quanta Vision,quantavision.io,1-10,AI/ML software,JP,twitter,social,launch-week,granted,Ashley,Kumar,Quanta Vision,CTO,japan,False,granted,true,twitter,False,social,False,launch-week,False,ashleyk@quantavision.io,ashleyk@quantavision.io,work,False,False,False,False,False,https://quantavision.io,True,,True,False,,false,verified_in,,false,false
L1085,2026-06-03,Ashley,Schulz,schulz.ashley@codewharf.dev,,CODEWHARF,codewharf.dev,1000+,,AU,youtube,video,tutorial-series,true,Ashley  ,Schulz,CODEWHARF,,AU,False,true,true,youtube,False,video,False,tutorial-series,False,schulz.ashley@codewharf.dev,schulz.ashley@codewharf.dev,work,False,False,False,False,False,https://codewharf.dev,True,,True,False,,false,verified_in,,false,false
L2870,2026-06-11,Gary,Ramirez,garyr@proton.me,Research Scientist,TokenWorks,tokenworks.io,1000+,AI/ML software,ES,blog,referral,pricing-post,Yes,Gary,Ramirez,TokenWorks,Research Scientist,España,False,Yes,true,blog,False,referral,False,pricing-post,False,garyr@proton.me,garyr@proton.me,freemail,False,False,False,False,False,https://tokenworks.io,True,garyr@proton.me,True,True,job_title,true,verified_in,,false,false
L2131,2026-05-15,Nicole,Becker,nicoleb@roboticsone.ai,Co-founder,RoboticsOne,roboticsone.ai,501-1000,AI/ML software,IN,,,,1,Nicole,Becker,RoboticsOne, Co-founder,india,False,1,true,undefined,True,undefined,True,,True,nicoleb@roboticsone.ai,nicoleb@roboticsone.ai,work,False,False,False,False,False,www.roboticsone.ai,True,,True,False,,false,verified_in,,false,false
L2625,2026-06-04,Mark,White,markw@outlook.com,Applied Scientist,TokenWorks,tokenworks.io,,AI/ML software,IE,github,referral,docs-cta,false,Mark,White,TokenWorks,Applied Scientist,IE,False,false,false,github,False,referral,False,docs-cta,False,markw@outlook.com,markw@outlook.com,freemail,False,False,False,False,False,https://tokenworks.io,True,,True,False,,true,verified_out,,false,false
L2676,2026-06-30,Jeffrey,Hoffmann,jhoffmann@copilothealth.ai,SVP Engineering,Copilot Health AI,copilothealth.ai,1-10,,FR,youtube,video,tutorial-series,yes,Jeffrey,Hoffmann,Copilot Health AI  ,SVP Engineering,FRA,False,yes,true,youtube,False,video,False,tutorial-series,False,jhoffmann@copilothealth.ai,jhoffmann@copilothealth.ai,work,False,False,False,False,False,www.copilothealth.ai,True,,True,False,,true,verified_in,,false,false
L2457,2026-05-14,Priya,Muller,priya_muller@ledgerworks.com,Head of ML,LedgerWorks,ledgerworks.com,,Software,CA,twitter,social,launch-week,yes,Priya,Muller,LedgerWorks,Head of ML,CA,False,yes,true,twitter,False,social,False,launch-week,False,priya_muller@ledgerworks.com,priya_muller@ledgerworks.com,work,False,False,False,False,False,https://ledgerworks.com,True,,True,False,,false,verified_in,,true,false
L1670,2026-06-24,Amara,Williams,amaraw@promptline.ai,Director of Infrastructure,Promptline,promptline.ai,11-50,AI/ML software,CA,facebook,paid,fb_q3,true,Amara,Williams,Promptline,Director of Infrastructure,canada,False,true,true,FB,False,paid,False,fb_q3,False,amaraw@promptline.ai,amaraw@promptline.ai,work,False,False,False,False,False,https://promptline.ai,True,amaraw@promptline.ai,True,False,,false,verified_in,,false,false
L1899,2026-04-02,Anna,Andersson,anna_andersson@voiceforge.ai,Executive Assistant,VoiceForge,voiceforge.ai,51-200,AI/ML software,IE,,,,opted_in,Anna,Andersson,VoiceForge,Executive Assistant,ireland,False,opted_in,true,undefined,True,undefined,True,,True,anna_andersson@voiceforge.ai,anna_andersson@voiceforge.ai,work,False,False,False,False,False,www.voiceforge.ai,True,,True,False,,true,verified_in,,false,false
L2617,2026-04-05,Donald,Chen,donaldc@embediq.ai,Content Writer,embediq,,1000+,AI/ML software,,linkedin,paid_social,serverless-launch,1,Donald,Chen, embediq,Content Writer,,False,1,true,linkedin,False,paid_social,False,serverless-launch,False,donaldc@embediq.ai,donaldc@embediq.ai,work,False,False,False,False,False,,False,,True,False,,false,verified_in,,false,false
L2313,2026-05-12,Jessica,Kumar,jessicak@finetunelabs.com,Staff Engineer,Finetune Labs,finetunelabs.com,1-10,AI/ML software,CA,email_blast,email,july-promo,pending,Jessica,Kumar,Finetune Labs,Staff Engineer,Canada,False,pending,unknown,email%20blast,False,e-mail,False,JULY%20PROMO,False,jessicak@finetunelabs.com,jessicak@finetunelabs.com,work,False,False,False,False,False,https://finetunelabs.com,True,,True,False,,false,verified_in,,false,false
L2415,2026-06-17,Scott,Larsen,larsen.scott@pipelinelabs.io,,Pipeline Labs,pipelinelabs.io,1000+,,US,blog,referral,pricing-post,NULL,Scott,Larsen,Pipeline Labs,,United States,False,NULL,unknown,blog,False,referral,False,pricing-post,False,larsen.scott@pipelinelabs.io,larsen.scott@pipelinelabs.io,work,False,False,False,False,False,https://pipelinelabs.io,True,,True,False,,false,ambiguous,,false,false
L2359,2026-05-03,Ingrid,Perez,ingrid_perez@centralpoly.edu,Freelancer,Central Polytechnic,centralpoly.edu,1000+,Education,CA,blog,referral,pricing-post,unknown,Ingrid,perez,Central Polytechnic,Freelancer,Canada,False,unknown,unknown,blog,False,referral,False,pricing-post,False,ingrid_perez@centralpoly.edu,ingrid_perez@centralpoly.edu,work,False,False,True,False,False,https://centralpoly.edu,True,,True,False,,false,verified_in,,false,false
L1695,2026-05-15,Cynthia,Novak,cynthian@brightqueue.io,Head of AI,BrightQueue,,51-200,Software,IN,github,referral,docs-cta,unknown,cynthia,novak,BrightQueue,Head of AI,india,False,unknown,unknown,github,False,referral,False,docs-cta,False,cynthian@brightqueue.io,cynthian@brightqueue.io,work,False,False,False,False,False,,False,,True,False,,false,verified_in,,false,false
L1292,2026-04-06,Brenda,Hall,hall.brenda@hotmail.com,,VoiceForge,voiceforge.ai,,AI/ML software,GB,reddit,social,r-machinelearning,,Brenda  ,Hall,VoiceForge,,uk,False,,unknown,reddit,False,social,False,r-machinelearning,False,hall.brenda@hotmail.com,hall.brenda@hotmail.com,freemail,False,False,False,False,False,https://voiceforge.ai,True,,True,False,,false,ambiguous,,false,false
L2193,2026-05-28,Jennifer,White,jwhite@stateuniv.edu,Freelancer,State University,,1000+,,IN,google,cpc,gpu-cloud-nonbrand,unknown,Jennifer,White,State University,Freelancer,india,False,unknown,unknown,google,False,cpc,False,gpu-cloud-nonbrand,False,jwhite@stateuniv.edu,jwhite@stateuniv.edu,work,False,False,True,False,False,,False,,True,False,,false,ambiguous,,false,false
L2128,2026-05-28,Mark,Wilson,mark.wilson@tensorloop.io,software engineer,TensorLoop,tensorloop.io,,AI/ML software,SG,email_blast,email,july-promo,,MARK,Wilson,TensorLoop,software engineer,singapore,False,,unknown,email%20blast,False,e-mail,False,JULY%20PROMO,False,mark.wilson@tensorloop.io,mark.wilson@tensorloop.io,work,False,False,False,False,False,https://tensorloop.io,True,mark.wilson@tensorloop.io,True,False,,false,ambiguous,,false,false
L2002,2026-04-24,Carol,Young,carol.young@cascade-ai.com,Head of AI,Cascade AI,,,AI/ML software,BR,google,organic,,unknown,CAROL,Young,Cascade AI,Head of AI  ,BR,False,unknown,unknown,google,False,organic,False,,True,carol.young@cascade-ai.com,carol.young@cascade-ai.com,work,False,False,False,False,False,,False,,True,False,,false,ambiguous,,false,false
L1519,2026-05-03,Deborah,Wright,deborah_wright@brightqueue.io,Staff Engineer,BrightQueue,brightqueue.io,51-200,Software,CA,reddit,social,r-machinelearning,pending,Deborah,Wright,BrightQueue, Staff Engineer,CA,False,pending,unknown,reddit,False,social,False,r-machinelearning,False,deborah_wright@brightqueue.io,deborah_wright@brightqueue.io,work,False,False,False,False,False,https://brightqueue.io,True,,True,False,,false,ambiguous,,false,false
L2488,2026-05-26,Sharon,Muller,sharonm@pipelinelabs.io,Account Executive,Pipeline Labs,,,Software,GB,,,,opted_in,Sharon, Muller,Pipeline Labs,Account Executive,UK,False,opted_in,true,(direct),True,(none),True,,True,sharonm@pipelinelabs.io,sharonm@pipelinelabs.io,work,False,False,False,False,False,,False,,True,False,,false,verified_in,,false,false
L1019,2026-05-13,Matthew,Schmidt,mschmidt@voiceforge.ai,,VoiceForge,,51-200,,US,twitter,social,launch-week,pending,Matthew,Schmidt,VoiceForge,,usa,False,pending,unknown,twitter,False,social,False,launch-week,False,mschmidt@voiceforge.ai,mschmidt@voiceforge.ai,work,False,False,False,False,False,,False,,True,False,,false,ambiguous,,false,false
L2421,2026-04-22,Mei,Fischer,mei_fischer@yahoo.com,Recruiter,RoboticsOne,roboticsone.ai,,AI/ML software,GB,reddit,social,r-machinelearning,pending,mei,Fischer,RoboticsOne,Recruiter,United Kingdom,False,pending,unknown,reddit,False,social,False,r-machinelearning,False,mei_fischer@yahoo.com,mei_fischer@yahoo.com,freemail,False,False,False,False,False,www.roboticsone.ai,True,,True,False,,false,verified_in,,false,false
L1987,2026-05-19,Debra,Baker,debra_baker@stacklinesoftware.com,Chief Technology Officer,Stackline Software,stacklinesoftware.com,,Software,FR,google,cpc,gpu-cloud-nonbrand,,Debra,Baker,Stackline Software,Chief Technology Officer,France,False,,unknown,google,False,cpc,False,gpu-cloud-nonbrand,False,debra_baker@stacklinesoftware.com,debra_baker@stacklinesoftware.com,work,False,False,False,False,False,https://stacklinesoftware.com,True,,True,False,,true,ambiguous,EU / Consent Verification Needed,false,false
L1434,2026-06-27,Amy,Lopez,AMY.LOPEZ@BRIGHTQUEUE.IO,"Director, Machine Learning",BRIGHTQUEUE,brightqueue.io,51-200,Software,IN,google,cpc,gpu-cloud-nonbrand,pending,Amy,Lopez,BRIGHTQUEUE,"Director, Machine Learning",India,False,pending,unknown,google,False,cpc,False,gpu-cloud-nonbrand,False,AMY.LOPEZ@BRIGHTQUEUE.IO,amy.lopez@brightqueue.io,work,False,False,False,False,False,www.brightqueue.io,True,amy.lopez@brightqueue.io,True,True,job_title,false,ambiguous,,false,false
L2391,2026-04-20,Yuki,Allen,yallen@opsfleet.com,Platform Engineer,Opsfleet,opsfleet.com,,,GB,,,,,Yuki,Allen,Opsfleet,Platform Engineer,uk,False,,unknown,(direct),True,(none),True,,True,yallen@opsfleet.com,yallen@opsfleet.com,work,False,False,False,False,False,www.opsfleet.com,True,,True,False,,false,ambiguous,,false,false
L1623,2026-06-29,Brian,Rivera,brian.rivera@formcraft.com,Executive Assistant,Formcraft,formcraft.com,1000+,Software,CA,reddit,social,r-machinelearning,unknown, Brian,Rivera,Formcraft,Executive Assistant,CA,False,unknown,unknown,reddit,False,social,False,r-machinelearning,False,brian.rivera@formcraft.com,brian.rivera@formcraft.com,work,False,False,False,False,False,https://formcraft.com,True,,True,False,,false,ambiguous,,false,false
L1032,2026-04-06,Nancy,Hernandez,nancy.hernandez@loopware.io,Research Engineer,Loopware,loopware.io,1000+,Software,JP,google,cpc,brand-search-q3,,Nancy,Hernandez, Loopware,Research Engineer,japan,False,,unknown,google,False,cpc,False,brand-search-q3,False,nancy.hernandez@loopware.io,nancy.hernandez@loopware.io,work,False,False,False,False,False,https://loopware.io,True,,True,False,,false,ambiguous,,false,false
L1945,2026-04-19,Katherine,Clark,katherine_clark@ledgerworks.com,Head of Engineering,,,,,JP,reddit,social,r-machinelearning,NULL,KATHERINE,Clark,,Head of Engineering,JP,False,NULL,unknown,reddit,False,social,False,r-machinelearning,False,katherine_clark@ledgerworks.com,katherine_clark@ledgerworks.com,work,False,False,False,False,False,,False,,True,False,,false,verified_in,,false,false
L2069,2026-05-17,Wei,Johnson,wjohnson@copilothealth.ai,Head of AI,Copilot Health AI,copilothealth.ai,1-10,,SG,,,,unknown,Wei,Johnson,Copilot Health AI,Head of AI,singapore,False,unknown,unknown,undefined,True,undefined,True,,True,wjohnson@copilothealth.ai,wjohnson@copilothealth.ai,work,False,False,False,False,False,www.copilothealth.ai,True,,True,False,,false,ambiguous,,false,false
L2716,2026-04-24,Nancy,Flores,nancy_flores@tokenworks.io,Co-founder,TokenWorks,tokenworks.io,1000+,AI/ML software,AU,,,,pending,nancy,Flores,TokenWorks,Co-founder,Australia,False,pending,unknown,null,True,null,True,null,True,nancy_flores@tokenworks.io,nancy_flores@tokenworks.io,work,False,False,False,False,False,https://tokenworks.io,True,,True,False,,false,ambiguous,,false,false
L2465,2026-06-29,Fatima,Ali,ali.fatima@hotmail.com,Customer Success Manager,RIDGEWAY CONSTRUCTION,,11-50,Construction,SG,linkedin,paid_social,serverless-launch,,Fatima,ALI,RIDGEWAY CONSTRUCTION,Customer Success Manager,SG,False,,unknown,linkedin,False,paid_social,False,serverless-launch,False,ali.fatima@hotmail.com,ali.fatima@hotmail.com,freemail,False,False,False,False,False,,False,,True,False,,false,verified_in,,false,false
L2286,2026-04-01,Cynthia,Lopez,clopez@relaymesh.io,Principal,Relaymesh,relaymesh.io,,Software,FR,google,cpc,brand-search-q3,unsubscribed,Cynthia,Lopez,Relaymesh,Principal,FRA,False,unsubscribed,false,google,False,cpc,False,brand-search-q3,False,clopez@relaymesh.io,clopez@relaymesh.io,work,False,False,False,False,False,www.relaymesh.io,True,,True,False,,true,verified_out,,false,false
L1062,2026-04-23,Dorothy,Park,dorothy.park@agentstack.dev,Head of ML,AgentStack,agentstack.dev,1000+,,ES,newsletter,email,weekly-digest,pending,dorothy,Park,AgentStack, Head of ML,spain,False,pending,unknown,newsletter,False,email,False,weekly-digest,False,dorothy.park@agentstack.dev,dorothy.park@agentstack.dev,work,False,False,False,False,False,www.agentstack.dev,True,,True,False,,true,ambiguous,EU / Consent Verification Needed,false,false
L1948,2026-05-16,Sofia,Allen,allen.sofia@ledgerworks.com,Head of Engineering,,,,,SG,google,cpc,brand-search-q3,,SOFIA,Allen,,Head of Engineering,Singapore,False,,unknown,google,False,cpc,False,brand-search-q3,False,allen.sofia@ledgerworks.com,allen.sofia@ledgerworks.com,work,False,False,False,False,False,,False,,True,False,,false,ambiguous,,false,false
L2641,2026-04-08,Lars,Williams,lars_williams@securexsystems.com,Recruiter,Securex Systems,securexsystems.com,1-10,Software,GB,docs,referral,quickstart,,Lars  ,Williams,Securex Systems,Recruiter,United Kingdom,False,,unknown,docs,False,referral,False,quickstart,False,lars_williams@securexsystems.com,lars_williams@securexsystems.com,work,False,False,False,False,False,https://securexsystems.com,True,,True,False,,false,ambiguous,,false,false
L2153,2026-06-17,Amara,Lopez,lopez.amara@proton.me,HR Manager,GreenLeaf Landscaping,greenleaflandscaping.com,,Services,JP,docs,referral,quickstart,opted_in,AMARA,Lopez,GreenLeaf Landscaping,HR Manager,Japan,False,opted_in,true,docs,False,referral,False,quickstart,False,lopez.amara@proton.me,lopez.amara@proton.me,freemail,False,False,False,False,False,www.greenleaflandscaping.com,True,,True,False,,false,verified_in,,false,false
L1675,2026-05-31,Kevin,Harris,KHARRIS@APPTIDE.COM,Project Manager,Apptide,,501-1000,Software,CA,email_blast,email,july-promo,unknown,Kevin,Harris,Apptide,Project Manager  ,Canada,False,unknown,unknown,email%20blast,False,e-mail,False,JULY%20PROMO,False,KHARRIS@APPTIDE.COM,kharris@apptide.com,work,False,False,False,False,False,,False,,True,False,,false,ambiguous,,false,false
L2288,2026-05-18,Jennifer,Singh,jennifers@tensorloop.io,ml engineer,TensorLoop,tensorloop.io,51-200,,IN,google,organic,,,Jennifer,singh,TensorLoop,ml engineer,india,False,,unknown,google,False,organic,False,,True,jennifers@tensorloop.io,jennifers@tensorloop.io,work,False,False,False,False,False,https://tensorloop.io,True,,True,False,,false,ambiguous,,false,false
L2622,2026-04-06,Christine,Muller,muller.christine@ledgerworks.com,Staff Engineer,LedgerWorks,,51-200,Software,GB,blog,referral,pricing-post,,Christine,MULLER,LedgerWorks,Staff Engineer,GB,False,,unknown,blog,False,referral,False,pricing-post,False,muller.christine@ledgerworks.com,muller.christine@ledgerworks.com,work,False,False,False,False,False,,False,,True,False,,false,ambiguous,,false,false
L1308,2026-06-27,Timothy,Rivera,trivera@hotmail.com,,State University,stateuniv.edu,1000+,Education,IT,youtube,video,tutorial-series,unknown,timothy,Rivera,State University,,italy,False,unknown,unknown,youtube,False,video,False,tutorial-series,False,trivera@hotmail.com,trivera@hotmail.com,freemail,False,False,False,False,False,www.stateuniv.edu,True,trivera@hotmail.com,True,False,,true,ambiguous,EU / Consent Verification Needed,false,false
L1572,2026-04-07,Yuki,Andersson,yandersson@proton.me,Enthusiast,Northern University,northernuni.edu,1000+,Education,IT,,,,granted,Yuki,Andersson,Northern University,Enthusiast,italy,False,granted,true,{{utm_source}},True,{{utm_medium}},True,{{utm_campaign}},True,yandersson@proton.me,yandersson@proton.me,freemail,False,False,False,False,False,www.northernuni.edu,True,,True,False,,true,verified_in,,false,false
L2584,2026-04-25,Kwame,Sanchez,kwame.sanchez@hotmail.com,Owner,Maple Grove Bakery,maplegrovebakery.com,1-10,,GB,facebook,paid,fb_q3,Yes,Kwame  ,Sanchez,Maple Grove Bakery,Owner,uk,False,Yes,true,FB,False,paid,False,fb_q3,False,kwame.sanchez@hotmail.com,kwame.sanchez@hotmail.com,freemail,False,False,False,False,False,https://maplegrovebakery.com,True,,True,False,,false,verified_in,,false,false
L1518,2026-06-15,Cynthia,Lee,cynthial@tensorloop.io,ml engineer,,,,,BR,,,,Yes,Cynthia,Lee,,ml engineer,BR,False,Yes,true,(direct),True,(none),True,,True,cynthial@tensorloop.io,cynthial@tensorloop.io,work,False,False,False,False,False,,False,,True,False,,false,verified_in,,false,false
L2693,2026-04-20,Donald,Harris,dharris@paytrellis.com,Executive Assistant,PayTrellis,paytrellis.com,,Software,CA,google,organic,,yes,Donald,Harris,PayTrellis,Executive Assistant,CA,False,yes,true,google,False,organic,False,,True,dharris@paytrellis.com,dharris@paytrellis.com,work,False,False,False,False,False,www.paytrellis.com,True,,True,False,,false,verified_in,,false,false
L1020,2026-04-24,Daniel,Wagner,dwagner@metricshub.com,NLP Engineer,MetricsHub,metricshub.com,1000+,Software,PL,google,cpc,brand-search,unsubscribed,Daniel, Wagner,MetricsHub,NLP Engineer,Poland,False,unsubscribed,false,google ,False, cpc,False,brand search,False,dwagner@metricshub.com,dwagner@metricshub.com,work,False,False,False,False,False,www.metricshub.com,True,,True,False,,true,verified_out,,false,false
L1173,2026-06-06,Diego,Becker,becker.diego@apptide.com,Accountant,Apptide,apptide.com,501-1000,Software,PL,google,cpc,brand-search,1,Diego,Becker,Apptide,Accountant,PL,False,1,true,google ,False, cpc,False,brand search,False,becker.diego@apptide.com,becker.diego@apptide.com,work,False,False,False,False,False,www.apptide.com,True,,True,False,,true,verified_in,,false,false
L1208,2026-05-06,Brenda,Garcia,bgarcia@quantumnails.com,Principal,Quantum Nails Salon,quantumnails.com,,Beauty,,facebook,social,q3,,Brenda,Garcia,Quantum Nails Salon,Principal,,False,,unknown,fb_paid,False,social,False,q3,False,bgarcia@quantumnails.com,bgarcia@quantumnails.com,work,False,False,False,False,False,https://quantumnails.com,True,,True,False,,false,ambiguous,,false,false
L1713,2026-04-20,Elizabeth,Davis,edavis@streamlyne.io,Project Manager,,,,,BR,,,,unknown,Elizabeth,Davis,,Project Manager,BR,False,unknown,unknown,(direct),True,(none),True,,True,edavis@streamlyne.io,edavis@streamlyne.io,work,False,False,False,False,False,,False,,True,False,,false,ambiguous,,false,false
L2681,2026-05-16,Mei,Smith,meis@tokenworks.io,Head of ML,TokenWorks,,1000+,AI/ML software,CA,google,cpc,gpu-cloud-nonbrand,,Mei,Smith  ,TokenWorks,Head of ML,canada,False,,unknown,google,False,cpc,False,gpu-cloud-nonbrand,False,meis@tokenworks.io,meis@tokenworks.io,work,False,False,False,False,False,,False,,True,False,,false,ambiguous,,false,false
L2174,2026-05-06,Lisa,Ali,ali.lisa@inferralabs.com,software engineer,Inferra Labs,,,AI/ML software,AU,,,,, LISA,Ali,Inferra Labs,software engineer,Australia,False,,unknown,(direct),True,(none),True,,True,ali.lisa@inferralabs.com,ali.lisa@inferralabs.com,work,False,False,False,False,False,,False,,True,False,,false,ambiguous,,false,false
L1355,2026-06-17,Karen,Carter,carter.karen@gradientpeak.ai,Deep Learning Engineer,Gradient Peak,gradientpeak.ai,201-500,AI/ML software,FR,blog,referral,pricing-post,opted_out,Karen,Carter,Gradient Peak,Deep Learning Engineer,France,False,opted_out,false,blog,False,referral,False,pricing-post,False,carter.karen@gradientpeak.ai,carter.karen@gradientpeak.ai,work,False,False,False,False,False,https://gradientpeak.ai,True,,True,False,,true,verified_out,,false,false
L2658,2026-06-04,Michael,Johansson,michael.johansson@icloud.com,Operations Manager,GreenLeaf Landscaping,greenleaflandscaping.com,51-200,,US,facebook,paid_social,fb_q3,,MICHAEL, Johansson,GreenLeaf Landscaping,Operations Manager,U.S.,False,,unknown,facebook,False,Paid-Social,False,FB_Q3,False,michael.johansson@icloud.com,michael.johansson@icloud.com,freemail,False,False,False,False,False,https://greenleaflandscaping.com,True,,True,False,,false,ambiguous,,false,false
L2253,2026-05-07,Christine,Rossi,christiner@formcraft.com,Business Analyst,Formcraft,formcraft.com,1000+,Software,JP,github,referral,docs-cta,Yes,Christine,Rossi,Formcraft  ,Business Analyst,Japan,False,Yes,true,github,False,referral,False,docs-cta,False,christiner@formcraft.com,christiner@formcraft.com,work,False,False,False,False,False,https://formcraft.com,True,,True,False,,false,verified_in,,false,true
L1375,2026-05-30,Margaret,Perez,margaretp@mistletoeml.com,Content Writer,Mistletoe ML,mistletoeml.com,1000+,,,reddit,social,r-machinelearning,pending,Margaret,Perez,Mistletoe ML,Content Writer,,False,pending,unknown,reddit,False,social,False,r-machinelearning,False,margaretp@mistletoeml.com,margaretp@mistletoeml.com,work,False,False,False,False,False,www.mistletoeml.com,True,,True,False,,false,verified_in,,false,false
L2352,2026-04-10,Brenda,Larsen,brenda.larsen@apptide.com,Computer Vision Engineer,Apptide,apptide.com,501-1000,Software,SG,google,organic,,,Brenda, Larsen,Apptide,Computer Vision Engineer,Singapore,False,,unknown,google,False,organic,False,,True,brenda.larsen@apptide.com,brenda.larsen@apptide.com,work,False,False,False,False,False,https://apptide.com,True,,True,False,,false,verified_in,,false,true
L1496,2026-05-06,Janet,Sato,janet_sato@neuralmarketing.co,Sales Development Rep,Neural Marketing Co,,1-10,Marketing agency,CA,docs,referral,quickstart,, Janet,Sato,Neural Marketing Co,Sales Development Rep,Canada,False,,unknown,docs,False,referral,False,quickstart,False,janet_sato@neuralmarketing.co,janet_sato@neuralmarketing.co,work,False,False,False,False,False,,False,,True,False,,false,verified_out,,false,false
L1847,2026-05-05,Raymond,Roberts,rroberts@loopware.io,SWE,Loopware,,1000+,Software,FR,docs,referral,quickstart,opted_out,Raymond,Roberts,Loopware,SWE,france,False,opted_out,false,docs,False,referral,False,quickstart,False,rroberts@loopware.io,rroberts@loopware.io,work,False,False,False,False,False,,False,,True,False,,true,verified_out,,false,false
L2602,2026-06-12,Raymond,Young,young.raymond@databarn.io,Staff Engineer,DataBarn,databarn.io,11-50,Software,JP,newsletter,email,weekly-digest,pending,raymond,Young,DataBarn,Staff Engineer,Japan,False,pending,unknown,newsletter,False,email,False,weekly-digest,False,young.raymond@databarn.io,young.raymond@databarn.io,work,False,False,False,False,False,https://databarn.io,True,,True,False,,false,verified_out,,false,false
L1941,2026-06-04,Yuki,Ramirez,yuki_ramirez@synapsefoundry.com,Co-Founder & CTO,,,,,SG,google,organic,,, Yuki,ramirez,,Co-Founder & CTO,SG,False,,unknown,google,False,organic,False,,True,yuki_ramirez@synapsefoundry.com,yuki_ramirez@synapsefoundry.com,work,False,False,False,False,False,,False,,True,False,,false,ambiguous,,false,false
L2315,2026-06-20,Debra,Roberts,debra_roberts@brightqueue.io,Social Media Manager,BrightQueue,brightqueue.io,51-200,Software,DE,facebook,paid_social,fb_q3,unknown,Debra,Roberts,BrightQueue  ,Social Media Manager,DE,False,unknown,unknown,facebook,False,Paid-Social,False,FB_Q3,False,debra_roberts@brightqueue.io,debra_roberts@brightqueue.io,work,False,False,False,False,False,www.brightqueue.io,True,,True,False,,true,ambiguous,EU / Consent Verification Needed,false,false
L1753,2026-06-19,Astrid,Williams,awilliams@bellavistarealty.com,Chief Technology Officer,Bella Vista Realty,bellavistarealty.com,201-500,,GB,,,,pending,ASTRID, Williams,Bella Vista Realty,Chief Technology Officer,GB,False,pending,unknown,null,True,null,True,null,True,awilliams@bellavistarealty.com,awilliams@bellavistarealty.com,work,False,False,False,False,False,https://bellavistarealty.com,True,,True,False,,false,ambiguous,,false,false
L2525,2026-06-18,Michael,Flores,michael.flores@tokenworks.io,Head of ML,TokenWorks,tokenworks.io,,AI/ML software,BR,google,cpc,gpu-cloud-nonbrand,,Michael, Flores,TokenWorks,Head of ML,Brazil,False,,unknown,google,False,cpc,False,gpu-cloud-nonbrand,False,michael.flores@tokenworks.io,michael.flores@tokenworks.io,work,False,False,False,False,False,www.tokenworks.io,True,,True,False,,false,verified_in,,false,false
L1940,2026-05-29,Margaret,Scott,margaret_scott@embediq.ai,sre,EMBEDIQ,embediq.ai,1000+,,,youtube,video,tutorial-series,unknown,Margaret,SCOTT,EMBEDIQ,sre,,False,unknown,unknown,youtube,False,video,False,tutorial-series,False,margaret_scott@embediq.ai,margaret_scott@embediq.ai,work,False,False,False,False,False,https://embediq.ai,True,,True,False,,false,verified_in,,true,false
L2404,2026-06-27,Christine,Torres,TORRES.CHRISTINE@APPTIDE.COM,Head of Data Science,Apptide,,501-1000,Software,IN,producthunt,referral,launch,true,Christine,Torres,Apptide,Head of Data Science,India,False,true,true,producthunt,False,referral,False,launch,False,TORRES.CHRISTINE@APPTIDE.COM,torres.christine@apptide.com,work,False,False,False,False,False,,False,,True,False,,false,verified_in,,false,false
L2008,2026-04-16,James,Wright,jwright@signalfold.com,founder/ceo,Signalfold,signalfold.com,1000+,AI/ML software,SG,google,cpc,gpu-cloud-nonbrand,pending,JAMES,Wright,Signalfold,founder/ceo,singapore,False,pending,unknown,google,False,cpc,False,gpu-cloud-nonbrand,False,jwright@signalfold.com,jwright@signalfold.com,work,False,False,False,False,False,www.signalfold.com,True,,True,False,,false,ambiguous,,false,false
L1529,2026-05-16,Samantha,Park,park.samantha@promptline.ai,VP of Engineering,promptline,,,AI/ML software,,google,cpc,brand-search-q3,,Samantha,Park,promptline,VP of Engineering,,False,,unknown,google,False,cpc,False,brand-search-q3,False,park.samantha@promptline.ai,park.samantha@promptline.ai,work,False,False,False,False,False,,False,,True,False,,false,ambiguous,,false,false
L1621,2026-05-17,Lars,Martinez,martinez.lars@summitdentalgroup.com,Content Writer,Summit Dental Group,summitdentalgroup.com,11-50,,CA,docs,referral,quickstart,Yes,Lars,Martinez,Summit Dental Group,Content Writer,Canada,False,Yes,true,docs,False,referral,False,quickstart,False,martinez.lars@summitdentalgroup.com,martinez.lars@summitdentalgroup.com,work,False,False,False,False,False,www.summitdentalgroup.com,True,martinez.lars@summitdentalgroup.com,True,False,,false,verified_in,,false,false
L1711,2026-04-13,David,Kowalski,kowalski.david@ridgewayconstruction.com,Head of Machine Learning,Ridgeway Construction,ridgewayconstruction.com,11-50,Construction,SG,newsletter,email,weekly-digest,granted, David,KOWALSKI,Ridgeway Construction,Head of Machine Learning,singapore,False,granted,true,newsletter,False,email,False,weekly-digest,False,kowalski.david@ridgewayconstruction.com,kowalski.david@ridgewayconstruction.com,work,False,False,False,False,False,https://ridgewayconstruction.com,True,,True,False,,false,verified_in,,false,false
L1046,2026-05-12,Donna,Nguyen,donna_nguyen@signalfold.com,"Director, Machine Learning",Signalfold,signalfold.com,,,GB,twitter,social,launch-week,,Donna,Nguyen,Signalfold,"Director, Machine Learning",GB,False,,unknown,twitter,False,social,False,launch-week,False,donna_nguyen@signalfold.com,donna_nguyen@signalfold.com,work,False,False,False,False,False,www.signalfold.com,True,,True,False,,false,verified_in,,false,false
L1776,2026-06-28,Amanda,Johansson,amandaj@cascade-ai.com,Head of Machine Learning,Cascade AI,cascade-ai.com,,AI/ML software,SE,reddit,social,r-machinelearning,1,Amanda,Johansson,Cascade AI,Head of Machine Learning,sweden,False,1,true,reddit,False,social,False,r-machinelearning,False,amandaj@cascade-ai.com,amandaj@cascade-ai.com,work,False,False,False,False,False,www.cascade-ai.com,True,,True,False,,true,verified_in,,false,false
L2058,2026-06-08,Kevin,Kowalski,kevin_kowalski@gmail.com,Recruiter,,,,,CA,youtube,video,tutorial-series,TRUE,Kevin,Kowalski,,Recruiter,Canada,False,TRUE,true,youtube,False,video,False,tutorial-series,False,kevin_kowalski@gmail.com,kevin_kowalski@gmail.com,freemail,False,False,False,False,False,,False,,True,False,,false,verified_in,,false,false
L1920,2026-04-07,Dennis,Carter,dennis_carter@streamlyne.io,Marketing Manager,Streamlyne,streamlyne.io,,Software,BR,,,,TRUE,Dennis,Carter,Streamlyne,Marketing Manager,brazil,False,TRUE,true,{{utm_source}},True,{{utm_medium}},True,{{utm_campaign}},True,dennis_carter@streamlyne.io,dennis_carter@streamlyne.io,work,False,False,False,False,False,www.streamlyne.io,True,,True,False,,false,verified_in,,false,false
L2760,2026-04-04,Chris,Flores,chris.flores@ledgerworks.com,Project Manager,ledgerworks,ledgerworks.com,51-200,Software,,docs,referral,quickstart,opted_out,Chris, FLORES,ledgerworks,Project Manager,,False,opted_out,false,docs,False,referral,False,quickstart,False,chris.flores@ledgerworks.com,chris.flores@ledgerworks.com,work,False,False,False,False,False,https://ledgerworks.com,True,,True,False,,false,verified_out,,false,false
L1234,2026-06-29,Carol,Baker,cbaker@diffusia.io,Director of Infrastructure,DIFFUSIA,diffusia.io,1-10,AI/ML software,JP,google,cpc,brand-search-q3,,Carol,Baker,DIFFUSIA,Director of Infrastructure  ,JP,False,,unknown,google,False,cpc,False,brand-search-q3,False,cbaker@diffusia.io,cbaker@diffusia.io,work,False,False,False,False,False,www.diffusia.io,True,,True,False,,false,verified_in,,false,false
L1922,2026-04-04,Frank,Kowalski,frank_kowalski@quantavision.io,PhD Candidate,Quanta Vision,,1-10,AI/ML software,AU,facebook,paid_social,fb_q3,NULL,Frank,Kowalski,Quanta Vision,PhD Candidate,AU,False,NULL,unknown,facebook,False,Paid-Social,False,FB_Q3,False,frank_kowalski@quantavision.io,frank_kowalski@quantavision.io,work,False,False,False,False,False,,False,,True,False,,false,verified_in,,false,false
L2102,2026-04-12,Barbara,Hansen,barbarah@voiceforge.ai,,VOICEFORGE,voiceforge.ai,51-200,AI/ML software,CA,google,cpc,brand-search-q3,pending,barbara,Hansen,VOICEFORGE,,Canada,False,pending,unknown,google,False,cpc,False,brand-search-q3,False,barbarah@voiceforge.ai,barbarah@voiceforge.ai,work,False,False,False,False,False,www.voiceforge.ai,True,,True,False,,false,ambiguous,,false,false
L2061,2026-06-06,Joseph,Clark,jclark@proton.me,AI Engineer,diffusia,diffusia.io,1-10,AI/ML software,AU,google,organic,,,Joseph,CLARK,diffusia,AI Engineer,AU,False,,unknown,google,False,organic,False,,True,jclark@proton.me,jclark@proton.me,freemail,False,False,False,False,False,www.diffusia.io,True,,True,False,,false,ambiguous,,false,false
L1038,2026-06-28,Fatima,Rodriguez,frodriguez@maplegrovebakery.com,Project Manager,Maple Grove Bakery,maplegrovebakery.com,1-10,,SE,google,organic,,opted_in, Fatima,Rodriguez,Maple Grove Bakery,Project Manager,SE,False,opted_in,true,google,False,organic,False,,True,frodriguez@maplegrovebakery.com,frodriguez@maplegrovebakery.com,work,False,False,False,False,False,www.maplegrovebakery.com,True,,True,False,,true,verified_in,,false,false
L1204,2026-06-16,Gregory,White,gregory.white@apptide.com,Office Manager,Apptide,apptide.com,,Software,ES,,,,,Gregory,White,Apptide,Office Manager,spain,False,,unknown,test,True,test,True,test-campaign-DELETE,True,gregory.white@apptide.com,gregory.white@apptide.com,work,False,False,False,False,False,https://apptide.com,True,,True,False,,true,ambiguous,EU / Consent Verification Needed,false,false
L2346,2026-06-10,Brenda,Adams,badams@hotmail.com,Customer Success Manager,Apex Auto Parts,apexautoparts.com,201-500,Automotive,SG,,,,TRUE,Brenda, ADAMS,Apex Auto Parts,Customer Success Manager,singapore,False,TRUE,true,undefined,True,undefined,True,,True,badams@hotmail.com,badams@hotmail.com,freemail,False,False,False,False,False,https://apexautoparts.com,True,,True,False,,false,verified_in,,true,false
L1453,2026-05-13,Karen,Kim,karenk@synapsefoundry.com,software engineer,SYNAPSE FOUNDRY,synapsefoundry.com,11-50,AI/ML software,GB,youtube,video,tutorial-series,yes,Karen,kim,SYNAPSE FOUNDRY  ,software engineer,UK,False,yes,true,youtube,False,video,False,tutorial-series,False,karenk@synapsefoundry.com,karenk@synapsefoundry.com,work,False,False,False,False,False,https://synapsefoundry.com,True,,True,False,,false,verified_in,,true,false
L2334,2026-04-09,Christine,Sanchez,christines@stacklinesoftware.com,,Stackline Software,stacklinesoftware.com,11-50,Software,SG,github,referral,docs-cta,,Christine,sanchez,Stackline Software  ,,singapore,False,,unknown,github,False,referral,False,docs-cta,False,christines@stacklinesoftware.com,christines@stacklinesoftware.com,work,False,False,False,False,False,www.stacklinesoftware.com,True,,True,False,,false,ambiguous,,false,false
L2632,2026-04-16,Gary,Anderson,ganderson@tensorloop.io,Head of MLOps,TensorLoop,tensorloop.io,,AI/ML software,IE,producthunt,referral,launch,,GARY, Anderson,TensorLoop,Head of MLOps,IE,False,,unknown,producthunt,False,referral,False,launch,False,ganderson@tensorloop.io,ganderson@tensorloop.io,work,False,False,False,False,False,www.tensorloop.io,True,,True,False,,true,verified_in,,false,false
L1960,2026-06-07,Debra,Hernandez,debra_hernandez@quantumnails.com,,Quantum Nails Salon,quantumnails.com,51-200,Beauty,FR,google,cpc,gpu-cloud-nonbrand,true,Debra,Hernandez,Quantum Nails Salon,,FRA,False,true,true,google,False,cpc,False,gpu-cloud-nonbrand,False,debra_hernandez@quantumnails.com,debra_hernandez@quantumnails.com,work,False,False,False,False,False,https://quantumnails.com,True,,True,False,,true,verified_in,,false,false
L1001,2026-06-23,Fatima,Fischer,fatima_fischer@formcraft.com,software engineer,Formcraft,formcraft.com,1000+,,,newsletter,email,weekly-digest,NULL,Fatima,FISCHER,Formcraft,software engineer,,False,NULL,unknown,newsletter,False,email,False,weekly-digest,False,fatima_fischer@formcraft.com,fatima_fischer@formcraft.com,work,False,False,False,False,False,www.formcraft.com,True,,True,False,,false,ambiguous,,false,false
L1755,2026-04-21,Daniel,Singh,singh.daniel@neuralight.io,Data Scientist,Neuralight,neuralight.io,201-500,,DE,newsletter,email,weekly-digest,TRUE,Daniel  ,Singh,Neuralight,Data Scientist,germany,False,TRUE,true,newsletter,False,email,False,weekly-digest,False,singh.daniel@neuralight.io,singh.daniel@neuralight.io,work,False,False,False,False,False,https://neuralight.io,True,,True,False,,true,verified_in,,false,false
L1532,2026-04-01,Sofia,Williams,sofia.williams@outlook.com,Technologist,Gradient Peak,,201-500,AI/ML software,CA,google,organic,,,Sofia,Williams,Gradient Peak,Technologist,CA,False,,unknown,google,False,organic,False,,True,sofia.williams@outlook.com,sofia.williams@outlook.com,freemail,False,False,False,False,False,,False,,True,False,,false,verified_in,,false,false
L1359,2026-05-25,Emma,Mitchell,EMMA.MITCHELL@NORTHERNUNI.EDU,,Northern University,northernuni.edu,1000+,Education,CA,producthunt,referral,launch,pending,Emma,Mitchell,Northern University,,canada,False,pending,unknown,producthunt,False,referral,False,launch,False,EMMA.MITCHELL@NORTHERNUNI.EDU,emma.mitchell@northernuni.edu,work,False,False,True,False,False,https://northernuni.edu,True,,True,False,,false,ambiguous,,false,false
L1114,2026-05-29,Wei,Kim,wei.kim@modelry.ai,Owner,Modelry,modelry.ai,1-10,AI/ML software,AU,google,organic,,, Wei,Kim,Modelry,Owner,Australia,False,,unknown,google,False,organic,False,,True,wei.kim@modelry.ai,wei.kim@modelry.ai,work,False,False,False,False,False,https://modelry.ai,True,,True,False,,false,ambiguous,,false,false
L1548,2026-04-04,Sharon,Sharma,sharon_sharma@pipelinelabs.io,Product Marketing Manager,Pipeline Labs,pipelinelabs.io,1000+,Software,DE,google,cpc,gpu-cloud-nonbrand,Yes,SHARON  ,Sharma,Pipeline Labs,Product Marketing Manager,DE,False,Yes,true,google,False,cpc,False,gpu-cloud-nonbrand,False,sharon_sharma@pipelinelabs.io,sharon_sharma@pipelinelabs.io,work,False,False,False,False,False,https://pipelinelabs.io,True,,True,False,,true,verified_in,,false,false
L2581,2026-05-14,Betty,Ali,bettya@gmail.com,Backend Engineer,,,,,SG,reddit,social,r-machinelearning,,Betty,Ali  ,,Backend Engineer,SG,False,,unknown,reddit,False,social,False,r-machinelearning,False,bettya@gmail.com,bettya@gmail.com,freemail,False,False,False,False,False,,False,,True,False,,false,ambiguous,,false,false
L2146,2026-06-29,Dorothy,Park,dpark@gridbase.dev,Fractional CTO,gridbase,gridbase.dev,11-50,Software,CA,twitter,social,launch-week,,Dorothy, park,gridbase,Fractional CTO,CA,False,,unknown,twitter,False,social,False,launch-week,False,dpark@gridbase.dev,dpark@gridbase.dev,work,False,False,False,False,False,https://gridbase.dev,True,,True,False,,false,ambiguous,,false,false
L2377,2026-06-14,Mei,Baker,mei.baker@signalfold.com,,Signalfold,signalfold.com,1000+,AI/ML software,IN,docs,referral,quickstart,,mei  , Baker,Signalfold,,india,False,,unknown,docs,False,referral,False,quickstart,False,mei.baker@signalfold.com,mei.baker@signalfold.com,work,False,False,False,False,False,https://signalfold.com,True,,True,False,,false,ambiguous,,false,false
L1310,2026-04-08,Kevin,Baker,KBAKER@NORTHERNUNI.EDU,Graduate Student,Northern University,northernuni.edu,1000+,,SG,linkedin,paid_social,serverless-launch,,Kevin,Baker,Northern University,Graduate Student,SG,False,,unknown,linkedin,False,paid_social,False,serverless-launch,False,KBAKER@NORTHERNUNI.EDU,kbaker@northernuni.edu,work,False,False,True,False,False,www.northernuni.edu,True,,True,False,,false,ambiguous,,false,false
L2051,2026-06-11,Daniel,Clark,dclark@greenleaflandscaping.com,CTO,GreenLeaf Landscaping,greenleaflandscaping.com,51-200,,US,facebook,social,q3,pending,daniel,Clark,GreenLeaf Landscaping,CTO,United States,False,pending,unknown,fb_paid,False,social,False,q3,False,dclark@greenleaflandscaping.com,dclark@greenleaflandscaping.com,work,False,False,False,False,False,https://greenleaflandscaping.com,True,,True,False,,false,verified_in,,false,false
L2037,2026-06-23,David,Becker,david_becker@summitdentalgroup.com,Customer Success Manager,SUMMIT DENTAL GROUP,,11-50,Healthcare,GB,google,cpc,brand-search-q3,NULL,David,Becker,SUMMIT DENTAL GROUP,Customer Success Manager,UK,False,NULL,unknown,google,False,cpc,False,brand-search-q3,False,david_becker@summitdentalgroup.com,david_becker@summitdentalgroup.com,work,False,False,False,False,False,,False,,True,False,,false,ambiguous,,false,false
L2311,2026-05-24,Susan,Kumar,skumar@neuralight.io,Financial Analyst,Neuralight,neuralight.io,201-500,AI/ML software,US,facebook,paid_social,fb_q3,pending,Susan,Kumar, Neuralight,Financial Analyst,US,False,pending,unknown,facebook,False,Paid-Social,False,FB_Q3,False,skumar@neuralight.io,skumar@neuralight.io,work,False,False,False,False,False,https://neuralight.io,True,skumar@neuralight.io,True,False,,false,ambiguous,,false,false
L2090,2026-05-16,Astrid,White,ASTRIDW@DEEPHARBOR.AI,Staff Engineer,DeepHarbor,deepharbor.ai,201-500,,US,twitter,social,launch-week,unknown,Astrid,White,DeepHarbor,Staff Engineer,usa,False,unknown,unknown,twitter,False,social,False,launch-week,False,ASTRIDW@DEEPHARBOR.AI,astridw@deepharbor.ai,work,False,False,False,False,False,https://deepharbor.ai,True,,True,False,,false,ambiguous,,false,false
L1737,2026-04-20,Priya,Smith,priya.smith@ridgewayconstruction.com,,Ridgeway Construction,ridgewayconstruction.com,11-50,Construction,US,google,cpc,gpu-cloud-nonbrand,,priya,Smith,Ridgeway Construction,,united states,False,,unknown,google,False,cpc,False,gpu-cloud-nonbrand,False,priya.smith@ridgewayconstruction.com,priya.smith@ridgewayconstruction.com,work,False,False,False,False,False,www.ridgewayconstruction.com,True,,True,False,,false,verified_in,,false,false
L2118,2026-05-22,Nicholas,Lopez,nicholas_lopez@ragpipe.dev,Co-founder,RagPipe,ragpipe.dev,501-1000,AI/ML software,US,google,cpc,gpu-cloud-nonbrand,opted_in,Nicholas,Lopez,RagPipe,Co-founder,US,False,opted_in,true,google,False,cpc,False,gpu-cloud-nonbrand,False,nicholas_lopez@ragpipe.dev,nicholas_lopez@ragpipe.dev,work,False,False,False,False,False,www.ragpipe.dev,True,,True,False,,false,verified_in,,true,false
L1269,2026-05-01,Richard,Roberts,richardr@gmail.com,Applied Scientist,EMBEDIQ,embediq.ai,1000+,AI/ML software,NL,reddit,social,r-machinelearning,,Richard,Roberts,EMBEDIQ,Applied Scientist,NL,False,,unknown,reddit,False,social,False,r-machinelearning,False,richardr@gmail.com,richardr@gmail.com,freemail,False,False,False,False,False,https://embediq.ai,True,richardr@gmail.com,True,False,,true,ambiguous,EU / Consent Verification Needed,false,false
L1068,2026-05-04,Samantha,Nguyen,samanthan@harborviewlogistics.com,Project Manager,harborview logistics,harborviewlogistics.com,201-500,Logistics,BR,facebook,social,q3,NULL,Samantha,Nguyen,harborview logistics,Project Manager,Brazil,False,NULL,unknown,fb_paid,False,social,False,q3,False,samanthan@harborviewlogistics.com,samanthan@harborviewlogistics.com,work,False,False,False,False,False,https://harborviewlogistics.com,True,,True,False,,false,ambiguous,,false,false
L1083,2026-05-24,Sarah,Perez,SPEREZ@OUTLOOK.COM,Backend Engineer,corticon ai,corticon.ai,501-1000,AI/ML software,BR,facebook,paid_social,fb_q3,NULL,Sarah,perez,corticon ai,Backend Engineer,brazil,False,NULL,unknown,facebook,False,Paid-Social,False,FB_Q3,False,SPEREZ@OUTLOOK.COM,sperez@outlook.com,freemail,False,False,False,False,False,www.corticon.ai,True,,True,False,,false,ambiguous,,false,false
L1605,2026-06-29,Jennifer,Allen,allen.jennifer@opsfleet.com,Financial Analyst,Opsfleet,opsfleet.com,,,ES,twitter,social,launch-week,TRUE,Jennifer,Allen,Opsfleet,Financial Analyst,spain,False,TRUE,true,twitter,False,social,False,launch-week,False,allen.jennifer@opsfleet.com,allen.jennifer@opsfleet.com,work,False,False,False,False,False,https://opsfleet.com,True,,True,False,,true,verified_in,,false,false
L1214,2026-06-15,Edward,Gonzalez,edward_gonzalez@icloud.com,Content Writer,Cascade AI,,51-200,AI/ML software,GB,,,,,Edward,Gonzalez,Cascade AI,Content Writer,UK,False,,unknown,undefined,True,undefined,True,,True,edward_gonzalez@icloud.com,edward_gonzalez@icloud.com,freemail,False,False,False,False,False,,False,,True,False,,false,verified_in,,false,false
L1550,2026-05-11,Gary,Roberts,roberts.gary@proton.me,Student,RoboticsOne,roboticsone.ai,501-1000,AI/ML software,GB,newsletter,email,weekly-digest,granted,Gary,Roberts,RoboticsOne,Student,United Kingdom,False,granted,true,newsletter,False,email,False,weekly-digest,False,roberts.gary@proton.me,roberts.gary@proton.me,freemail,False,False,False,False,False,www.roboticsone.ai,True,,True,False,,false,verified_in,,false,true
L1656,2026-06-01,Betty,Kim,betty_kim@greenleaflandscaping.com,Accountant,GreenLeaf Landscaping,greenleaflandscaping.com,51-200,Services,AU,youtube,video,tutorial-series,NULL,Betty,Kim,GreenLeaf Landscaping,Accountant,Australia,False,NULL,unknown,youtube,False,video,False,tutorial-series,False,betty_kim@greenleaflandscaping.com,betty_kim@greenleaflandscaping.com,work,False,False,False,False,False,www.greenleaflandscaping.com,True,,True,False,,false,ambiguous,,false,false
L2149,2026-05-11,Katherine,Garcia,katherine.garcia@northernuni.edu,MS Student,NORTHERN UNIVERSITY,northernuni.edu,1000+,Education,SE,github,referral,docs-cta,,Katherine,Garcia,NORTHERN UNIVERSITY,MS Student,SE,False,,unknown,github,False,referral,False,docs-cta,False,katherine.garcia@northernuni.edu,katherine.garcia@northernuni.edu,work,False,False,True,False,False,https://northernuni.edu,True,,True,False,,true,ambiguous,EU / Consent Verification Needed,false,false
L2836,2026-05-23,Sharon,Flores,sharonf@promptline.ai,VP of Engineering,Promptline,promptline.ai,11-50,,DE,google,organic,,,Sharon,Flores,Promptline,VP of Engineering,Deutschland,False,,unknown,google,False,organic,False,,True,sharonf@promptline.ai,sharonf@promptline.ai,work,False,False,False,False,False,www.promptline.ai,True,sharonf@promptline.ai,True,False,,true,ambiguous,EU / Consent Verification Needed,false,false
L2892,2026-05-12,John,Kumar,jkumar@summitdentalgroup.com,Technical Consultant,the Summit Dental Group,summitdentalgroup.com,11-50,Healthcare,IN,google,cpc,gpu-cloud-nonbrand,Yes,John,Kumar,the Summit Dental Group,Technical Consultant,india,False,Yes,true,google,False,cpc,False,gpu-cloud-nonbrand,False,jkumar@summitdentalgroup.com,jkumar@summitdentalgroup.com,work,False,False,False,False,False,www.summitdentalgroup.com,True,jkumar@summitdentalgroup.com,True,True,company,false,verified_in,,false,false
L1992,2026-06-01,Nicole,Robinson,robinson.nicole@diffusia.io,Backend Engineer,DIFFUSIA,,1-10,,BR,google,cpc,brand-search-q3,,Nicole,Robinson,DIFFUSIA,Backend Engineer,BR,False,,unknown,google,False,cpc,False,brand-search-q3,False,robinson.nicole@diffusia.io,robinson.nicole@diffusia.io,work,False,False,False,False,False,,False,,True,False,,false,verified_in,,false,false
L1821,2026-05-25,James,Kowalski,james_kowalski@gridbase.dev,Office Manager,Gridbase,gridbase.dev,11-50,,JP,twitter,social,launch-week,1,JAMES,Kowalski,Gridbase,Office Manager,japan,False,1,true,twitter,False,social,False,launch-week,False,james_kowalski@gridbase.dev,james_kowalski@gridbase.dev,work,False,False,False,False,False,www.gridbase.dev,True,,True,False,,false,verified_in,,false,false
L2618,2026-04-25,Daniel,Williams,williams.daniel@centralpoly.edu,,Central Polytechnic,centralpoly.edu,1000+,Education,JP,google,organic,,,DANIEL,williams,Central Polytechnic,,JP,False,,unknown,google,False,organic,False,,True,williams.daniel@centralpoly.edu,williams.daniel@centralpoly.edu,work,False,False,True,False,False,https://centralpoly.edu,True,,True,False,,false,ambiguous,,false,false
L1635,2026-06-17,Paul,Lopez,plopez@metricshub.com,"Director, Machine Learning",MetricsHub,metricshub.com,1000+,,BR,reddit,social,r-machinelearning,unknown,Paul,Lopez,MetricsHub,"Director, Machine Learning",brazil,False,unknown,unknown,reddit,False,social,False,r-machinelearning,False,plopez@metricshub.com,plopez@metricshub.com,work,False,False,False,False,False,www.metricshub.com,True,plopez@metricshub.com,True,False,,false,ambiguous,,false,false
L1441,2026-04-26,Mateo,Keller,mateo_keller@formcraft.com,Sr. Data Scientist,formcraft,formcraft.com,1000+,Software,CA,twitter,social,launch-week,,Mateo,Keller,formcraft,Sr. Data Scientist,canada,False,,unknown,twitter,False,social,False,launch-week,False,mateo_keller@formcraft.com,mateo_keller@formcraft.com,work,False,False,False,False,False,https://formcraft.com,True,,True,False,,false,verified_in,,false,false
L2620,2026-04-28,Pamela,Campbell,pamela.campbell@outlook.com,Independent Consultant,TENSORLOOP,tensorloop.io,51-200,AI/ML software,US,producthunt,referral,launch,pending,Pamela,Campbell,TENSORLOOP,Independent Consultant,USA,False,pending,unknown,producthunt,False,referral,False,launch,False,pamela.campbell@outlook.com,pamela.campbell@outlook.com,freemail,False,False,False,False,False,https://tensorloop.io,True,,True,False,,false,verified_in,,false,false
L2724,2026-05-15,Debra,Wright,dwright@yahoo.com,Hobbyist,Northern University,northernuni.edu,,Education,ES,github,referral,docs-cta,unknown,Debra,Wright,Northern University,Hobbyist,ES,False,unknown,unknown,github,False,referral,False,docs-cta,False,dwright@yahoo.com,dwright@yahoo.com,freemail,False,False,False,False,False,https://northernuni.edu,True,,True,False,,true,ambiguous,EU / Consent Verification Needed,false,false
L1284,2026-06-03,Debra,Ali,ali.debra@shipmate.io,Applied Scientist,Shipmate,shipmate.io,,,CA,linkedin,paid_social,serverless-launch,yes,Debra,ali,Shipmate,Applied Scientist,canada,False,yes,true,linkedin,False,paid_social,False,serverless-launch,False,ali.debra@shipmate.io,ali.debra@shipmate.io,work,False,False,False,False,False,https://shipmate.io,True,,True,False,,false,verified_in,,false,false
L1717,2026-04-24,Jacob,Allen,jacoba@embediq.ai,software engineer,EmbedIQ,embediq.ai,,AI/ML software,CA,linkedin,paid_social,serverless-launch,Yes,Jacob,Allen,EmbedIQ,software engineer,CA,False,Yes,true,linkedin,False,paid_social,False,serverless-launch,False,jacoba@embediq.ai,jacoba@embediq.ai,work,False,False,False,False,False,www.embediq.ai,True,,True,False,,false,verified_in,,false,false
L1636,2026-05-13,Diego,Taylor,diego.taylor@modelry.ai,,MODELRY,modelry.ai,,AI/ML software,JP,blog,referral,pricing-post,granted,Diego, Taylor,MODELRY,,JP,False,granted,true,blog,False,referral,False,pricing-post,False,diego.taylor@modelry.ai,diego.taylor@modelry.ai,work,False,False,False,False,False,www.modelry.ai,True,diego.taylor@modelry.ai,True,False,,false,verified_in,,false,false
L2144,2026-05-03,Daniel,Moore,daniel.moore@summitdentalgroup.com,Content Writer,Summit Dental Group,summitdentalgroup.com,11-50,Healthcare,DE,producthunt,referral,launch,unknown,Daniel,moore,Summit Dental Group,Content Writer,Germany,False,unknown,unknown,producthunt,False,referral,False,launch,False,daniel.moore@summitdentalgroup.com,daniel.moore@summitdentalgroup.com,work,False,False,False,False,False,www.summitdentalgroup.com,True,,True,False,,true,ambiguous,EU / Consent Verification Needed,false,false
L2331,2026-04-01,William,Roberts,william_roberts@opsfleet.com,Sales Development Rep,Opsfleet,opsfleet.com,1000+,Software,BR,twitter,social,launch-week,,WILLIAM  ,Roberts,Opsfleet,Sales Development Rep,Brazil,False,,unknown,twitter,False,social,False,launch-week,False,william_roberts@opsfleet.com,william_roberts@opsfleet.com,work,False,False,False,False,False,https://opsfleet.com,True,,True,False,,false,verified_in,,false,false
L2294,2026-05-09,Jeffrey,Perez,jperez@signalfold.com,Staff Engineer,Signalfold,signalfold.com,1000+,AI/ML software,AU,,,,pending,Jeffrey,Perez,Signalfold,Staff Engineer,Australia,False,pending,unknown,undefined,True,undefined,True,,True,jperez@signalfold.com,jperez@signalfold.com,work,False,False,False,False,False,https://signalfold.com,True,,True,False,,false,ambiguous,,false,false
L2270,2026-05-06,Carol,Fischer,carol.fischer@fieldstonetech.com,,Fieldstone Tech,fieldstonetech.com,,Software,SG,google,cpc,brand-search-q3,,Carol,Fischer,Fieldstone Tech  ,,singapore,False,,unknown,google,False,cpc,False,brand-search-q3,False,carol.fischer@fieldstonetech.com,carol.fischer@fieldstonetech.com,work,False,False,False,False,False,https://fieldstonetech.com,True,,True,False,,false,verified_in,,false,true
L1500,2026-06-03,Astrid,Walker,astridw@relaymesh.io,Director of AI,Relaymesh,relaymesh.io,51-200,Software,,google,cpc,gpu-cloud-nonbrand,1,Astrid,Walker, Relaymesh,Director of AI  ,,False,1,true,google,False,cpc,False,gpu-cloud-nonbrand,False,astridw@relaymesh.io,astridw@relaymesh.io,work,False,False,False,False,False,www.relaymesh.io,True,,True,False,,false,verified_in,,false,false
L2913,2026-04-13,sTEPHANIE,Carter,STEPHANIE.CARTER@YAHOO.COM,PhD Student,Institute of Technology,instech.edu,,Education,CA,google,cpc,gpu-cloud-nonbrand,pending,sTEPHANIE,CARTER,Institute of Technology,PhD Student,CA,False,pending,unknown,google,False,cpc,False,gpu-cloud-nonbrand,False,STEPHANIE.CARTER@YAHOO.COM,stephanie.carter@yahoo.com,freemail,False,False,False,False,False,https://instech.edu,True,stephanie.carter@yahoo.com,True,False,,false,ambiguous,,false,false
L1864,2026-06-13,Donald,Okafor,okafor.donald@tokenworks.io,Enthusiast,TokenWorks,tokenworks.io,1000+,AI/ML software,IN,facebook,paid,fb_q3,unknown,Donald,Okafor,TokenWorks,Enthusiast,india,False,unknown,unknown,FB,False,paid,False,fb_q3,False,okafor.donald@tokenworks.io,okafor.donald@tokenworks.io,work,False,False,False,False,False,www.tokenworks.io,True,,True,False,,false,verified_in,,true,false
L2342,2026-05-21,Frank,Nelson,fnelson@neuralight.io,Research Scientist,,,,,JP,facebook,paid_social,fb_q3,pending,Frank,Nelson,,Research Scientist  ,JP,False,pending,unknown,facebook,False,Paid-Social,False,FB_Q3,False,fnelson@neuralight.io,fnelson@neuralight.io,work,False,False,False,False,False,,False,,True,False,,false,ambiguous,,false,false
L1575,2026-05-23,Gary,Hernandez,ghernandez@gmail.com,Co-founder,diffusia,,1-10,,GB,google,cpc,gpu-cloud-nonbrand,granted,Gary,HERNANDEZ,diffusia,Co-founder  ,UK,False,granted,true,google,False,cpc,False,gpu-cloud-nonbrand,False,ghernandez@gmail.com,ghernandez@gmail.com,freemail,False,False,False,False,False,,False,,True,False,,false,verified_in,,false,false
L1330,2026-04-03,Lisa,Kowalski,lisa.kowalski@streamlyne.io,Staff Engineer,Streamlyne,streamlyne.io,11-50,,IN,facebook,paid,fb_q3,pending,lisa,KOWALSKI,Streamlyne,Staff Engineer,IN,False,pending,unknown,FB,False,paid,False,fb_q3,False,lisa.kowalski@streamlyne.io,lisa.kowalski@streamlyne.io,work,False,False,False,False,False,https://streamlyne.io,True,,True,False,,false,ambiguous,,false,false
L2034,2026-05-29,David,Williams,david_williams@cloudspan.dev,VP Engineering,Cloudspan,cloudspan.dev,51-200,Software,JP,,,,, David,Williams,Cloudspan,VP Engineering,Japan,False,,unknown,undefined,True,undefined,True,,True,david_williams@cloudspan.dev,david_williams@cloudspan.dev,work,False,False,False,False,False,https://cloudspan.dev,True,,True,False,,false,verified_out,,false,false
L2388,2026-04-24,Donald,Perez,donaldp@gridbase.dev,Independent Consultant,Gridbase,gridbase.dev,11-50,Software,SG,google,cpc,gpu-cloud-nonbrand,,donald,Perez,Gridbase,Independent Consultant,singapore,False,,unknown,google,False,cpc,False,gpu-cloud-nonbrand,False,donaldp@gridbase.dev,donaldp@gridbase.dev,work,False,False,False,False,False,https://gridbase.dev,True,,True,False,,false,verified_in,,false,true
L1983,2026-06-03,Margaret,Wright,mwright@gradientpeak.ai,Machine Learning Engineer,Gradient Peak,gradientpeak.ai,201-500,AI/ML software,IN,google,cpc,gpu-cloud-nonbrand,,Margaret,Wright,Gradient Peak,Machine Learning Engineer,India,False,,unknown,google,False,cpc,False,gpu-cloud-nonbrand,False,mwright@gradientpeak.ai,mwright@gradientpeak.ai,work,False,False,False,False,False,https://gradientpeak.ai,True,,True,False,,false,ambiguous,,false,false
L1016,2026-06-28,Linda,Moore,lmoore@gridbase.dev,Financial Analyst,Gridbase,gridbase.dev,11-50,Software,SG,reddit,social,r-machinelearning,pending,Linda,Moore,Gridbase,Financial Analyst,singapore,False,pending,unknown,reddit,False,social,False,r-machinelearning,False,lmoore@gridbase.dev,lmoore@gridbase.dev,work,False,False,False,False,False,www.gridbase.dev,True,,True,False,,false,verified_out,,false,false
L1374,2026-06-04,Margaret,Lopez,margaretl@roboticsone.ai,Applied Scientist,RoboticsOne,,501-1000,AI/ML software,NL,,,,true,Margaret,Lopez,RoboticsOne,Applied Scientist,netherlands,False,true,true,{{utm_source}},True,{{utm_medium}},True,{{utm_campaign}},True,margaretl@roboticsone.ai,margaretl@roboticsone.ai,work,False,False,False,False,False,,False,margaretl@roboticsone.ai,True,False,,true,verified_in,,false,false
L2639,2026-04-10,Christine,Young,christine.young@ragpipe.dev,Staff Engineer,,,,,US,github,referral,docs-cta,pending,Christine,young,,Staff Engineer,US,False,pending,unknown,github,False,referral,False,docs-cta,False,christine.young@ragpipe.dev,christine.young@ragpipe.dev,work,False,False,False,False,False,,False,,True,False,,false,ambiguous,,false,false
L2514,2026-06-23,James,Fischer,fischer.james@voxeldynamics.ai,,Voxel Dynamics,voxeldynamics.ai,51-200,AI/ML software,BR,google,cpc,brand-search-q3,NULL, James,Fischer, Voxel Dynamics,,BR,False,NULL,unknown,google,False,cpc,False,brand-search-q3,False,fischer.james@voxeldynamics.ai,fischer.james@voxeldynamics.ai,work,False,False,False,False,False,www.voxeldynamics.ai,True,fischer.james@voxeldynamics.ai,True,False,,false,ambiguous,,false,false
L1332,2026-06-20,Jonathan,Williams,jonathan_williams@instech.edu,PhD Candidate,Institute of Technology,instech.edu,1000+,Education,CA,blog,referral,pricing-post,yes,Jonathan,Williams,Institute of Technology,PhD Candidate,Canada,False,yes,true,blog,False,referral,False,pricing-post,False,jonathan_williams@instech.edu,jonathan_williams@instech.edu,work,False,False,True,False,False,https://instech.edu,True,,True,False,,false,verified_in,,false,false
L2281,2026-04-17,John,Gonzalez,gonzalez.john@voxeldynamics.ai,,Voxel Dynamics,voxeldynamics.ai,,AI/ML software,IN,google,cpc,brand-search,unknown,John,gonzalez,Voxel Dynamics,,india,False,unknown,unknown,google ,False, cpc,False,brand search,False,gonzalez.john@voxeldynamics.ai,gonzalez.john@voxeldynamics.ai,work,False,False,False,False,False,www.voxeldynamics.ai,True,,True,False,,false,ambiguous,,false,false
L1322,2026-05-07,Alexander,Mitchell,alexander.mitchell@codewharf.dev,Data Scientist,Codewharf,codewharf.dev,,Software,GB,newsletter,email,weekly-digest,,Alexander,mitchell,Codewharf  ,Data Scientist,UK,False,,unknown,newsletter,False,email,False,weekly-digest,False,alexander.mitchell@codewharf.dev,alexander.mitchell@codewharf.dev,work,False,False,False,False,False,https://codewharf.dev,True,,True,False,,false,verified_out,,false,false
L1794,2026-04-03,Ronald,Torres,ronaldt@evalhouse.ai,,EVALHOUSE,evalhouse.ai,1-10,AI/ML software,IN,linkedin,paid_social,serverless-launch,granted,Ronald,TORRES,EVALHOUSE,,IN,False,granted,true,linkedin,False,paid_social,False,serverless-launch,False,ronaldt@evalhouse.ai,ronaldt@evalhouse.ai,work,False,False,False,False,False,https://evalhouse.ai,True,,True,False,,false,verified_out,,false,false
L2860,2026-04-27,Kenneth,Garcia,kenneth.garcia@signalfold.com,software engineer,Signalfold Co,signalfold.com,,,IN,github,referral,docs-cta,pending,Kenneth,Garcia,Signalfold Co,software engineer,India,False,pending,unknown,github,False,referral,False,docs-cta,False,kenneth.garcia@signalfold.com,kenneth.garcia@signalfold.com,work,False,False,False,False,False,https://signalfold.com,True,kenneth.garcia@signalfold.com,True,True,company,false,ambiguous,,false,false
L2029,2026-04-02,Ronald,Becker,ronald.becker@cascade-ai.com,HR Manager,Cascade AI,cascade-ai.com,51-200,AI/ML software,FR,google,cpc,gpu-cloud-nonbrand,,Ronald,Becker,Cascade AI,HR Manager,france,False,,unknown,google,False,cpc,False,gpu-cloud-nonbrand,False,ronald.becker@cascade-ai.com,ronald.becker@cascade-ai.com,work,False,False,False,False,False,https://cascade-ai.com,True,,True,False,,true,ambiguous,EU / Consent Verification Needed,false,false
L2777,2026-05-23,Nicholas,Adams,NICHOLAS.ADAMS@STATEUNIV.EDU,Freelancer,state university,,1000+,,US,twitter,social,launch-week,TRUE,nicholas,Adams,state university, Freelancer,usa,False,TRUE,true,twitter,False,social,False,launch-week,False,NICHOLAS.ADAMS@STATEUNIV.EDU,nicholas.adams@stateuniv.edu,work,False,False,True,False,False,,False,,True,False,,false,verified_in,,false,true
L1425,2026-06-13,Ronald,Ali,ali.ronald@northernuni.edu,Student,Northern University,,1000+,Education,GB,google,organic,,pending, Ronald,Ali,Northern University,Student,UK,False,pending,unknown,google,False,organic,False,,True,ali.ronald@northernuni.edu,ali.ronald@northernuni.edu,work,False,False,True,False,False,,False,,True,False,,false,ambiguous,,false,false
L1688,2026-05-08,Edward,Becker,becker.edward@agentstack.dev,DevOps Engineer,AgentStack,agentstack.dev,,,JP,reddit,social,r-machinelearning,1,Edward,becker,AgentStack,DevOps Engineer,JP,False,1,true,reddit,False,social,False,r-machinelearning,False,becker.edward@agentstack.dev,becker.edward@agentstack.dev,work,False,False,False,False,False,www.agentstack.dev,True,,True,False,,false,verified_in,,false,false
L1836,2026-05-21,Laura,Hassan,laura.hassan@promptline.ai,MLOps Engineer,Promptline,promptline.ai,11-50,,SE,google,cpc,brand-search-q3,1,Laura,Hassan,Promptline,MLOps Engineer  ,Sweden,False,1,true,google,False,cpc,False,brand-search-q3,False,laura.hassan@promptline.ai,laura.hassan@promptline.ai,work,False,False,False,False,False,https://promptline.ai,True,,True,False,,true,verified_in,,false,false
L1683,2026-05-22,Mark,Kowalski,mark_kowalski@streamlyne.io,AI Engineer,Streamlyne,streamlyne.io,11-50,,IN,google,cpc,gpu-cloud-nonbrand,pending,mark,Kowalski,Streamlyne,AI Engineer,IN,False,pending,unknown,google,False,cpc,False,gpu-cloud-nonbrand,False,mark_kowalski@streamlyne.io,mark_kowalski@streamlyne.io,work,False,False,False,False,False,www.streamlyne.io,True,,True,False,,false,ambiguous,,false,false
L1856,2026-05-02,Jeffrey,Harris,jeffrey_harris@streamlyne.io,Sales Development Rep,Streamlyne,streamlyne.io,11-50,Software,GB,google,cpc,gpu-cloud-nonbrand,,Jeffrey, Harris,Streamlyne,Sales Development Rep  ,UK,False,,unknown,google,False,cpc,False,gpu-cloud-nonbrand,False,jeffrey_harris@streamlyne.io,jeffrey_harris@streamlyne.io,work,False,False,False,False,False,www.streamlyne.io,True,,True,False,,false,ambiguous,,false,false
L2857,2026-05-15,Mark,Moore,MMOORE@COPILOTHEALTH.AI,Chief AI Officer,Copilot Health AI,copilothealth.ai,,,IN,,,,pending,Mark,Moore, Copilot Health AI,Chief AI Officer,IN,False,pending,unknown,test,True,test,True,test-campaign-DELETE,True,MMOORE@COPILOTHEALTH.AI,mmoore@copilothealth.ai,work,False,False,False,False,False,https://copilothealth.ai,True,mmoore@copilothealth.ai,True,True,job_title,false,ambiguous,,false,false
L1256,2026-04-25,Frank,Flores,fflores@cascade-ai.com,Chief Technology Officer,Cascade AI,cascade-ai.com,51-200,AI/ML software,US,newsletter,email,weekly-digest,granted,Frank  ,Flores  , Cascade AI,Chief Technology Officer,usa,False,granted,true,newsletter,False,email,False,weekly-digest,False,fflores@cascade-ai.com,fflores@cascade-ai.com,work,False,False,False,False,False,www.cascade-ai.com,True,,True,False,,false,verified_in,,false,false
L2190,2026-04-16,Samantha,Miller,samantham@tensorloop.io,MLOps Engineer,TensorLoop,tensorloop.io,51-200,AI/ML software,JP,youtube,video,tutorial-series,NULL,Samantha,Miller,TensorLoop,MLOps Engineer,Japan,False,NULL,unknown,youtube,False,video,False,tutorial-series,False,samantham@tensorloop.io,samantham@tensorloop.io,work,False,False,False,False,False,https://tensorloop.io,True,,True,False,,false,ambiguous,,false,false
L1149,2026-06-16,Janet,Andersson,janet.andersson@embediq.ai,Head of Engineering,,,,,GB,blog,referral,pricing-post,,Janet,Andersson,,Head of Engineering,GB,False,,unknown,blog,False,referral,False,pricing-post,False,janet.andersson@embediq.ai,janet.andersson@embediq.ai,work,False,False,False,False,False,,False,,True,False,,false,verified_out,,false,true
L1508,2026-05-04,Stephen,Hansen,shansen@centralpoly.edu,student,Central Polytechnic,centralpoly.edu,,Education,AU,facebook,paid_social,fb_q3,yes,stephen,Hansen,Central Polytechnic,student,australia,False,yes,true,facebook,False,Paid-Social,False,FB_Q3,False,shansen@centralpoly.edu,shansen@centralpoly.edu,work,False,False,True,False,False,www.centralpoly.edu,True,,True,False,,false,verified_in,,false,false
L2181,2026-04-24,William,Muller,WILLIAM.MULLER@ORBITALMIND.AI,Operations Manager,Orbital Mind,orbitalmind.ai,,AI/ML software,BR,docs,referral,quickstart,NULL, William,Muller,Orbital Mind,Operations Manager,Brazil,False,NULL,unknown,docs,False,referral,False,quickstart,False,WILLIAM.MULLER@ORBITALMIND.AI,william.muller@orbitalmind.ai,work,False,False,False,False,False,https://orbitalmind.ai,True,,True,False,,false,ambiguous,,false,false
L1472,2026-04-01,Amanda,Kowalski,amanda_kowalski@yahoo.com,Office Manager,Apex Auto Parts,apexautoparts.com,,Automotive,,facebook,paid_social,fb_q3,pending,Amanda,Kowalski,Apex Auto Parts,Office Manager,,False,pending,unknown,facebook,False,Paid-Social,False,FB_Q3,False,amanda_kowalski@yahoo.com,amanda_kowalski@yahoo.com,freemail,False,False,False,False,False,https://apexautoparts.com,True,,True,False,,false,verified_in,,false,false
L1719,2026-06-11,Pamela,Anderson,anderson.pamela@corticon.ai,Founder & CEO,Corticon AI,corticon.ai,501-1000,AI/ML software,GB,blog,referral,pricing-post,,Pamela,Anderson,Corticon AI,Founder & CEO,GB,False,,unknown,blog,False,referral,False,pricing-post,False,anderson.pamela@corticon.ai,anderson.pamela@corticon.ai,work,False,False,False,False,False,https://corticon.ai,True,,True,False,,false,ambiguous,,false,false
L2592,2026-05-26,Paul,Ramirez,ramirez.paul@cascade-ai.com,software engineer,Cascade AI,cascade-ai.com,51-200,AI/ML software,GB,newsletter,email,weekly-digest,,Paul,ramirez,Cascade AI,software engineer,GB,False,,unknown,newsletter,False,email,False,weekly-digest,False,ramirez.paul@cascade-ai.com,ramirez.paul@cascade-ai.com,work,False,False,False,False,False,https://cascade-ai.com,True,,True,False,,false,ambiguous,,false,false
L1985,2026-06-20,Lars,Rodriguez,lars.rodriguez@modelry.ai,Platform Engineer,Modelry,modelry.ai,,AI/ML software,AU,,,,,Lars,rodriguez,Modelry,Platform Engineer,Australia,False,,unknown,undefined,True,undefined,True,,True,lars.rodriguez@modelry.ai,lars.rodriguez@modelry.ai,work,False,False,False,False,False,https://modelry.ai,True,,True,False,,false,ambiguous,,false,false
L2455,2026-05-03,Sandra,Anderson,sandra_anderson@gmail.com,VP Engineering,Pipeline Labs,,1000+,Software,CA,facebook,cpc,fb-q3-conversions,1,SANDRA,Anderson,Pipeline Labs,VP Engineering,CA,False,1,true,Facebook Ads,False,cpc,False,fb-q3-conversions,False,sandra_anderson@gmail.com,sandra_anderson@gmail.com,freemail,False,False,False,False,False,,False,,True,False,,false,verified_in,,false,false
L2089,2026-04-21,Thomas,Taylor,ttaylor@cascade-ai.com,Social Media Manager,cascade ai,cascade-ai.com,51-200,AI/ML software,US,docs,referral,quickstart,pending,Thomas,Taylor,cascade ai,Social Media Manager,USA,False,pending,unknown,docs,False,referral,False,quickstart,False,ttaylor@cascade-ai.com,ttaylor@cascade-ai.com,work,False,False,False,False,False,www.cascade-ai.com,True,,True,False,,false,ambiguous,,false,false
L1393,2026-05-06,Astrid,Thomas,athomas@paytrellis.com,AI Engineer,PayTrellis,paytrellis.com,51-200,Software,FR,blog,referral,pricing-post,unsubscribed,Astrid,thomas,PayTrellis,AI Engineer,france,False,unsubscribed,false,blog,False,referral,False,pricing-post,False,athomas@paytrellis.com,athomas@paytrellis.com,work,False,False,False,False,False,www.paytrellis.com,True,,True,False,,true,verified_out,,false,true
L1467,2026-05-13,Frank,Ramirez,ramirez.frank@nimbuserp.com,DevOps Engineer,nimbus erp,nimbuserp.com,1000+,Software,US,twitter,social,launch-week,granted,Frank,Ramirez,nimbus erp,DevOps Engineer,united states,False,granted,true,twitter,False,social,False,launch-week,False,ramirez.frank@nimbuserp.com,ramirez.frank@nimbuserp.com,work,False,False,False,False,False,https://nimbuserp.com,True,,True,False,,false,verified_in,,false,false
L1413,2026-05-16,Nicole,Rivera,rivera.nicole@opsfleet.com,,Opsfleet,opsfleet.com,1000+,Software,FR,facebook,cpc,fb-q3-conversions,true,Nicole,RIVERA,Opsfleet,,france,False,true,true,Facebook Ads,False,cpc,False,fb-q3-conversions,False,rivera.nicole@opsfleet.com,rivera.nicole@opsfleet.com,work,False,False,False,False,False,www.opsfleet.com,True,,True,False,,true,verified_out,,false,false
L1089,2026-05-02,Lars,Thompson,thompson.lars@evalhouse.ai,CEO,EvalHouse,evalhouse.ai,1-10,AI/ML software,NL,github,referral,docs-cta,NULL,Lars,Thompson,EvalHouse,CEO,NL,False,NULL,unknown,github,False,referral,False,docs-cta,False,thompson.lars@evalhouse.ai,thompson.lars@evalhouse.ai,work,False,False,False,False,False,www.evalhouse.ai,True,,True,False,,true,verified_in,,false,false
L1398,2026-05-08,Amanda,Nguyen,amandan@bluebirdtravel.com,Director of Infrastructure,,,,,SG,linkedin,paid_social,serverless-launch,opted_in,Amanda,Nguyen,,Director of Infrastructure,singapore,False,opted_in,true,linkedin,False,paid_social,False,serverless-launch,False,amandan@bluebirdtravel.com,amandan@bluebirdtravel.com,work,False,False,False,False,False,,False,,True,False,,false,verified_in,,false,false
L1890,2026-05-01,Samuel,Hoffmann,samuel_hoffmann@paytrellis.com,,paytrellis,paytrellis.com,51-200,Software,AU,google,organic,,,Samuel,HOFFMANN,paytrellis,,Australia,False,,unknown,google,False,organic,False,,True,samuel_hoffmann@paytrellis.com,samuel_hoffmann@paytrellis.com,work,False,False,False,False,False,https://paytrellis.com,True,,True,False,,false,ambiguous,,false,false
L1075,2026-05-06,Hans,Okafor,okafor.hans@voxeldynamics.ai,CEO,Voxel Dynamics,voxeldynamics.ai,51-200,AI/ML software,PL,docs,referral,quickstart,granted,Hans,Okafor,Voxel Dynamics,CEO,poland,False,granted,true,docs,False,referral,False,quickstart,False,okafor.hans@voxeldynamics.ai,okafor.hans@voxeldynamics.ai,work,False,False,False,False,False,www.voxeldynamics.ai,True,,True,False,,true,verified_out,,true,false
L2161,2026-04-16,Pamela,Singh,psingh@modelry.ai,Fractional CTO,Modelry,modelry.ai,1-10,AI/ML software,IN,producthunt,referral,launch,pending,pamela,Singh,Modelry,Fractional CTO,India,False,pending,unknown,producthunt,False,referral,False,launch,False,psingh@modelry.ai,psingh@modelry.ai,work,False,False,False,False,False,https://modelry.ai,True,,True,False,,false,ambiguous,,false,false
L1781,2026-05-19,Timothy,Young,timothy.young@ledgerworks.com,Head of ML,,,,,BR,google,organic,,,Timothy,Young,,Head of ML,brazil,False,,unknown,google,False,organic,False,,True,timothy.young@ledgerworks.com,timothy.young@ledgerworks.com,work,False,False,False,False,False,,False,,True,False,,false,ambiguous,,false,false
L1238,2026-05-13,Pamela,Brown,pamela.brown@instech.edu,Enthusiast,Institute of Technology,,1000+,Education,GB,google,cpc,gpu-cloud-nonbrand,TRUE,Pamela,Brown,Institute of Technology,Enthusiast,GB,False,TRUE,true,google,False,cpc,False,gpu-cloud-nonbrand,False,pamela.brown@instech.edu,pamela.brown@instech.edu,work,False,False,True,False,False,,False,,True,False,,false,verified_in,,false,false
L2317,2026-05-28,Sandra,Moore,SANDRAM@PROTON.ME,PhD Student,State University,stateuniv.edu,1000+,,IE,,,,,Sandra,MOORE  ,State University,PhD Student  ,IE,False,,unknown,{{utm_source}},True,{{utm_medium}},True,{{utm_campaign}},True,SANDRAM@PROTON.ME,sandram@proton.me,freemail,False,False,False,False,False,www.stateuniv.edu,True,,True,False,,true,ambiguous,EU / Consent Verification Needed,false,false
L2662,2026-06-15,Jonathan,Smith,jonathan_smith@legalmind.ai,,LegalMind AI,legalmind.ai,,,AU,newsletter,email,weekly-digest,NULL,Jonathan,Smith,LegalMind AI,,Australia,False,NULL,unknown,newsletter,False,email,False,weekly-digest,False,jonathan_smith@legalmind.ai,jonathan_smith@legalmind.ai,work,False,False,False,False,False,www.legalmind.ai,True,,True,False,,false,ambiguous,,false,false
L2497,2026-04-18,Deborah,Young,DEBORAHY@LOOPWARE.IO,SVP Engineering,LOOPWARE,loopware.io,1000+,Software,BR,,,,TRUE,Deborah  ,Young,LOOPWARE,SVP Engineering,brazil,False,TRUE,true,test,True,test,True,test-campaign-DELETE,True,DEBORAHY@LOOPWARE.IO,deborahy@loopware.io,work,False,False,False,False,False,https://loopware.io,True,,True,False,,false,verified_in,,false,false
L2139,2026-06-01,Eric,Meyer,ericm@harborviewlogistics.com,CTO,Harborview Logistics,,,,US,twitter,social,launch-week,NULL,Eric,Meyer,Harborview Logistics,CTO,USA,False,NULL,unknown,twitter,False,social,False,launch-week,False,ericm@harborviewlogistics.com,ericm@harborviewlogistics.com,work,False,False,False,False,False,,False,,True,False,,false,ambiguous,,false,false
L1779,2026-04-05,Gregory,Becker,GREGORY.BECKER@METRICSHUB.COM,Machine Learning Engineer,metricshub,,,Software,DE,google,organic,,TRUE,Gregory,Becker,metricshub,Machine Learning Engineer,Deutschland,False,TRUE,true,google,False,organic,False,,True,GREGORY.BECKER@METRICSHUB.COM,gregory.becker@metricshub.com,work,False,False,False,False,False,,False,,True,False,,true,verified_in,,true,false
L2365,2026-05-24,Donna,Smith,smith.donna@neuralmarketing.co,,NEURAL MARKETING CO,,,,AU,google,cpc,gpu-cloud-nonbrand,,Donna,Smith,NEURAL MARKETING CO,,AU,False,,unknown,google,False,cpc,False,gpu-cloud-nonbrand,False,smith.donna@neuralmarketing.co,smith.donna@neuralmarketing.co,work,False,False,False,False,False,,False,,True,False,,false,ambiguous,,false,false
L1957,2026-05-30,Jennifer,Davis,jdavis@cloudspan.dev,Infrastructure Engineer,cloudspan,,51-200,Software,SE,linkedin,paid_social,serverless-launch,Yes,Jennifer,Davis  ,cloudspan,Infrastructure Engineer,Sweden,False,Yes,true,linkedin,False,paid_social,False,serverless-launch,False,jdavis@cloudspan.dev,jdavis@cloudspan.dev,work,False,False,False,False,False,,False,,True,False,,true,verified_in,,false,false
L1814,2026-04-01,Brandon,Johansson,brandon_johansson@legalmind.ai,"Director, Machine Learning",LegalMind AI,,201-500,,JP,youtube,video,tutorial-series,NULL,Brandon,Johansson,LegalMind AI,"Director, Machine Learning  ",japan,False,NULL,unknown,youtube,False,video,False,tutorial-series,False,brandon_johansson@legalmind.ai,brandon_johansson@legalmind.ai,work,False,False,False,False,False,,False,,True,False,,false,verified_in,,false,false
L1835,2026-04-06,Elizabeth,Smith,elizabeth.smith@modelry.ai,MLOps Engineer,Modelry,,1-10,AI/ML software,IN,,,,opted_in,ELIZABETH,Smith,Modelry,MLOps Engineer,India,False,opted_in,true,undefined,True,undefined,True,,True,elizabeth.smith@modelry.ai,elizabeth.smith@modelry.ai,work,False,False,False,False,False,,False,,True,False,,false,verified_in,,false,false
L1830,2026-04-03,Andrew,Rivera,andrew.rivera@securexsystems.com,Social Media Manager,Securex Systems,securexsystems.com,1-10,Software,SG,newsletter,email,weekly-digest,,ANDREW,rivera,Securex Systems,Social Media Manager,singapore,False,,unknown,newsletter,False,email,False,weekly-digest,False,andrew.rivera@securexsystems.com,andrew.rivera@securexsystems.com,work,False,False,False,False,False,www.securexsystems.com,True,,True,False,,false,ambiguous,,false,false
L2361,2026-04-20,David,Larsen,DAVID.LARSEN@AXONRESEARCH.AI,Head of ML,,,,,IN,,,,unknown,David,Larsen,,Head of ML,IN,False,unknown,unknown,test,True,test,True,test-campaign-DELETE,True,DAVID.LARSEN@AXONRESEARCH.AI,david.larsen@axonresearch.ai,work,False,False,False,False,False,,False,,True,False,,false,ambiguous,,false,false
L1131,2026-06-21,John,Kim,john_kim@pipelinelabs.io,Sales Development Rep,Pipeline Labs,,1000+,Software,JP,google,cpc,gpu-cloud-nonbrand,,John, Kim,Pipeline Labs,Sales Development Rep,Japan,False,,unknown,google,False,cpc,False,gpu-cloud-nonbrand,False,john_kim@pipelinelabs.io,john_kim@pipelinelabs.io,work,False,False,False,False,False,,False,,True,False,,false,verified_in,,false,false
L1102,2026-05-20,Alexander,Jackson,alexander_jackson@tokenworks.io,sre,TokenWorks,tokenworks.io,1000+,AI/ML software,JP,twitter,social,launch-week,unknown,Alexander,JACKSON,TokenWorks,sre,JP,False,unknown,unknown,twitter,False,social,False,launch-week,False,alexander_jackson@tokenworks.io,alexander_jackson@tokenworks.io,work,False,False,False,False,False,https://tokenworks.io,True,,True,False,,false,verified_in,,false,false
L2655,2026-06-24,Dennis,Schulz,DENNIS_SCHULZ@FINETUNELABS.COM,SWE,FINETUNE LABS,finetunelabs.com,1-10,AI/ML software,,facebook,social,q3,NULL, Dennis,SCHULZ,FINETUNE LABS,SWE,,False,NULL,unknown,fb_paid,False,social,False,q3,False,DENNIS_SCHULZ@FINETUNELABS.COM,dennis_schulz@finetunelabs.com,work,False,False,False,False,False,www.finetunelabs.com,True,,True,False,,false,verified_in,,false,false
L2243,2026-06-06,Jack,Moore,JMOORE@TENSORLOOP.IO,Backend Engineer,TensorLoop,,51-200,AI/ML software,,producthunt,referral,launch,yes,Jack,Moore,TensorLoop,Backend Engineer,,False,yes,true,producthunt,False,referral,False,launch,False,JMOORE@TENSORLOOP.IO,jmoore@tensorloop.io,work,False,False,False,False,False,,False,,True,False,,false,verified_in,,false,true
L2867,2026-06-25,Amanda,Singh,amanda_singh@yahoo.com,Data Scientist,"Securex Systems, Inc.",,1-10,Software,AU,blog,referral,pricing-post,,Amanda,Singh,"Securex Systems, Inc.",Data Scientist,AU,False,,unknown,blog,False,referral,False,pricing-post,False,amanda_singh@yahoo.com,amanda_singh@yahoo.com,freemail,False,False,False,False,False,,False,amanda_singh@yahoo.com,True,True,company,false,ambiguous,,false,false
L2537,2026-05-07,Sandra,Miller,smiller@synapsefoundry.com,Senior ML Engineer,Synapse Foundry,synapsefoundry.com,11-50,AI/ML software,BR,linkedin,paid_social,serverless-launch,,Sandra,Miller,Synapse Foundry,Senior ML Engineer,brazil,False,,unknown,linkedin,False,paid_social,False,serverless-launch,False,smiller@synapsefoundry.com,smiller@synapsefoundry.com,work,False,False,False,False,False,www.synapsefoundry.com,True,,True,False,,false,verified_out,,false,false
L1756,2026-04-27,Amy,Patel,apatel@diffusia.io,Machine Learning Engineer,DIFFUSIA,diffusia.io,,AI/ML software,BR,,,,NULL,Amy,Patel  ,DIFFUSIA,Machine Learning Engineer,brazil,False,NULL,unknown,{{utm_source}},True,{{utm_medium}},True,{{utm_campaign}},True,apatel@diffusia.io,apatel@diffusia.io,work,False,False,False,False,False,https://diffusia.io,True,,True,False,,false,verified_in,,false,false
L2550,2026-05-29,Janet,Wagner,jwagner@outlook.com,Product Marketing Manager,Apex Auto Parts,apexautoparts.com,201-500,Automotive,GB,google,cpc,brand-search-q3,NULL,Janet,Wagner,Apex Auto Parts,Product Marketing Manager,United Kingdom,False,NULL,unknown,google,False,cpc,False,brand-search-q3,False,jwagner@outlook.com,jwagner@outlook.com,freemail,False,False,False,False,False,www.apexautoparts.com,True,,True,False,,false,ambiguous,,false,false
L1944,2026-06-05,Kenneth,Rossi,rossi.kenneth@harborviewlogistics.com,Accountant,Harborview Logistics,harborviewlogistics.com,201-500,Logistics,IN,blog,referral,pricing-post,, Kenneth, Rossi,Harborview Logistics,Accountant,india,False,,unknown,blog,False,referral,False,pricing-post,False,rossi.kenneth@harborviewlogistics.com,rossi.kenneth@harborviewlogistics.com,work,False,False,False,False,False,https://harborviewlogistics.com,True,,True,False,,false,ambiguous,,false,false
L2721,2026-04-17,Sandra,Fischer,sandraf@gridbase.dev,Head of AI,Gridbase,,11-50,Software,BR,reddit,social,r-machinelearning,pending,Sandra,Fischer, Gridbase,Head of AI,brazil,False,pending,unknown,reddit,False,social,False,r-machinelearning,False,sandraf@gridbase.dev,sandraf@gridbase.dev,work,False,False,False,False,False,,False,,True,False,,false,ambiguous,,false,false
L2249,2026-06-28,William,Hoffmann,whoffmann@shipmate.io,ML Engineer,SHIPMATE,,201-500,,IN,google,organic,,,William,Hoffmann,SHIPMATE,ML Engineer,India,False,,unknown,google,False,organic,False,,True,whoffmann@shipmate.io,whoffmann@shipmate.io,work,False,False,False,False,False,,False,,True,False,,false,verified_out,,true,false
L2629,2026-04-24,Debra,Schulz,schulz.debra@agentstack.dev,founder/ceo,,,,,IT,google,cpc,brand-search-q3,TRUE,Debra,SCHULZ,,founder/ceo,IT,False,TRUE,true,google,False,cpc,False,brand-search-q3,False,schulz.debra@agentstack.dev,schulz.debra@agentstack.dev,work,False,False,False,False,False,,False,,True,False,,true,verified_out,,false,false
L1707,2026-04-11,Sarah,Rossi,rossi.sarah@databarn.io,Staff Engineer,databarn,databarn.io,11-50,Software,SG,docs,referral,quickstart,NULL,Sarah,ROSSI,databarn, Staff Engineer,SG,False,NULL,unknown,docs,False,referral,False,quickstart,False,rossi.sarah@databarn.io,rossi.sarah@databarn.io,work,False,False,False,False,False,www.databarn.io,True,rossi.sarah@databarn.io,True,False,,false,ambiguous,,false,false
L1177,2026-06-19,Andrew,Kowalski,andrew_kowalski@apexautoparts.com,Head of AI,Apex Auto Parts,apexautoparts.com,201-500,Automotive,GB,google,cpc,gpu-cloud-nonbrand,,Andrew,Kowalski,Apex Auto Parts  ,Head of AI,United Kingdom,False,,unknown,google,False,cpc,False,gpu-cloud-nonbrand,False,andrew_kowalski@apexautoparts.com,andrew_kowalski@apexautoparts.com,work,False,False,False,False,False,https://apexautoparts.com,True,,True,False,,false,ambiguous,,false,false
L2041,2026-04-16,Mateo,Thomas,thomas.mateo@outlook.com,Founder,Ridgeway Construction,ridgewayconstruction.com,,Construction,US,producthunt,referral,launch,,Mateo,Thomas,Ridgeway Construction,Founder,usa,False,,unknown,producthunt,False,referral,False,launch,False,thomas.mateo@outlook.com,thomas.mateo@outlook.com,freemail,False,False,False,False,False,https://ridgewayconstruction.com,True,thomas.mateo@outlook.com,True,True,company,false,ambiguous,,false,false
L2179,2026-05-29,Frank,Kowalski,frank_kowalski@summitdentalgroup.com,Fractional CTO,Summit Dental Group,summitdentalgroup.com,11-50,Healthcare,US,github,referral,docs-cta,1,Frank,Kowalski,Summit Dental Group,Fractional CTO,united states,False,1,true,github,False,referral,False,docs-cta,False,frank_kowalski@summitdentalgroup.com,frank_kowalski@summitdentalgroup.com,work,False,False,False,False,False,www.summitdentalgroup.com,True,,True,False,,false,verified_in,,false,false
L1816,2026-06-05,Rajesh,Andersson,rajesha@stacklinesoftware.com,Social Media Manager,Stackline Software,stacklinesoftware.com,,Software,JP,google,cpc,gpu-cloud-nonbrand,opted_in,Rajesh,Andersson,Stackline Software,Social Media Manager,JP,False,opted_in,true,google,False,cpc,False,gpu-cloud-nonbrand,False,rajesha@stacklinesoftware.com,rajesha@stacklinesoftware.com,work,False,False,False,False,False,https://stacklinesoftware.com,True,,True,False,,false,verified_in,,false,false
L1772,2026-06-26,Lisa,White,lisa.white@proton.me,PhD Candidate,Northern University,northernuni.edu,1000+,Education,SG,producthunt,referral,launch,pending,Lisa,White,Northern University,PhD Candidate,singapore,False,pending,unknown,producthunt,False,referral,False,launch,False,lisa.white@proton.me,lisa.white@proton.me,freemail,False,False,False,False,False,www.northernuni.edu,True,,True,False,,false,verified_in,,false,false
L1883,2026-04-10,Raymond,Davis,raymond.davis@deepharbor.ai,Chief Technology Officer,DeepHarbor,deepharbor.ai,201-500,,DE,,,,1,Raymond,Davis,DeepHarbor,Chief Technology Officer,germany,False,1,true,{{utm_source}},True,{{utm_medium}},True,{{utm_campaign}},True,raymond.davis@deepharbor.ai,raymond.davis@deepharbor.ai,work,False,False,False,False,False,www.deepharbor.ai,True,,True,False,,true,verified_in,,false,false
L1502,2026-06-30,Lars,Rossi,larsr@inferralabs.com,VP Data & AI,Inferra Labs,inferralabs.com,1000+,,BR,blog,referral,pricing-post,,Lars,Rossi,Inferra Labs,VP Data & AI,BR,False,,unknown,blog,False,referral,False,pricing-post,False,larsr@inferralabs.com,larsr@inferralabs.com,work,False,False,False,False,False,https://inferralabs.com,True,,True,False,,false,ambiguous,,false,false
L1840,2026-06-25,William,Adams,wadams@harborviewlogistics.com,Consultant,Harborview Logistics,harborviewlogistics.com,,Logistics,AU,google,cpc,brand-search-q3,,William,Adams,Harborview Logistics,Consultant,Australia,False,,unknown,google,False,cpc,False,brand-search-q3,False,wadams@harborviewlogistics.com,wadams@harborviewlogistics.com,work,False,False,False,False,False,https://harborviewlogistics.com,True,,True,False,,false,verified_in,,true,false
L2412,2026-05-24,Kevin,Johnson,johnson.kevin@orbitalmind.ai,Infrastructure Engineer,Orbital Mind,orbitalmind.ai,201-500,,US,docs,referral,quickstart,,Kevin,JOHNSON,Orbital Mind,Infrastructure Engineer,united states,False,,unknown,docs,False,referral,False,quickstart,False,johnson.kevin@orbitalmind.ai,johnson.kevin@orbitalmind.ai,work,False,False,False,False,False,www.orbitalmind.ai,True,,True,False,,false,ambiguous,,false,false
L1165,2026-04-09,Amy,Martin,amy_martin@ledgerworks.com,Owner,LedgerWorks,ledgerworks.com,51-200,Software,BR,reddit,social,r-machinelearning,pending, Amy,Martin,LedgerWorks,Owner,BR,False,pending,unknown,reddit,False,social,False,r-machinelearning,False,amy_martin@ledgerworks.com,amy_martin@ledgerworks.com,work,False,False,False,False,False,https://ledgerworks.com,True,,True,False,,false,ambiguous,,false,false
L1882,2026-04-28,Zara,Sharma,zara.sharma@bellavistarealty.com,Marketing Manager,Bella Vista Realty,bellavistarealty.com,201-500,Real estate,JP,,,,opted_in,Zara,Sharma,Bella Vista Realty,Marketing Manager,Japan,False,opted_in,true,test,True,test,True,test-campaign-DELETE,True,zara.sharma@bellavistarealty.com,zara.sharma@bellavistarealty.com,work,False,False,False,False,False,www.bellavistarealty.com,True,,True,False,,false,verified_in,,false,false
L2095,2026-05-07,Mateo,Lewis,mateo.lewis@gmail.com,Business Analyst,,,,,SG,reddit,social,r-machinelearning,unknown,Mateo,Lewis,,Business Analyst,singapore,False,unknown,unknown,reddit,False,social,False,r-machinelearning,False,mateo.lewis@gmail.com,mateo.lewis@gmail.com,freemail,False,False,False,False,False,,False,,True,False,,false,ambiguous,,false,false
L2463,2026-04-13,Wei,Novak,wein@hotmail.com,Research Engineer,EmbedIQ,embediq.ai,1000+,AI/ML software,IN,github,referral,docs-cta,TRUE,Wei,Novak,EmbedIQ,Research Engineer,IN,False,TRUE,true,github,False,referral,False,docs-cta,False,wein@hotmail.com,wein@hotmail.com,freemail,False,False,False,False,False,www.embediq.ai,True,,True,False,,false,verified_in,,false,false
L1305,2026-05-21,John,Walker,john_walker@finetunelabs.com,Machine Learning Engineer,,,,,US,facebook,paid,fb_q3,yes,John,Walker,,Machine Learning Engineer,U.S.,False,yes,true,FB,False,paid,False,fb_q3,False,john_walker@finetunelabs.com,john_walker@finetunelabs.com,work,False,False,False,False,False,,False,,True,False,,false,verified_in,,false,false
L2637,2026-05-28,James,Sato,jsato@quantavision.io,Senior ML Engineer,Quanta Vision,quantavision.io,1-10,AI/ML software,SG,linkedin,paid_social,serverless-launch,yes, james,Sato,Quanta Vision,Senior ML Engineer,Singapore,False,yes,true,linkedin,False,paid_social,False,serverless-launch,False,jsato@quantavision.io,jsato@quantavision.io,work,False,False,False,False,False,https://quantavision.io,True,,True,False,,false,verified_in,,false,true
L2086,2026-05-25,Zara,White,white.zara@promptline.ai,Senior Software Engineer,Promptline,promptline.ai,11-50,AI/ML software,SG,,,,unknown,Zara,White,Promptline,Senior Software Engineer,SG,False,unknown,unknown,(direct),True,(none),True,,True,white.zara@promptline.ai,white.zara@promptline.ai,work,False,False,False,False,False,www.promptline.ai,True,,True,False,,false,ambiguous,,false,false
L1213,2026-06-01,Barbara,Garcia,bgarcia@gridbase.dev,MLOps Engineer,Gridbase,gridbase.dev,,Software,IN,reddit,social,r-machinelearning,,Barbara,Garcia,Gridbase,MLOps Engineer,india,False,,unknown,reddit,False,social,False,r-machinelearning,False,bgarcia@gridbase.dev,bgarcia@gridbase.dev,work,False,False,False,False,False,www.gridbase.dev,True,,True,False,,false,ambiguous,,false,false
L2727,2026-05-04,Matthew,Hall,hall.matthew@maplegrovebakery.com,,maple grove bakery,maplegrovebakery.com,1-10,Food and beverage,SE,reddit,social,r-machinelearning,,Matthew,Hall,maple grove bakery,,sweden,False,,unknown,reddit,False,social,False,r-machinelearning,False,hall.matthew@maplegrovebakery.com,hall.matthew@maplegrovebakery.com,work,False,False,False,False,False,https://maplegrovebakery.com,True,,True,False,,true,verified_in,,true,false
L1253,2026-04-28,Rachel,Sato,rsato@inferralabs.com,Product Marketing Manager,Inferra Labs,inferralabs.com,1000+,,US,docs,referral,quickstart,unknown,Rachel,Sato,Inferra Labs,Product Marketing Manager,USA,False,unknown,unknown,docs,False,referral,False,quickstart,False,rsato@inferralabs.com,rsato@inferralabs.com,work,False,False,False,False,False,https://inferralabs.com,True,,True,False,,false,ambiguous,,false,false
L1366,2026-06-10,Amara,Hansen,ahansen@promptline.ai,founder/ceo,Promptline,,11-50,AI/ML software,ES,google,organic,,TRUE,Amara, HANSEN,Promptline,founder/ceo,spain,False,TRUE,true,google,False,organic,False,,True,ahansen@promptline.ai,ahansen@promptline.ai,work,False,False,False,False,False,,False,,True,False,,true,verified_in,,false,false
L1741,2026-05-20,Kenneth,Wilson,kwilson@northernuni.edu,Indie hacker,Northern University,,1000+,,GB,,,,NULL,Kenneth,Wilson,Northern University,Indie hacker,UK,False,NULL,unknown,null,True,null,True,null,True,kwilson@northernuni.edu,kwilson@northernuni.edu,work,False,False,True,False,False,,False,,True,False,,false,verified_in,,true,false
L1132,2026-05-22,Jason,Meyer,jason_meyer@gradientpeak.ai,Founder,Gradient Peak,gradientpeak.ai,201-500,,GB,facebook,paid,fb_q3,yes,Jason,meyer,Gradient Peak,Founder,GB,False,yes,true,FB,False,paid,False,fb_q3,False,jason_meyer@gradientpeak.ai,jason_meyer@gradientpeak.ai,work,False,False,False,False,False,www.gradientpeak.ai,True,,True,False,,false,verified_in,,false,true
L2212,2026-06-29,Sarah,Novak,novak.sarah@pipelinelabs.io,Computer Vision Engineer,Pipeline Labs,pipelinelabs.io,1000+,Software,DE,producthunt,referral,launch,unknown,Sarah,Novak,Pipeline Labs,Computer Vision Engineer,germany,False,unknown,unknown,producthunt,False,referral,False,launch,False,novak.sarah@pipelinelabs.io,novak.sarah@pipelinelabs.io,work,False,False,False,False,False,https://pipelinelabs.io,True,,True,False,,true,ambiguous,EU / Consent Verification Needed,false,false
L1641,2026-05-07,Richard,Okafor,OKAFOR.RICHARD@PROTON.ME,Data Scientist,Securex Systems,securexsystems.com,,Software,BR,twitter,social,launch-week,,Richard,Okafor,Securex Systems,Data Scientist,brazil,False,,unknown,twitter,False,social,False,launch-week,False,OKAFOR.RICHARD@PROTON.ME,okafor.richard@proton.me,freemail,False,False,False,False,False,www.securexsystems.com,True,,True,False,,false,verified_in,,false,false
L2499,2026-05-11,Deborah,Hassan,hassan.deborah@yahoo.com,Student,State University,stateuniv.edu,1000+,,SG,youtube,video,tutorial-series,NULL,Deborah  ,Hassan, State University,Student,Singapore,False,NULL,unknown,youtube,False,video,False,tutorial-series,False,hassan.deborah@yahoo.com,hassan.deborah@yahoo.com,freemail,False,False,False,False,False,www.stateuniv.edu,True,,True,False,,false,verified_in,,false,false
L1521,2026-04-10,Dorothy,Gonzalez,dorothyg@outlook.com,Staff Engineer,Pipeline Labs,pipelinelabs.io,,Software,IN,newsletter,email,weekly-digest,unknown,dorothy,Gonzalez,Pipeline Labs  ,Staff Engineer,India,False,unknown,unknown,newsletter,False,email,False,weekly-digest,False,dorothyg@outlook.com,dorothyg@outlook.com,freemail,False,False,False,False,False,www.pipelinelabs.io,True,,True,False,,false,ambiguous,,false,false
L2690,2026-06-15,Elizabeth,Singh,singh.elizabeth@proton.me,Head of Engineering,Inferra Labs,inferralabs.com,1000+,AI/ML software,BR,google,cpc,gpu-cloud-nonbrand,Yes,elizabeth,Singh,Inferra Labs  ,Head of Engineering,BR,False,Yes,true,google,False,cpc,False,gpu-cloud-nonbrand,False,singh.elizabeth@proton.me,singh.elizabeth@proton.me,freemail,False,False,False,False,False,www.inferralabs.com,True,,True,False,,false,verified_in,,false,true
L2712,2026-05-03,Pamela,Young,pamelay@streamlyne.io,Research Scientist,Streamlyne,streamlyne.io,,Software,JP,linkedin,paid_social,serverless-launch,Yes,Pamela,Young,Streamlyne,Research Scientist,Japan,False,Yes,true,linkedin,False,paid_social,False,serverless-launch,False,pamelay@streamlyne.io,pamelay@streamlyne.io,work,False,False,False,False,False,https://streamlyne.io,True,,True,False,,false,verified_in,,false,false
L2897,2026-04-09,Astrid,Scott,astrids@gridforge.cloud,Applied Scientist,"GridForge Cloud, Inc.",,201-500,AI/ML software,CA,,,,yes,Astrid,Scott,"GridForge Cloud, Inc.",Applied Scientist,Canada,False,yes,true,(direct),True,(none),True,,True,astrids@gridforge.cloud,astrids@gridforge.cloud,work,True,False,False,False,False,,False,astrids@gridforge.cloud,True,True,company,false,verified_in,,false,false
L1860,2026-06-10,Andrew,Gonzalez,agonzalez@ridgewayconstruction.com,Office Manager,ridgeway construction,ridgewayconstruction.com,11-50,Construction,US,google,cpc,gpu-cloud-nonbrand,1,andrew, gonzalez,ridgeway construction,Office Manager,usa,False,1,true,google,False,cpc,False,gpu-cloud-nonbrand,False,agonzalez@ridgewayconstruction.com,agonzalez@ridgewayconstruction.com,work,False,False,False,False,False,www.ridgewayconstruction.com,True,,True,False,,false,verified_out,,false,false
L2093,2026-06-21,Kathleen,Meyer,kathleen.meyer@neuralmarketing.co,Customer Success Manager,Neural Marketing Co,neuralmarketing.co,1-10,Marketing agency,SG,docs,referral,quickstart,unknown,Kathleen,Meyer,Neural Marketing Co,Customer Success Manager,SG,False,unknown,unknown,docs,False,referral,False,quickstart,False,kathleen.meyer@neuralmarketing.co,kathleen.meyer@neuralmarketing.co,work,False,False,False,False,False,www.neuralmarketing.co,True,,True,False,,false,verified_in,,true,false
L1223,2026-06-19,Olaf,Hill,hill.olaf@tokenworks.io,SVP Engineering,TokenWorks,tokenworks.io,1000+,AI/ML software,JP,linkedin,paid_social,serverless-launch,pending,Olaf,Hill, TokenWorks,SVP Engineering,JP,False,pending,unknown,linkedin,False,paid_social,False,serverless-launch,False,hill.olaf@tokenworks.io,hill.olaf@tokenworks.io,work,False,False,False,False,False,www.tokenworks.io,True,,True,False,,false,ambiguous,,false,false
L2223,2026-04-23,Michael,Schmidt,michaels@shipmate.io,Head of Platform,Shipmate,shipmate.io,,Software,GB,,,,pending,MICHAEL,Schmidt,Shipmate,Head of Platform  ,UK,False,pending,unknown,test,True,test,True,test-campaign-DELETE,True,michaels@shipmate.io,michaels@shipmate.io,work,False,False,False,False,False,https://shipmate.io,True,michaels@shipmate.io,True,True,company,false,ambiguous,,false,false
L2320,2026-05-12,Dorothy,Hansen,hansen.dorothy@securexsystems.com,Founder,Securex Systems,securexsystems.com,1-10,,AU,github,referral,docs-cta,,Dorothy,HANSEN  ,Securex Systems,Founder,Australia,False,,unknown,github,False,referral,False,docs-cta,False,hansen.dorothy@securexsystems.com,hansen.dorothy@securexsystems.com,work,False,False,False,False,False,https://securexsystems.com,True,,True,False,,false,ambiguous,,false,false
L1364,2026-06-02,Yuki,Torres,yukit@neuralight.io,Director of Infrastructure,Neuralight,neuralight.io,201-500,AI/ML software,AU,github,referral,docs-cta,pending,Yuki,TORRES,Neuralight,Director of Infrastructure,AU,False,pending,unknown,github,False,referral,False,docs-cta,False,yukit@neuralight.io,yukit@neuralight.io,work,False,False,False,False,False,www.neuralight.io,True,,True,False,,false,ambiguous,,false,false
L2901,2026-06-09,Amara,Johansson,johansson.amara@gmail.com,Student,,,,,JP,google,cpc,brand-search,,AMARA,Johansson,,Student,JP,False,,unknown,google ,False, cpc,False,brand search,False,johansson.amara@gmail.com,johansson.amara@gmail.com,freemail,False,False,False,False,False,,False,johansson.amara@gmail.com,True,False,,false,verified_in,,false,false
L1486,2026-04-21,Helen,Ali,ali.helen@nimbuserp.com,Content Writer,Nimbus ERP,nimbuserp.com,1000+,,JP,newsletter,email,weekly-digest,Yes,helen,Ali,Nimbus ERP,Content Writer  ,JP,False,Yes,true,newsletter,False,email,False,weekly-digest,False,ali.helen@nimbuserp.com,ali.helen@nimbuserp.com,work,False,False,False,False,False,https://nimbuserp.com,True,,True,False,,false,verified_in,,false,false
L1081,2026-04-26,Gary,Martin,gmartin@diffusia.io,Marketing Manager,diffusia,diffusia.io,,AI/ML software,GB,google,cpc,gpu-cloud-nonbrand,pending,Gary,Martin,diffusia,Marketing Manager,United Kingdom,False,pending,unknown,google,False,cpc,False,gpu-cloud-nonbrand,False,gmartin@diffusia.io,gmartin@diffusia.io,work,False,False,False,False,False,www.diffusia.io,True,,True,False,,false,ambiguous,,false,false
L1587,2026-04-12,Rajesh,Johnson,rjohnson@formcraft.com,NLP Engineer,Formcraft,formcraft.com,1000+,Software,BR,facebook,cpc,fb-q3-conversions,true,Rajesh,Johnson,Formcraft,NLP Engineer,BR,False,true,true,Facebook Ads,False,cpc,False,fb-q3-conversions,False,rjohnson@formcraft.com,rjohnson@formcraft.com,work,False,False,False,False,False,www.formcraft.com,True,,True,False,,false,verified_in,,false,false
L1845,2026-04-09,Larry,Campbell,larry.campbell@synthworks.ai,Applied Scientist,SynthWorks AI,synthworks.ai,11-50,AI/ML software,IN,linkedin,paid_social,serverless-launch,NULL,Larry,Campbell,SynthWorks AI,Applied Scientist,India,False,NULL,unknown,linkedin,False,paid_social,False,serverless-launch,False,larry.campbell@synthworks.ai,larry.campbell@synthworks.ai,work,False,False,False,False,False,https://synthworks.ai,True,,True,False,,false,ambiguous,,false,false
L1958,2026-04-25,Donna,Lopez,donnal@promptline.ai,VP of AI Infrastructure,,,,,GB,github,referral,docs-cta,unknown,DONNA,LOPEZ,,VP of AI Infrastructure,GB,False,unknown,unknown,github,False,referral,False,docs-cta,False,donnal@promptline.ai,donnal@promptline.ai,work,False,False,False,False,False,,False,,True,False,,false,ambiguous,,false,false
L2343,2026-04-11,Dorothy,Lee,dorothy.lee@instech.edu,Hobbyist,Institute of Technology,instech.edu,1000+,Education,CA,producthunt,referral,launch,,Dorothy,Lee,Institute of Technology,Hobbyist,CA,False,,unknown,producthunt,False,referral,False,launch,False,dorothy.lee@instech.edu,dorothy.lee@instech.edu,work,False,False,True,False,False,https://instech.edu,True,,True,False,,false,ambiguous,,false,false
L1179,2026-05-16,Sofia,Adams,sofiaa@northernuni.edu,Indie hacker,northern university,northernuni.edu,,,SG,,,,,Sofia,Adams,northern university,Indie hacker,Singapore,False,,unknown,(direct),True,(none),True,,True,sofiaa@northernuni.edu,sofiaa@northernuni.edu,work,False,False,True,False,False,www.northernuni.edu,True,,True,False,,false,ambiguous,,false,false
L1877,2026-04-16,Wei,Roberts,weir@axonresearch.ai,Project Manager,Axon Research,axonresearch.ai,11-50,,BR,linkedin,paid_social,serverless-launch,Yes,WEI, roberts,Axon Research,Project Manager,brazil,False,Yes,true,linkedin,False,paid_social,False,serverless-launch,False,weir@axonresearch.ai,weir@axonresearch.ai,work,False,False,False,False,False,https://axonresearch.ai,True,,True,False,,false,verified_in,,false,false
L2208,2026-04-13,Debra,Lewis,lewis.debra@legalmind.ai,Financial Analyst,LEGALMIND AI,legalmind.ai,201-500,AI/ML software,SG,reddit,social,r-machinelearning,1,Debra,Lewis,LEGALMIND AI  ,Financial Analyst,SG,False,1,true,reddit,False,social,False,r-machinelearning,False,lewis.debra@legalmind.ai,lewis.debra@legalmind.ai,work,False,False,False,False,False,https://legalmind.ai,True,,True,False,,false,verified_in,,false,false
L2180,2026-06-04,Cynthia,Ramirez,ramirez.cynthia@neuralight.io,,,,,,US,,,,pending,Cynthia,Ramirez,,,United States,False,pending,unknown,undefined,True,undefined,True,,True,ramirez.cynthia@neuralight.io,ramirez.cynthia@neuralight.io,work,False,False,False,False,False,,False,,True,False,,false,ambiguous,,false,false
L1033,2026-05-15,Hans,Chen,chen.hans@formcraft.com,DevOps Engineer,Formcraft,,1000+,Software,ES,blog,referral,pricing-post,true,HANS,Chen,Formcraft,DevOps Engineer,España,False,true,true,blog,False,referral,False,pricing-post,False,chen.hans@formcraft.com,chen.hans@formcraft.com,work,False,False,False,False,False,,False,,True,False,,true,verified_in,,false,false
L2470,2026-06-17,Michael,Nelson,michael.nelson@signalfold.com,Data Scientist,Signalfold,,1000+,AI/ML software,JP,youtube,video,tutorial-series,unknown,Michael,Nelson,Signalfold,Data Scientist,JP,False,unknown,unknown,youtube,False,video,False,tutorial-series,False,michael.nelson@signalfold.com,michael.nelson@signalfold.com,work,False,False,False,False,False,,False,,True,False,,false,ambiguous,,false,false
L1443,2026-04-15,David,Lewis,david.lewis@brightqueue.io,founder/ceo,BrightQueue,,51-200,,IT,youtube,video,tutorial-series,,David,Lewis,BrightQueue,founder/ceo,IT,False,,unknown,youtube,False,video,False,tutorial-series,False,david.lewis@brightqueue.io,david.lewis@brightqueue.io,work,False,False,False,False,False,,False,,True,False,,true,ambiguous,EU / Consent Verification Needed,false,false
L1307,2026-04-02,Sofia,Taylor,sofia_taylor@opsfleet.com,VP of AI Infrastructure,opsfleet,opsfleet.com,1000+,Software,AU,youtube,video,tutorial-series,,sofia,Taylor,opsfleet,VP of AI Infrastructure  ,AU,False,,unknown,youtube,False,video,False,tutorial-series,False,sofia_taylor@opsfleet.com,sofia_taylor@opsfleet.com,work,False,False,False,False,False,https://opsfleet.com,True,,True,False,,false,verified_out,,false,false
L2044,2026-05-04,Yuki,Harris,harris.yuki@icloud.com,Freelancer,Central Polytechnic,centralpoly.edu,1000+,Education,US,producthunt,referral,launch,opted_in,Yuki,Harris,Central Polytechnic,Freelancer,united states,False,opted_in,true,producthunt,False,referral,False,launch,False,harris.yuki@icloud.com,harris.yuki@icloud.com,freemail,False,False,False,False,False,www.centralpoly.edu,True,,True,False,,false,verified_in,,false,false
L2111,2026-06-01,Justin,Harris,justin_harris@stacklinesoftware.com,Managing Partner,Stackline Software,stacklinesoftware.com,11-50,Software,US,github,referral,docs-cta,pending,Justin,Harris,Stackline Software, Managing Partner,United States,False,pending,unknown,github,False,referral,False,docs-cta,False,justin_harris@stacklinesoftware.com,justin_harris@stacklinesoftware.com,work,False,False,False,False,False,https://stacklinesoftware.com,True,,True,False,,false,ambiguous,,false,false
L2830,2026-05-28,Kevin,Tanaka,kevin_tanaka@northernuni.edu,Indie hacker,Northern University,northernuni.edu,1000+,,IE,github,referral,docs-cta,false,Kevin,Tanaka,Northern University  ,Indie hacker,IE,False,false,false,github,False,referral,False,docs-cta,False,kevin_tanaka@northernuni.edu,kevin_tanaka@northernuni.edu,work,False,False,True,False,False,https://northernuni.edu,True,kevin_tanaka@northernuni.edu,True,False,,true,verified_out,,false,true
L1012,2026-06-04,Deborah,Hassan,dhassan@yahoo.com,Graduate Student,Northern University,northernuni.edu,1000+,,,reddit,social,r-machinelearning,,Deborah, Hassan,Northern University,Graduate Student,,False,,unknown,reddit,False,social,False,r-machinelearning,False,dhassan@yahoo.com,dhassan@yahoo.com,freemail,False,False,False,False,False,https://northernuni.edu,True,,True,False,,false,ambiguous,,false,false
L1501,2026-05-21,Hans,Rivera,hans.rivera@apexautoparts.com,Technologist,Apex Auto Parts,apexautoparts.com,201-500,,NL,google,cpc,gpu-cloud-nonbrand,yes,Hans,Rivera,Apex Auto Parts,Technologist  ,The Netherlands,False,yes,true,google,False,cpc,False,gpu-cloud-nonbrand,False,hans.rivera@apexautoparts.com,hans.rivera@apexautoparts.com,work,False,False,False,False,False,www.apexautoparts.com,True,,True,False,,true,verified_in,,false,false
L2597,2026-05-31,Mark,Park,mark.park@bellavistarealty.com,Executive Assistant,Bella Vista Realty,bellavistarealty.com,201-500,Real estate,IN,facebook,cpc,fb-q3-conversions,yes,Mark,PARK,Bella Vista Realty,Executive Assistant,IN,False,yes,true,Facebook Ads,False,cpc,False,fb-q3-conversions,False,mark.park@bellavistarealty.com,mark.park@bellavistarealty.com,work,False,False,False,False,False,https://bellavistarealty.com,True,,True,False,,false,verified_in,,false,false
L2881,2026-06-19,sARAH,King,SKING@CODEWHARF.DEV,Independent Consultant,Codewharf,,1000+,Software,AU,twitter,social,launch-week,yes,sARAH,KING,Codewharf,Independent Consultant,AU,False,yes,true,twitter,False,social,False,launch-week,False,SKING@CODEWHARF.DEV,sking@codewharf.dev,work,False,False,False,False,False,,False,sking@codewharf.dev,True,False,,false,verified_in,,false,false
L1854,2026-06-01,Karen,Davis,karen.davis@instech.edu,Undergraduate,Institute of Technology,instech.edu,1000+,,IE,youtube,video,tutorial-series,granted,karen,DAVIS,Institute of Technology,Undergraduate,IE,False,granted,true,youtube,False,video,False,tutorial-series,False,karen.davis@instech.edu,karen.davis@instech.edu,work,False,False,True,False,False,www.instech.edu,True,,True,False,,true,verified_out,,false,true
L2097,2026-04-07,Benjamin,King,benjamin.king@opsfleet.com,SWE,Opsfleet,opsfleet.com,,,BR,google,cpc,brand-search-q3,,Benjamin, King,Opsfleet  ,SWE,BR,False,,unknown,google,False,cpc,False,brand-search-q3,False,benjamin.king@opsfleet.com,benjamin.king@opsfleet.com,work,False,False,False,False,False,https://opsfleet.com,True,,True,False,,false,ambiguous,,false,false
L1315,2026-06-24,Lars,Wagner,lars_wagner@tensorhive.ai,,TensorHive,,201-500,,IT,docs,referral,quickstart,unsubscribed,Lars,Wagner,TensorHive,,IT,False,unsubscribed,false,docs,False,referral,False,quickstart,False,lars_wagner@tensorhive.ai,lars_wagner@tensorhive.ai,work,True,False,False,False,False,,False,,True,False,,true,verified_out,,false,false
L2091,2026-05-07,Alexander,Ferrari,ferrari.alexander@northernuni.edu,PhD Candidate,northern university,northernuni.edu,1000+,,JP,twitter,social,launch-week,Yes, Alexander,ferrari,northern university,PhD Candidate,japan,False,Yes,true,twitter,False,social,False,launch-week,False,ferrari.alexander@northernuni.edu,ferrari.alexander@northernuni.edu,work,False,False,True,False,False,www.northernuni.edu,True,,True,False,,false,verified_in,,true,false
L1678,2026-04-15,Sofia,Martinez,sofia_martinez@luminaml.com,Social Media Manager,Lumina ML,,11-50,AI/ML software,,reddit,social,r-machinelearning,,Sofia,Martinez,Lumina ML,Social Media Manager,,False,,unknown,reddit,False,social,False,r-machinelearning,False,sofia_martinez@luminaml.com,sofia_martinez@luminaml.com,work,False,False,False,False,False,,False,,True,False,,false,verified_in,,false,false
L1615,2026-04-12,Jacob,Keller,keller.jacob@cascade-ai.com,DevOps Engineer,Cascade AI,cascade-ai.com,,AI/ML software,CA,,,,1,Jacob,Keller,Cascade AI,DevOps Engineer,Canada,False,1,true,null,True,null,True,null,True,keller.jacob@cascade-ai.com,keller.jacob@cascade-ai.com,work,False,False,False,False,False,https://cascade-ai.com,True,,True,False,,false,verified_in,,false,false
L1974,2026-04-24,Jennifer,Perez,jennifer.perez@formcraft.com,Executive Assistant,Formcraft,formcraft.com,1000+,,IN,producthunt,referral,launch,pending,Jennifer,Perez, Formcraft,Executive Assistant,india,False,pending,unknown,producthunt,False,referral,False,launch,False,jennifer.perez@formcraft.com,jennifer.perez@formcraft.com,work,False,False,False,False,False,www.formcraft.com,True,,True,False,,false,ambiguous,,false,false
L2024,2026-05-04,Jonathan,Sharma,jonathans@nimbuserp.com,Deep Learning Engineer,Nimbus ERP,nimbuserp.com,1000+,Software,JP,youtube,video,tutorial-series,unknown,Jonathan,Sharma,Nimbus ERP,Deep Learning Engineer,JP,False,unknown,unknown,youtube,False,video,False,tutorial-series,False,jonathans@nimbuserp.com,jonathans@nimbuserp.com,work,False,False,False,False,False,https://nimbuserp.com,True,,True,False,,false,ambiguous,,false,false
L1802,2026-04-17,Elizabeth,Mitchell,elizabeth.mitchell@instech.edu,Freelancer,INSTITUTE OF TECHNOLOGY,instech.edu,,,IT,google,cpc,gpu-cloud-nonbrand,granted,elizabeth,Mitchell,INSTITUTE OF TECHNOLOGY,Freelancer,Italy,False,granted,true,google,False,cpc,False,gpu-cloud-nonbrand,False,elizabeth.mitchell@instech.edu,elizabeth.mitchell@instech.edu,work,False,False,True,False,False,www.instech.edu,True,elizabeth.mitchell@instech.edu,True,False,,true,verified_in,,false,false
L1703,2026-04-07,Nicholas,Johansson,johansson.nicholas@gmail.com,Senior Software Engineer,Formcraft,formcraft.com,1000+,Software,JP,blog,referral,pricing-post,NULL,Nicholas,Johansson,Formcraft  ,Senior Software Engineer,japan,False,NULL,unknown,blog,False,referral,False,pricing-post,False,johansson.nicholas@gmail.com,johansson.nicholas@gmail.com,freemail,False,False,False,False,False,https://formcraft.com,True,,True,False,,false,ambiguous,,false,false
L1939,2026-05-22,Nicole,Wright,wright.nicole@loopware.io,founder/ceo,Loopware,loopware.io,1000+,Software,IN,google,organic,,,Nicole,wright,Loopware, founder/ceo,india,False,,unknown,google,False,organic,False,,True,wright.nicole@loopware.io,wright.nicole@loopware.io,work,False,False,False,False,False,www.loopware.io,True,,True,False,,false,ambiguous,,false,false
L2222,2026-05-02,Jessica,Robinson,jrobinson@corticon.ai,Enthusiast,Corticon AI,corticon.ai,501-1000,AI/ML software,AU,,,,NULL,Jessica,Robinson,Corticon AI,Enthusiast,australia,False,NULL,unknown,test,True,test,True,test-campaign-DELETE,True,jrobinson@corticon.ai,jrobinson@corticon.ai,work,False,False,False,False,False,www.corticon.ai,True,,True,False,,false,verified_in,,false,false
L1134,2026-04-19,Michael,Young,myoung@instech.edu,MS Student,INSTITUTE OF TECHNOLOGY,instech.edu,1000+,Education,FR,newsletter,email,weekly-digest,granted,Michael,Young,INSTITUTE OF TECHNOLOGY,MS Student,france,False,granted,true,newsletter,False,email,False,weekly-digest,False,myoung@instech.edu,myoung@instech.edu,work,False,False,True,False,False,https://instech.edu,True,,True,False,,true,verified_in,,false,false
L1212,2026-06-05,Mark,Lee,mark_lee@maplegrovebakery.com,Head of Engineering,Maple Grove Bakery,,1-10,Food and beverage,CA,twitter,social,launch-week,pending,Mark,Lee,Maple Grove Bakery,Head of Engineering  ,CA,False,pending,unknown,twitter,False,social,False,launch-week,False,mark_lee@maplegrovebakery.com,mark_lee@maplegrovebakery.com,work,False,False,False,False,False,,False,,True,False,,false,verified_out,,false,false
L1093,2026-06-18,Ronald,Garcia,RONALDG@NORTHERNUNI.EDU,MS Student,Northern University,northernuni.edu,1000+,,CA,linkedin,paid_social,serverless-launch,true,Ronald,Garcia,Northern University,MS Student,CA,False,true,true,linkedin,False,paid_social,False,serverless-launch,False,RONALDG@NORTHERNUNI.EDU,ronaldg@northernuni.edu,work,False,False,True,False,False,www.northernuni.edu,True,,True,False,,false,verified_in,,false,false
L2214,2026-04-25,Alexander,Wagner,alexanderw@hotmail.com,VP of AI Infrastructure,Synapse Foundry,synapsefoundry.com,11-50,AI/ML software,CA,facebook,cpc,fb-q3-conversions,unknown,Alexander,wagner,Synapse Foundry,VP of AI Infrastructure,Canada,False,unknown,unknown,Facebook Ads,False,cpc,False,fb-q3-conversions,False,alexanderw@hotmail.com,alexanderw@hotmail.com,freemail,False,False,False,False,False,www.synapsefoundry.com,True,,True,False,,false,ambiguous,,false,false
L2445,2026-06-22,Nicholas,Hall,hall.nicholas@loopware.io,Sr. Data Scientist,Loopware,loopware.io,1000+,Software,AU,google,cpc,brand-search-q3,unknown,Nicholas,HALL  ,Loopware,Sr. Data Scientist,Australia,False,unknown,unknown,google,False,cpc,False,brand-search-q3,False,hall.nicholas@loopware.io,hall.nicholas@loopware.io,work,False,False,False,False,False,www.loopware.io,True,,True,False,,false,ambiguous,,false,false
L2565,2026-06-25,Wei,Lee,WEIL@GMAIL.COM,Platform Engineer,Codewharf,codewharf.dev,1000+,Software,IN,linkedin,paid_social,serverless-launch,,WEI,Lee,Codewharf,Platform Engineer,India,False,,unknown,linkedin,False,paid_social,False,serverless-launch,False,WEIL@GMAIL.COM,weil@gmail.com,freemail,False,False,False,False,False,https://codewharf.dev,True,,True,False,,false,ambiguous,,false,false
L2389,2026-05-08,Kevin,Thomas,kevin_thomas@vectorly.ai,,Vectorly AI,vectorly.ai,11-50,AI/ML software,PL,,,,no,kevin,Thomas,Vectorly AI,,poland,False,no,false,undefined,True,undefined,True,,True,kevin_thomas@vectorly.ai,kevin_thomas@vectorly.ai,work,False,False,False,False,False,www.vectorly.ai,True,,True,False,,true,verified_out,,false,false
L2129,2026-04-15,Amara,Hernandez,amara_hernandez@modelry.ai,Director of Platform Engineering,Modelry,modelry.ai,1-10,AI/ML software,US,facebook,social,q3,,Amara,Hernandez,Modelry,Director of Platform Engineering,United States,False,,unknown,fb_paid,False,social,False,q3,False,amara_hernandez@modelry.ai,amara_hernandez@modelry.ai,work,False,False,False,False,False,https://modelry.ai,True,,True,False,,false,ambiguous,,false,false
L2259,2026-06-21,Shirley,Moore,shirleym@apptide.com,Head of Engineering,Apptide,apptide.com,501-1000,Software,AU,email_blast,email,july-promo,granted,Shirley,Moore,Apptide,Head of Engineering,Australia,False,granted,true,email%20blast,False,e-mail,False,JULY%20PROMO,False,shirleym@apptide.com,shirleym@apptide.com,work,False,False,False,False,False,https://apptide.com,True,,True,False,,false,verified_in,,false,false
L1128,2026-06-13,Kenneth,Martinez,martinez.kenneth@diffusia.io,Platform Engineer,Diffusia,,1-10,AI/ML software,ES,youtube,video,tutorial-series,opted_in,Kenneth,Martinez,Diffusia,Platform Engineer,España,False,opted_in,true,youtube,False,video,False,tutorial-series,False,martinez.kenneth@diffusia.io,martinez.kenneth@diffusia.io,work,False,False,False,False,False,,False,,True,False,,true,verified_in,,false,true
L1510,2026-04-25,Amara,Lopez,amaral@harborviewlogistics.com,Head of ML,Harborview Logistics,harborviewlogistics.com,201-500,Logistics,NL,facebook,paid_social,fb_q3,,Amara,Lopez,Harborview Logistics,Head of ML,Netherlands,False,,unknown,facebook,False,Paid-Social,False,FB_Q3,False,amaral@harborviewlogistics.com,amaral@harborviewlogistics.com,work,False,False,False,False,False,www.harborviewlogistics.com,True,,True,False,,true,ambiguous,EU / Consent Verification Needed,false,false
L1684,2026-06-29,Donald,Ali,donald_ali@stacklinesoftware.com,VP Engineering,Stackline Software,stacklinesoftware.com,11-50,Software,IN,blog,referral,pricing-post,,DONALD,Ali,Stackline Software,VP Engineering,India,False,,unknown,blog,False,referral,False,pricing-post,False,donald_ali@stacklinesoftware.com,donald_ali@stacklinesoftware.com,work,False,False,False,False,False,https://stacklinesoftware.com,True,,True,False,,false,ambiguous,,false,false
L2671,2026-06-18,James,Kim,jamesk@hotmail.com,CTO,Relaymesh,relaymesh.io,51-200,,SG,facebook,paid_social,fb_q3,,James,Kim,Relaymesh,CTO,Singapore,False,,unknown,facebook,False,Paid-Social,False,FB_Q3,False,jamesk@hotmail.com,jamesk@hotmail.com,freemail,False,False,False,False,False,https://relaymesh.io,True,,True,False,,false,ambiguous,,false,false
L2590,2026-04-30,Edward,Novak,edward_novak@neuralight.io,Applied Scientist,NEURALIGHT,neuralight.io,201-500,AI/ML software,SG,facebook,paid_social,fb_q3,, Edward,Novak,NEURALIGHT,Applied Scientist,singapore,False,,unknown,facebook,False,Paid-Social,False,FB_Q3,False,edward_novak@neuralight.io,edward_novak@neuralight.io,work,False,False,False,False,False,www.neuralight.io,True,,True,False,,false,ambiguous,,false,false
L2160,2026-05-31,Samantha,Hill,hill.samantha@agentstack.dev,MS Student,,,,,SG,reddit,social,r-machinelearning,pending,Samantha  ,Hill,,MS Student,Singapore,False,pending,unknown,reddit,False,social,False,r-machinelearning,False,hill.samantha@agentstack.dev,hill.samantha@agentstack.dev,work,False,False,False,False,False,,False,,True,False,,false,verified_in,,false,false
L1909,2026-05-16,Kimberly,Robinson,kimberly.robinson@icloud.com,software engineer,,,,,JP,,,,,Kimberly,Robinson,,software engineer,JP,False,,unknown,test,True,test,True,test-campaign-DELETE,True,kimberly.robinson@icloud.com,kimberly.robinson@icloud.com,freemail,False,False,False,False,False,,False,,True,False,,false,ambiguous,,false,false
L1119,2026-06-09,Joshua,Weber,joshuaw@outlook.com,"vp, engineering",Mistletoe ML,mistletoeml.com,1000+,AI/ML software,NL,producthunt,referral,launch,,joshua,Weber,Mistletoe ML,"vp, engineering",NL,False,,unknown,producthunt,False,referral,False,launch,False,joshuaw@outlook.com,joshuaw@outlook.com,freemail,False,False,False,False,False,www.mistletoeml.com,True,,True,False,,true,ambiguous,EU / Consent Verification Needed,false,false
L1233,2026-05-06,Ronald,Hall,hall.ronald@copilothealth.ai,Financial Analyst,Copilot Health AI,copilothealth.ai,1-10,AI/ML software,BR,twitter,social,launch-week,yes,Ronald,Hall,Copilot Health AI,Financial Analyst,BR,False,yes,true,twitter,False,social,False,launch-week,False,hall.ronald@copilothealth.ai,hall.ronald@copilothealth.ai,work,False,False,False,False,False,https://copilothealth.ai,True,,True,False,,false,verified_in,,false,false
L1613,2026-06-24,Justin,Sato,sato.justin@axonresearch.ai,Head of MLOps,Axon Research,axonresearch.ai,11-50,,IT,reddit,social,r-machinelearning,,Justin, SATO,Axon Research,Head of MLOps,IT,False,,unknown,reddit,False,social,False,r-machinelearning,False,sato.justin@axonresearch.ai,sato.justin@axonresearch.ai,work,False,False,False,False,False,www.axonresearch.ai,True,,True,False,,true,verified_in,,false,false
L1384,2026-04-17,Lars,Mitchell,lars_mitchell@summitdentalgroup.com,VP Data & AI,Summit Dental Group,summitdentalgroup.com,,Healthcare,FR,producthunt,referral,launch,0,Lars,Mitchell,Summit Dental Group,VP Data & AI,FRA,False,0,false,producthunt,False,referral,False,launch,False,lars_mitchell@summitdentalgroup.com,lars_mitchell@summitdentalgroup.com,work,False,False,False,False,False,https://summitdentalgroup.com,True,,True,False,,true,verified_out,,false,false
L2856,2026-05-17,Christine,Rossi,christine.rossi@agentstack.dev,Social Media Manager,AgentStack,agentstack.dev,1000+,,SG,linkedin,paid_social,serverless-launch,NULL,Christine,Rossi,AgentStack,Social Media Manager,Singapore,False,NULL,unknown,linkedin,False,paid_social,False,serverless-launch,False,christine.rossi@agentstack.dev,christine.rossi@agentstack.dev,work,False,False,False,False,False,www.agentstack.dev,True,christine.rossi@agentstack.dev,True,True,job_title,false,ambiguous,,false,false
L1745,2026-06-27,Kimberly,Chen,kimberlyc@gridbase.dev,Independent Consultant,Gridbase,gridbase.dev,11-50,,SG,producthunt,referral,launch,,Kimberly,CHEN,Gridbase,Independent Consultant,SG,False,,unknown,producthunt,False,referral,False,launch,False,kimberlyc@gridbase.dev,kimberlyc@gridbase.dev,work,False,False,False,False,False,https://gridbase.dev,True,,True,False,,false,ambiguous,,false,false
L1429,2026-04-02,Carol,Lewis,carol.lewis@cascade-ai.com,Chief Technology Officer,Cascade AI,,51-200,AI/ML software,CA,blog,referral,pricing-post,,Carol,Lewis,Cascade AI,Chief Technology Officer,canada,False,,unknown,blog,False,referral,False,pricing-post,False,carol.lewis@cascade-ai.com,carol.lewis@cascade-ai.com,work,False,False,False,False,False,,False,,True,False,,false,ambiguous,,false,false
L1142,2026-04-24,Ronald,Garcia,rgarcia@brightqueue.io,Advisor,BrightQueue,,51-200,Software,CA,google,cpc,brand-search-q3,,ronald,Garcia,BrightQueue,Advisor,CA,False,,unknown,google,False,cpc,False,brand-search-q3,False,rgarcia@brightqueue.io,rgarcia@brightqueue.io,work,False,False,False,False,False,,False,,True,False,,false,verified_in,,false,false
L2375,2026-06-16,Larry,Rodriguez,rodriguez.larry@agentstack.dev,,AgentStack,,1000+,AI/ML software,AU,youtube,video,tutorial-series,,Larry,Rodriguez,AgentStack,,Australia,False,,unknown,youtube,False,video,False,tutorial-series,False,rodriguez.larry@agentstack.dev,rodriguez.larry@agentstack.dev,work,False,False,False,False,False,,False,,True,False,,false,ambiguous,,false,false
L1875,2026-06-08,Justin,Martin,justinm@hotmail.com,software engineer,LegalMind AI,legalmind.ai,201-500,AI/ML software,GB,docs,referral,quickstart,pending,Justin,Martin,LegalMind AI,software engineer,GB,False,pending,unknown,docs,False,referral,False,quickstart,False,justinm@hotmail.com,justinm@hotmail.com,freemail,False,False,False,False,False,https://legalmind.ai,True,,True,False,,false,verified_in,,false,false
L1989,2026-05-09,Richard,Novak,richard.novak@outlook.com,,Stackline Software,,11-50,Software,AU,youtube,video,tutorial-series,,Richard,Novak,Stackline Software  ,,australia,False,,unknown,youtube,False,video,False,tutorial-series,False,richard.novak@outlook.com,richard.novak@outlook.com,freemail,False,False,False,False,False,,False,,True,False,,false,verified_in,,false,true
L1986,2026-04-10,Helen,Flores,helen_flores@voxeldynamics.ai,MLOps Engineer,Voxel Dynamics,voxeldynamics.ai,51-200,AI/ML software,BR,blog,referral,pricing-post,granted,helen  ,Flores,Voxel Dynamics,MLOps Engineer,brazil,False,granted,true,blog,False,referral,False,pricing-post,False,helen_flores@voxeldynamics.ai,helen_flores@voxeldynamics.ai,work,False,False,False,False,False,https://voxeldynamics.ai,True,,True,False,,false,verified_in,,false,false
L1003,2026-06-24,Timothy,Rodriguez,TIMOTHY.RODRIGUEZ@GRIDBASE.DEV,Infrastructure Engineer,Gridbase,gridbase.dev,11-50,Software,US,github,referral,docs-cta,,Timothy,Rodriguez,Gridbase,Infrastructure Engineer,usa,False,,unknown,github,False,referral,False,docs-cta,False,TIMOTHY.RODRIGUEZ@GRIDBASE.DEV,timothy.rodriguez@gridbase.dev,work,False,False,False,False,False,https://gridbase.dev,True,,True,False,,false,ambiguous,,false,false
L2300,2026-06-09,Linda,Hansen,lindah@apptide.com,ML Engineer,apptide,apptide.com,501-1000,Software,NL,email_blast,email,july-promo,true,Linda,Hansen,apptide,ML Engineer,Netherlands,False,true,true,email%20blast,False,e-mail,False,JULY%20PROMO,False,lindah@apptide.com,lindah@apptide.com,work,False,False,False,False,False,https://apptide.com,True,lindah@apptide.com,True,False,,true,verified_in,,false,false
L2518,2026-04-28,Donna,Wilson,donna.wilson@modelry.ai,Marketing Manager,Modelry,modelry.ai,1-10,AI/ML software,US,blog,referral,pricing-post,unknown,Donna,Wilson,Modelry,Marketing Manager,usa,False,unknown,unknown,blog,False,referral,False,pricing-post,False,donna.wilson@modelry.ai,donna.wilson@modelry.ai,work,False,False,False,False,False,https://modelry.ai,True,,True,False,,false,ambiguous,,false,false
L1478,2026-05-02,Frank,Mitchell,frank_mitchell@fieldstonetech.com,VP Engineering,Fieldstone Tech,fieldstonetech.com,501-1000,,US,,,,,Frank,mitchell,Fieldstone Tech,VP Engineering,United States,False,,unknown,null,True,null,True,null,True,frank_mitchell@fieldstonetech.com,frank_mitchell@fieldstonetech.com,work,False,False,False,False,False,https://fieldstonetech.com,True,,True,False,,false,ambiguous,,false,false
L1340,2026-06-07,Gregory,Okafor,gregory_okafor@ridgewayconstruction.com,Chief Technology Officer,Ridgeway Construction,ridgewayconstruction.com,11-50,Construction,JP,linkedin,paid_social,serverless-launch,unknown,Gregory  ,Okafor,Ridgeway Construction,Chief Technology Officer,JP,False,unknown,unknown,linkedin,False,paid_social,False,serverless-launch,False,gregory_okafor@ridgewayconstruction.com,gregory_okafor@ridgewayconstruction.com,work,False,False,False,False,False,www.ridgewayconstruction.com,True,,True,False,,false,verified_in,,false,false
L1052,2026-06-04,Justin,Schmidt,justin.schmidt@gmail.com,Founder & CEO,LUMINA ML,luminaml.com,11-50,,SG,google,cpc,brand-search-q3,unknown,Justin,Schmidt,LUMINA ML  ,Founder & CEO,SG,False,unknown,unknown,google,False,cpc,False,brand-search-q3,False,justin.schmidt@gmail.com,justin.schmidt@gmail.com,freemail,False,False,False,False,False,www.luminaml.com,True,,True,False,,false,ambiguous,,false,false
L1905,2026-05-05,Donald,Allen,allen.donald@corticon.ai,sre,Corticon AI,corticon.ai,501-1000,AI/ML software,IE,docs,referral,quickstart,opted_out,Donald,Allen,Corticon AI,sre,ireland,False,opted_out,false,docs,False,referral,False,quickstart,False,allen.donald@corticon.ai,allen.donald@corticon.ai,work,False,False,False,False,False,www.corticon.ai,True,,True,False,,true,verified_out,,false,false
L1884,2026-05-30,Helen,Johnson,helen.johnson@paytrellis.com,Independent Consultant,PayTrellis,paytrellis.com,,Software,JP,producthunt,referral,launch,unknown,Helen,Johnson,PayTrellis,Independent Consultant,Japan,False,unknown,unknown,producthunt,False,referral,False,launch,False,helen.johnson@paytrellis.com,helen.johnson@paytrellis.com,work,False,False,False,False,False,https://paytrellis.com,True,helen.johnson@paytrellis.com,True,True,job_title,false,ambiguous,,false,false
L2530,2026-05-24,Thomas,Green,thomas_green@opsfleet.com,Co-founder,opsfleet,opsfleet.com,1000+,,CA,linkedin,paid_social,serverless-launch,,Thomas, Green,opsfleet,Co-founder,Canada,False,,unknown,linkedin,False,paid_social,False,serverless-launch,False,thomas_green@opsfleet.com,thomas_green@opsfleet.com,work,False,False,False,False,False,www.opsfleet.com,True,,True,False,,false,verified_in,,false,false
L1146,2026-05-13,Jennifer,Nelson,jennifern@luminaml.com,Infrastructure Engineer,Lumina ML,luminaml.com,,AI/ML software,IN,google,cpc,gpu-cloud-nonbrand,,Jennifer, Nelson,Lumina ML,Infrastructure Engineer,IN,False,,unknown,google,False,cpc,False,gpu-cloud-nonbrand,False,jennifern@luminaml.com,jennifern@luminaml.com,work,False,False,False,False,False,www.luminaml.com,True,,True,False,,false,ambiguous,,false,false
L2461,2026-06-28,Kevin,Nguyen,kevin_nguyen@stacklinesoftware.com,Head of Engineering,Stackline Software,stacklinesoftware.com,11-50,Software,US,linkedin,paid_social,serverless-launch,,kevin,Nguyen,Stackline Software,Head of Engineering,united states,False,,unknown,linkedin,False,paid_social,False,serverless-launch,False,kevin_nguyen@stacklinesoftware.com,kevin_nguyen@stacklinesoftware.com,work,False,False,False,False,False,https://stacklinesoftware.com,True,,True,False,,false,ambiguous,,false,false
L1967,2026-06-24,Amy,Johnson,amy_johnson@synapsefoundry.com,Infrastructure Engineer,Synapse Foundry,synapsefoundry.com,11-50,,AU,github,referral,docs-cta,NULL,Amy,Johnson, Synapse Foundry,Infrastructure Engineer,australia,False,NULL,unknown,github,False,referral,False,docs-cta,False,amy_johnson@synapsefoundry.com,amy_johnson@synapsefoundry.com,work,False,False,False,False,False,www.synapsefoundry.com,True,,True,False,,false,verified_in,,false,false
L1584,2026-05-30,Robert,Jones,robertj@shipmate.io,Senior Software Engineer,Shipmate,shipmate.io,201-500,Software,AU,google,cpc,brand-search-q3,NULL,robert,JONES,Shipmate  ,Senior Software Engineer,AU,False,NULL,unknown,google,False,cpc,False,brand-search-q3,False,robertj@shipmate.io,robertj@shipmate.io,work,False,False,False,False,False,www.shipmate.io,True,,True,False,,false,ambiguous,,false,false
L1283,2026-06-18,William,Torres,wtorres@fieldstonetech.com,Staff Engineer,Fieldstone Tech,fieldstonetech.com,501-1000,Software,US,reddit,social,r-machinelearning,,William,TORRES,Fieldstone Tech,Staff Engineer,usa,False,,unknown,reddit,False,social,False,r-machinelearning,False,wtorres@fieldstonetech.com,wtorres@fieldstonetech.com,work,False,False,False,False,False,www.fieldstonetech.com,True,,True,False,,false,verified_in,,false,false
L1161,2026-05-28,Kimberly,Anderson,kanderson@proton.me,PhD Student,State University,stateuniv.edu,,Education,SG,blog,referral,pricing-post,NULL,Kimberly,Anderson,State University,PhD Student,Singapore,False,NULL,unknown,blog,False,referral,False,pricing-post,False,kanderson@proton.me,kanderson@proton.me,freemail,False,False,False,False,False,www.stateuniv.edu,True,,True,False,,false,verified_in,,false,false
L1639,2026-05-26,Deborah,Robinson,deborah.robinson@evalhouse.ai,Head of MLOps,EvalHouse,evalhouse.ai,1-10,,GB,twitter,social,launch-week,NULL,Deborah,Robinson,EvalHouse,Head of MLOps,uk,False,NULL,unknown,twitter,False,social,False,launch-week,False,deborah.robinson@evalhouse.ai,deborah.robinson@evalhouse.ai,work,False,False,False,False,False,https://evalhouse.ai,True,,True,False,,false,ambiguous,,false,false
L1591,2026-05-08,Ashley,Thompson,ashleyt@orbitalmind.ai,Technical Consultant,Orbital Mind,orbitalmind.ai,201-500,,IN,facebook,cpc,fb-q3-conversions,NULL,Ashley,Thompson,Orbital Mind,Technical Consultant,India,False,NULL,unknown,Facebook Ads,False,cpc,False,fb-q3-conversions,False,ashleyt@orbitalmind.ai,ashleyt@orbitalmind.ai,work,False,False,False,False,False,www.orbitalmind.ai,True,,True,False,,false,verified_in,,false,true
L1324,2026-06-22,David,Hoffmann,DAVID_HOFFMANN@INFERRALABS.COM,Research Engineer,INFERRA LABS,inferralabs.com,1000+,AI/ML software,BR,facebook,paid,fb_q3,,David,Hoffmann,INFERRA LABS, Research Engineer,Brazil,False,,unknown,FB,False,paid,False,fb_q3,False,DAVID_HOFFMANN@INFERRALABS.COM,david_hoffmann@inferralabs.com,work,False,False,False,False,False,www.inferralabs.com,True,,True,False,,false,ambiguous,,false,false
L2532,2026-05-07,Betty,Keller,bettyk@yahoo.com,,Formcraft,formcraft.com,1000+,,CA,facebook,paid_social,fb_q3,true,Betty,KELLER, Formcraft,,Canada,False,true,true,facebook,False,Paid-Social,False,FB_Q3,False,bettyk@yahoo.com,bettyk@yahoo.com,freemail,False,False,False,False,False,https://formcraft.com,True,,True,False,,false,verified_in,,false,false
L1309,2026-05-15,Helen,Davis,helend@bluebirdtravel.com,Head of Platform,Bluebird Travel,bluebirdtravel.com,51-200,Travel,US,youtube,video,tutorial-series,NULL,Helen,Davis,Bluebird Travel,Head of Platform,USA,False,NULL,unknown,youtube,False,video,False,tutorial-series,False,helend@bluebirdtravel.com,helend@bluebirdtravel.com,work,False,False,False,False,False,https://bluebirdtravel.com,True,,True,False,,false,ambiguous,,false,false
L1260,2026-04-09,Brian,Baker,bbaker@agentstack.dev,Financial Analyst,AgentStack,agentstack.dev,1000+,AI/ML software,,google,organic,,pending,Brian  ,Baker,AgentStack,Financial Analyst,,False,pending,unknown,google,False,organic,False,,True,bbaker@agentstack.dev,bbaker@agentstack.dev,work,False,False,False,False,False,www.agentstack.dev,True,,True,False,,false,verified_out,,true,false
L2665,2026-05-01,Jonathan,Lopez,jonathan.lopez@greenleaflandscaping.com,ml engineer,GreenLeaf Landscaping,greenleaflandscaping.com,51-200,Services,IN,blog,referral,pricing-post,pending,Jonathan,Lopez,GreenLeaf Landscaping  ,ml engineer,India,False,pending,unknown,blog,False,referral,False,pricing-post,False,jonathan.lopez@greenleaflandscaping.com,jonathan.lopez@greenleaflandscaping.com,work,False,False,False,False,False,https://greenleaflandscaping.com,True,,True,False,,false,verified_in,,false,true
L2399,2026-05-01,Matthew,Johnson,matthewj@securexsystems.com,Founder,Securex Systems,securexsystems.com,1-10,Software,AU,youtube,video,tutorial-series,,Matthew,Johnson,Securex Systems,Founder,australia,False,,unknown,youtube,False,video,False,tutorial-series,False,matthewj@securexsystems.com,matthewj@securexsystems.com,work,False,False,False,False,False,www.securexsystems.com,True,,True,False,,false,verified_in,,false,false
L1915,2026-05-14,Debra,Lee,debra_lee@ragpipe.dev,SWE,RagPipe,,501-1000,AI/ML software,GB,email_blast,email,july-promo,1,Debra,Lee,RagPipe  ,SWE,UK,False,1,true,email%20blast,False,e-mail,False,JULY%20PROMO,False,debra_lee@ragpipe.dev,debra_lee@ragpipe.dev,work,False,False,False,False,False,,False,debra_lee@ragpipe.dev,True,False,,false,verified_in,,false,false
L2433,2026-06-07,Brian,Johansson,bjohansson@apexautoparts.com,Sales Development Rep,Apex Auto Parts,apexautoparts.com,,,PL,facebook,cpc,fb-q3-conversions,NULL,BRIAN,johansson,Apex Auto Parts,Sales Development Rep  ,Poland,False,NULL,unknown,Facebook Ads,False,cpc,False,fb-q3-conversions,False,bjohansson@apexautoparts.com,bjohansson@apexautoparts.com,work,False,False,False,False,False,www.apexautoparts.com,True,bjohansson@apexautoparts.com,True,False,,true,ambiguous,EU / Consent Verification Needed,false,false
L1676,2026-06-14,Patricia,Mitchell,patricia.mitchell@signalfold.com,,Signalfold,signalfold.com,1000+,AI/ML software,CA,google,organic,,granted,Patricia,Mitchell,Signalfold,,canada,False,granted,true,google,False,organic,False,,True,patricia.mitchell@signalfold.com,patricia.mitchell@signalfold.com,work,False,False,False,False,False,www.signalfold.com,True,,True,False,,false,verified_in,,false,false
L1947,2026-05-18,Matthew,Kumar,matthew.kumar@stacklinesoftware.com,Head of MLOps,stackline software,,11-50,Software,AU,reddit,social,r-machinelearning,unknown,Matthew,Kumar,stackline software,Head of MLOps,Australia,False,unknown,unknown,reddit,False,social,False,r-machinelearning,False,matthew.kumar@stacklinesoftware.com,matthew.kumar@stacklinesoftware.com,work,False,False,False,False,False,,False,,True,False,,false,ambiguous,,false,false
L1150,2026-04-02,Robert,Kim,robertk@gradientpeak.ai,VP of AI Infrastructure,Gradient Peak,gradientpeak.ai,201-500,AI/ML software,IN,github,referral,docs-cta,NULL,Robert,kim,Gradient Peak,VP of AI Infrastructure,India,False,NULL,unknown,github,False,referral,False,docs-cta,False,robertk@gradientpeak.ai,robertk@gradientpeak.ai,work,False,False,False,False,False,https://gradientpeak.ai,True,,True,False,,false,ambiguous,,false,false
L2474,2026-04-22,Anna,Smith,smith.anna@cloudspan.dev,Fractional CTO,,,,,SG,,,,,Anna,Smith,,Fractional CTO,singapore,False,,unknown,test,True,test,True,test-campaign-DELETE,True,smith.anna@cloudspan.dev,smith.anna@cloudspan.dev,work,False,False,False,False,False,,False,,True,False,,false,verified_in,,true,false
L2277,2026-05-03,Eric,Johansson,ericj@outlook.com,MLOps Engineer,Opsfleet,opsfleet.com,1000+,,JP,facebook,paid_social,fb_q3,1,Eric,Johansson,Opsfleet,MLOps Engineer,Japan,False,1,true,facebook,False,Paid-Social,False,FB_Q3,False,ericj@outlook.com,ericj@outlook.com,freemail,False,False,False,False,False,www.opsfleet.com,True,,True,False,,false,verified_in,,false,false
L1785,2026-04-25,Melissa,Fischer,FISCHER.MELISSA@LEDGERWORKS.COM,VP of AI Infrastructure,LEDGERWORKS,ledgerworks.com,51-200,Software,SE,twitter,social,launch-week,NULL,Melissa,fischer,LEDGERWORKS, VP of AI Infrastructure,sweden,False,NULL,unknown,twitter,False,social,False,launch-week,False,FISCHER.MELISSA@LEDGERWORKS.COM,fischer.melissa@ledgerworks.com,work,False,False,False,False,False,www.ledgerworks.com,True,,True,False,,true,ambiguous,EU / Consent Verification Needed,false,false
L1396,2026-06-08,Joseph,Ali,JOSEPH_ALI@PEAKFITNESSSTUDIOS.COM,Principal,Peak Fitness Studios,peakfitnessstudios.com,51-200,Fitness,GB,producthunt,referral,launch,,joseph,Ali,Peak Fitness Studios,Principal,UK,False,,unknown,producthunt,False,referral,False,launch,False,JOSEPH_ALI@PEAKFITNESSSTUDIOS.COM,joseph_ali@peakfitnessstudios.com,work,False,False,False,False,False,www.peakfitnessstudios.com,True,,True,False,,false,ambiguous,,false,false
L1520,2026-06-01,Wei,Tanaka,tanaka.wei@legalmind.ai,Founder,LegalMind AI,legalmind.ai,201-500,AI/ML software,CA,,,,pending,Wei,Tanaka,LegalMind AI,Founder,canada,False,pending,unknown,{{utm_source}},True,{{utm_medium}},True,{{utm_campaign}},True,tanaka.wei@legalmind.ai,tanaka.wei@legalmind.ai,work,False,False,False,False,False,www.legalmind.ai,True,,True,False,,false,ambiguous,,false,false
L1338,2026-05-09,Michelle,Smith,michelle.smith@proton.me,,Northern University,northernuni.edu,1000+,Education,GB,google,cpc,gpu-cloud-nonbrand,,Michelle,Smith,Northern University,,UK,False,,unknown,google,False,cpc,False,gpu-cloud-nonbrand,False,michelle.smith@proton.me,michelle.smith@proton.me,freemail,False,False,False,False,False,www.northernuni.edu,True,,True,False,,false,verified_in,,false,false
L1264,2026-05-25,Debra,Jackson,debra_jackson@gmail.com,software engineer,Finetune Labs,finetunelabs.com,1-10,AI/ML software,CA,youtube,video,tutorial-series,pending,Debra,Jackson,Finetune Labs,software engineer,CA,False,pending,unknown,youtube,False,video,False,tutorial-series,False,debra_jackson@gmail.com,debra_jackson@gmail.com,freemail,False,False,False,False,False,https://finetunelabs.com,True,,True,False,,false,ambiguous,,false,false
L2405,2026-04-29,Christine,Hoffmann,christine.hoffmann@quantumnails.com,Social Media Manager,quantum nails salon,,51-200,Beauty,SG,youtube,video,tutorial-series,pending,Christine,Hoffmann,quantum nails salon,Social Media Manager,singapore,False,pending,unknown,youtube,False,video,False,tutorial-series,False,christine.hoffmann@quantumnails.com,christine.hoffmann@quantumnails.com,work,False,False,False,False,False,,False,,True,False,,false,ambiguous,,false,false
L1893,2026-06-03,Deborah,Young,deborahy@voiceforge.ai,NLP Engineer,VoiceForge,voiceforge.ai,51-200,,AU,newsletter,email,weekly-digest,,Deborah,Young,VoiceForge,NLP Engineer,australia,False,,unknown,newsletter,False,email,False,weekly-digest,False,deborahy@voiceforge.ai,deborahy@voiceforge.ai,work,False,False,False,False,False,www.voiceforge.ai,True,,True,False,,false,verified_in,,true,false
L1643,2026-04-23,Sharon,Mitchell,mitchell.sharon@nimbuserp.com,Fractional CTO,Nimbus ERP,nimbuserp.com,,Software,BR,google,organic,,NULL,Sharon,Mitchell,Nimbus ERP,Fractional CTO,Brazil,False,NULL,unknown,google,False,organic,False,,True,mitchell.sharon@nimbuserp.com,mitchell.sharon@nimbuserp.com,work,False,False,False,False,False,https://nimbuserp.com,True,,True,False,,false,ambiguous,,false,false
L1156,2026-05-24,Steven,Fischer,FISCHER.STEVEN@BLUEBIRDTRAVEL.COM,Product Marketing Manager,Bluebird Travel,bluebirdtravel.com,51-200,,AU,,,,,steven,Fischer,Bluebird Travel, Product Marketing Manager,Australia,False,,unknown,undefined,True,undefined,True,,True,FISCHER.STEVEN@BLUEBIRDTRAVEL.COM,fischer.steven@bluebirdtravel.com,work,False,False,False,False,False,www.bluebirdtravel.com,True,,True,False,,false,ambiguous,,false,false
L1651,2026-06-30,Daniel,Sanchez,daniel.sanchez@voxeldynamics.ai,Owner,Voxel Dynamics,voxeldynamics.ai,51-200,AI/ML software,IT,reddit,social,r-machinelearning,TRUE,DANIEL,Sanchez,Voxel Dynamics,Owner,IT,False,TRUE,true,reddit,False,social,False,r-machinelearning,False,daniel.sanchez@voxeldynamics.ai,daniel.sanchez@voxeldynamics.ai,work,False,False,False,False,False,https://voxeldynamics.ai,True,,True,False,,true,verified_in,,false,false
L2796,2026-06-19,Qwerty,Qwerty,qwerty123@gmail.com,hacker,,,,,,,,,,qwerty,qwerty,,hacker,,False,,unknown,{{utm_source}},True,,True,,True,qwerty123@gmail.com,qwerty123@gmail.com,freemail,False,False,False,False,False,,False,qwerty123@gmail.com,True,False,,false,verified_in,,false,false
L2763,2026-06-05,Sarah,Smith,sarah_smith@cascade-ai.com,Office Manager,Cascade AI,cascade-ai.com,51-200,AI/ML software,FR,github,referral,docs-cta,1,Sarah,SMITH,Cascade AI,Office Manager,FR,False,1,true,github,False,referral,False,docs-cta,False,sarah_smith@cascade-ai.com,sarah_smith@cascade-ai.com,work,False,False,False,False,False,www.cascade-ai.com,True,,True,False,,true,verified_out,,false,false
L2483,2026-06-27,Linda,Hernandez,linda.hernandez@diffusia.io,Platform Engineer,Diffusia,,1-10,AI/ML software,IT,google,cpc,gpu-cloud-nonbrand,1,Linda  ,Hernandez,Diffusia, Platform Engineer,italy,False,1,true,google,False,cpc,False,gpu-cloud-nonbrand,False,linda.hernandez@diffusia.io,linda.hernandez@diffusia.io,work,False,False,False,False,False,,False,,True,False,,true,verified_in,,false,false
L1436,2026-05-14,Emma,Ferrari,emma_ferrari@synthworks.ai,Senior ML Engineer,SYNTHWORKS AI,synthworks.ai,11-50,AI/ML software,CA,reddit,social,r-machinelearning,,Emma,Ferrari,SYNTHWORKS AI, Senior ML Engineer,canada,False,,unknown,reddit,False,social,False,r-machinelearning,False,emma_ferrari@synthworks.ai,emma_ferrari@synthworks.ai,work,False,False,False,False,False,www.synthworks.ai,True,,True,False,,false,ambiguous,,false,false
L2559,2026-05-31,Donna,Flores,donna.flores@legalmind.ai,VP of Engineering,LegalMind AI,legalmind.ai,,AI/ML software,AU,producthunt,referral,launch,,DONNA,Flores,LegalMind AI,VP of Engineering,australia,False,,unknown,producthunt,False,referral,False,launch,False,donna.flores@legalmind.ai,donna.flores@legalmind.ai,work,False,False,False,False,False,www.legalmind.ai,True,,True,False,,false,ambiguous,,false,false
L1082,2026-05-30,Steven,Smith,smith.steven@ledgerworks.com,Sales Development Rep,LedgerWorks,ledgerworks.com,51-200,,SG,,,,pending,STEVEN,Smith,LedgerWorks,Sales Development Rep,SG,False,pending,unknown,null,True,null,True,null,True,smith.steven@ledgerworks.com,smith.steven@ledgerworks.com,work,False,False,False,False,False,www.ledgerworks.com,True,,True,False,,false,ambiguous,,false,false
L2621,2026-06-26,Emily,Kumar,emily.kumar@cascade-ai.com,Computer Vision Engineer,Cascade AI,cascade-ai.com,51-200,AI/ML software,SE,reddit,social,r-machinelearning,opted_in,Emily,Kumar,Cascade AI,Computer Vision Engineer,Sweden,False,opted_in,true,reddit,False,social,False,r-machinelearning,False,emily.kumar@cascade-ai.com,emily.kumar@cascade-ai.com,work,False,False,False,False,False,https://cascade-ai.com,True,,True,False,,true,verified_in,,false,false
L2386,2026-06-23,Sandra,Kim,skim@formcraft.com,Head of Data Science,Formcraft,formcraft.com,1000+,Software,AU,google,cpc,brand-search-q3,,SANDRA,Kim,Formcraft,Head of Data Science,Australia,False,,unknown,google,False,cpc,False,brand-search-q3,False,skim@formcraft.com,skim@formcraft.com,work,False,False,False,False,False,https://formcraft.com,True,,True,False,,false,verified_in,,false,false
L2380,2026-04-03,Patrick,Tanaka,patrickt@opsfleet.com,Backend Engineer,Opsfleet,opsfleet.com,1000+,Software,ES,facebook,paid_social,fb_q3,granted,Patrick,Tanaka,Opsfleet,Backend Engineer,ES,False,granted,true,facebook,False,Paid-Social,False,FB_Q3,False,patrickt@opsfleet.com,patrickt@opsfleet.com,work,False,False,False,False,False,https://opsfleet.com,True,,True,False,,true,verified_in,,false,false
L1872,2026-06-29,Stephen,Martinez,smartinez@embediq.ai,MLOps Engineer,EmbedIQ,,1000+,AI/ML software,SG,blog,referral,pricing-post,1,Stephen,Martinez,EmbedIQ  ,MLOps Engineer,singapore,False,1,true,blog,False,referral,False,pricing-post,False,smartinez@embediq.ai,smartinez@embediq.ai,work,False,False,False,False,False,,False,,True,False,,false,verified_in,,false,false
L2035,2026-04-03,Sandra,Young,young.sandra@axonresearch.ai,VP Engineering,Axon Research,axonresearch.ai,11-50,,AU,linkedin,paid_social,serverless-launch,,Sandra,Young,Axon Research,VP Engineering,australia,False,,unknown,linkedin,False,paid_social,False,serverless-launch,False,young.sandra@axonresearch.ai,young.sandra@axonresearch.ai,work,False,False,False,False,False,https://axonresearch.ai,True,,True,False,,false,verified_out,,true,false
L2680,2026-05-05,Rebecca,Rodriguez,rebecca_rodriguez@deepharbor.ai,Head of AI,DeepHarbor,deepharbor.ai,201-500,AI/ML software,BR,twitter,social,launch-week,,Rebecca,Rodriguez,DeepHarbor,Head of AI,brazil,False,,unknown,twitter,False,social,False,launch-week,False,rebecca_rodriguez@deepharbor.ai,rebecca_rodriguez@deepharbor.ai,work,False,False,False,False,False,https://deepharbor.ai,True,,True,False,,false,ambiguous,,false,false
L2648,2026-06-08,Hans,Ali,ali.hans@ledgerworks.com,SWE,,,,,IT,twitter,social,launch-week,TRUE,Hans, Ali,,SWE,italy,False,TRUE,true,twitter,False,social,False,launch-week,False,ali.hans@ledgerworks.com,ali.hans@ledgerworks.com,work,False,False,False,False,False,,False,,True,False,,true,verified_in,,false,false
L1447,2026-06-13,Daniel,Roberts,daniel_roberts@neuralmarketing.co,Head of AI,Neural Marketing Co,neuralmarketing.co,1-10,Marketing agency,IT,linkedin,paid_social,serverless-launch,1,Daniel,Roberts,Neural Marketing Co,Head of AI,IT,False,1,true,linkedin,False,paid_social,False,serverless-launch,False,daniel_roberts@neuralmarketing.co,daniel_roberts@neuralmarketing.co,work,False,False,False,False,False,www.neuralmarketing.co,True,,True,False,,true,verified_in,,false,false
L1475,2026-06-20,Mei,Roberts,mei.roberts@neuralmarketing.co,Head of Engineering,Neural Marketing Co,neuralmarketing.co,1-10,Marketing agency,PL,producthunt,referral,launch,Yes,Mei,Roberts,Neural Marketing Co, Head of Engineering,poland,False,Yes,true,producthunt,False,referral,False,launch,False,mei.roberts@neuralmarketing.co,mei.roberts@neuralmarketing.co,work,False,False,False,False,False,https://neuralmarketing.co,True,,True,False,,true,verified_in,,false,false
L1392,2026-04-22,Stephanie,Jones,jones.stephanie@nimbuserp.com,Machine Learning Engineer,Nimbus ERP,nimbuserp.com,1000+,Software,,twitter,social,launch-week,NULL,Stephanie,Jones,Nimbus ERP,Machine Learning Engineer,,False,NULL,unknown,twitter,False,social,False,launch-week,False,jones.stephanie@nimbuserp.com,jones.stephanie@nimbuserp.com,work,False,False,False,False,False,www.nimbuserp.com,True,,True,False,,false,verified_in,,false,false
L1954,2026-06-04,Kimberly,Wagner,kimberlyw@relaymesh.io,DevOps Engineer,Relaymesh,relaymesh.io,51-200,Software,US,google,cpc,brand-search-q3,unknown,Kimberly,Wagner  ,Relaymesh,DevOps Engineer,USA,False,unknown,unknown,google,False,cpc,False,brand-search-q3,False,kimberlyw@relaymesh.io,kimberlyw@relaymesh.io,work,False,False,False,False,False,www.relaymesh.io,True,,True,False,,false,ambiguous,,false,false
L1115,2026-04-13,Amanda,Campbell,amandac@synthworks.ai,Staff Engineer,SynthWorks AI,,11-50,AI/ML software,AU,twitter,social,launch-week,,Amanda,Campbell,SynthWorks AI,Staff Engineer,australia,False,,unknown,twitter,False,social,False,launch-week,False,amandac@synthworks.ai,amandac@synthworks.ai,work,False,False,False,False,False,,False,amandac@synthworks.ai,True,False,,false,verified_out,,false,true
L2000,2026-04-25,Sandra,Allen,sandra_allen@finetunelabs.com,AI Engineer,,,,,IE,twitter,social,launch-week,TRUE,Sandra,Allen,,AI Engineer  ,ireland,False,TRUE,true,twitter,False,social,False,launch-week,False,sandra_allen@finetunelabs.com,sandra_allen@finetunelabs.com,work,False,False,False,False,False,,False,,True,False,,true,verified_in,,false,false
L2722,2026-06-17,Donna,Jackson,djackson@axonresearch.ai,Applied Scientist,axon research,,,,GB,twitter,social,launch-week,NULL,Donna,jackson,axon research,Applied Scientist,UK,False,NULL,unknown,twitter,False,social,False,launch-week,False,djackson@axonresearch.ai,djackson@axonresearch.ai,work,False,False,False,False,False,,False,,True,False,,false,ambiguous,,false,false
L2293,2026-06-12,Michael,Weber,michael_weber@gridbase.dev,Data Scientist,Gridbase,gridbase.dev,11-50,Software,AU,blog,referral,pricing-post,unknown,Michael,Weber,Gridbase,Data Scientist,Australia,False,unknown,unknown,blog,False,referral,False,pricing-post,False,michael_weber@gridbase.dev,michael_weber@gridbase.dev,work,False,False,False,False,False,https://gridbase.dev,True,,True,False,,false,ambiguous,,false,false
L1936,2026-05-25,Gregory,Sanchez,gsanchez@centralpoly.edu,PhD Candidate,Central Polytechnic,centralpoly.edu,1000+,Education,BR,,,,,Gregory,Sanchez,Central Polytechnic,PhD Candidate  ,BR,False,,unknown,undefined,True,undefined,True,,True,gsanchez@centralpoly.edu,gsanchez@centralpoly.edu,work,False,False,True,False,False,www.centralpoly.edu,True,,True,False,,false,ambiguous,,false,false
L2254,2026-05-16,Angela,Moore,angelam@voxeldynamics.ai,Social Media Manager,VOXEL DYNAMICS,,51-200,,CA,newsletter,email,weekly-digest,,Angela,Moore,VOXEL DYNAMICS,Social Media Manager,canada,False,,unknown,newsletter,False,email,False,weekly-digest,False,angelam@voxeldynamics.ai,angelam@voxeldynamics.ai,work,False,False,False,False,False,,False,,True,False,,false,verified_in,,false,true
L1070,2026-04-02,Jeffrey,Hernandez,jeffrey.hernandez@securexsystems.com,Managing Partner,Securex Systems,securexsystems.com,1-10,Software,CA,facebook,social,q3,NULL,Jeffrey,Hernandez,Securex Systems,Managing Partner,canada,False,NULL,unknown,fb_paid,False,social,False,q3,False,jeffrey.hernandez@securexsystems.com,jeffrey.hernandez@securexsystems.com,work,False,False,False,False,False,www.securexsystems.com,True,,True,False,,false,ambiguous,,false,false
L1560,2026-04-22,Fatima,Lewis,fatimal@icloud.com,HR Manager,Cloudspan,,51-200,Software,CA,facebook,paid,fb_q3,unknown,Fatima,Lewis,Cloudspan,HR Manager,Canada,False,unknown,unknown,FB,False,paid,False,fb_q3,False,fatimal@icloud.com,fatimal@icloud.com,freemail,False,False,False,False,False,,False,,True,False,,false,verified_in,,false,false
L2014,2026-06-30,Mei,Sharma,MSHARMA@LEDGERWORKS.COM,Recruiter,LedgerWorks,ledgerworks.com,51-200,Software,NL,google,cpc,brand-search-q3,yes,Mei  ,Sharma,LedgerWorks,Recruiter,The Netherlands,False,yes,true,google,False,cpc,False,brand-search-q3,False,MSHARMA@LEDGERWORKS.COM,msharma@ledgerworks.com,work,False,False,False,False,False,https://ledgerworks.com,True,,True,False,,true,verified_in,,true,false
L2239,2026-05-17,Kathleen,Johnson,KATHLEENJ@CLOUDSPAN.DEV,Computer Vision Engineer,Cloudspan,cloudspan.dev,,Software,DE,twitter,social,launch-week,granted, KATHLEEN,JOHNSON,Cloudspan, Computer Vision Engineer,germany,False,granted,true,twitter,False,social,False,launch-week,False,KATHLEENJ@CLOUDSPAN.DEV,kathleenj@cloudspan.dev,work,False,False,False,False,False,https://cloudspan.dev,True,,True,False,,true,verified_in,,false,false
L1037,2026-05-21,Sarah,Hill,sarahh@opsfleet.com,Financial Analyst,OPSFLEET,opsfleet.com,1000+,Software,CA,docs,referral,quickstart,,Sarah,Hill,OPSFLEET,Financial Analyst,Canada,False,,unknown,docs,False,referral,False,quickstart,False,sarahh@opsfleet.com,sarahh@opsfleet.com,work,False,False,False,False,False,https://opsfleet.com,True,,True,False,,false,ambiguous,,false,false
L2054,2026-06-30,Anthony,Wright,anthony_wright@instech.edu,Freelancer,,,,,SG,linkedin,paid_social,serverless-launch,,Anthony,Wright,,Freelancer,Singapore,False,,unknown,linkedin,False,paid_social,False,serverless-launch,False,anthony_wright@instech.edu,anthony_wright@instech.edu,work,False,False,True,False,False,,False,,True,False,,false,ambiguous,,false,false
L2260,2026-06-12,Jessica,Garcia,jessica.garcia@vectorly.ai,Data Scientist,Vectorly AI,vectorly.ai,11-50,AI/ML software,SG,docs,referral,quickstart,,Jessica,Garcia,Vectorly AI,Data Scientist,Singapore,False,,unknown,docs,False,referral,False,quickstart,False,jessica.garcia@vectorly.ai,jessica.garcia@vectorly.ai,work,False,False,False,False,False,www.vectorly.ai,True,,True,False,,false,verified_in,,false,false
L2551,2026-05-25,Kathleen,Schulz,KATHLEENS@EMBEDIQ.AI,Sales Development Rep,,,,,JP,blog,referral,pricing-post,opted_in,Kathleen,Schulz,,Sales Development Rep,JP,False,opted_in,true,blog,False,referral,False,pricing-post,False,KATHLEENS@EMBEDIQ.AI,kathleens@embediq.ai,work,False,False,False,False,False,,False,,True,False,,false,verified_in,,false,false
L1629,2026-04-08,Daniel,Nelson,daniel_nelson@yahoo.com,Owner,Corticon AI,,501-1000,AI/ML software,PL,linkedin,paid_social,serverless-launch,unsubscribed,Daniel,Nelson,Corticon AI  ,Owner,PL,False,unsubscribed,false,linkedin,False,paid_social,False,serverless-launch,False,daniel_nelson@yahoo.com,daniel_nelson@yahoo.com,freemail,False,False,False,False,False,,False,,True,False,,true,verified_out,,false,false
L1224,2026-06-04,Thomas,Ferrari,tferrari@neuralmarketing.co,VP of AI Infrastructure,Neural Marketing Co,neuralmarketing.co,1-10,Marketing agency,SE,facebook,social,q3,unknown,thomas  ,Ferrari,Neural Marketing Co, VP of AI Infrastructure,sweden,False,unknown,unknown,fb_paid,False,social,False,q3,False,tferrari@neuralmarketing.co,tferrari@neuralmarketing.co,work,False,False,False,False,False,www.neuralmarketing.co,True,,True,False,,true,verified_in,,false,true
L1574,2026-06-23,Fatima,Lee,lee.fatima@cloudspan.dev,sre,,,,,GB,email_blast,email,july-promo,unknown,Fatima,LEE,,sre,UK,False,unknown,unknown,email%20blast,False,e-mail,False,JULY%20PROMO,False,lee.fatima@cloudspan.dev,lee.fatima@cloudspan.dev,work,False,False,False,False,False,,False,,True,False,,false,ambiguous,,false,false
L1406,2026-05-25,Yuki,Patel,yuki.patel@shipmate.io,Accountant,Shipmate,shipmate.io,,Software,CA,newsletter,email,weekly-digest,granted,Yuki,Patel,Shipmate,Accountant,Canada,False,granted,true,newsletter,False,email,False,weekly-digest,False,yuki.patel@shipmate.io,yuki.patel@shipmate.io,work,False,False,False,False,False,https://shipmate.io,True,,True,False,,false,verified_in,,false,false
L1809,2026-04-01,Joshua,Hernandez,joshua_hernandez@stateuniv.edu,Freelancer,State University,stateuniv.edu,1000+,Education,BR,github,referral,docs-cta,pending,Joshua,hernandez,State University,Freelancer,brazil,False,pending,unknown,github,False,referral,False,docs-cta,False,joshua_hernandez@stateuniv.edu,joshua_hernandez@stateuniv.edu,work,False,False,True,False,False,www.stateuniv.edu,True,,True,False,,false,ambiguous,,false,false
L1120,2026-05-08,Ryan,Flores,ryan_flores@centralpoly.edu,PhD Candidate,Central Polytechnic,centralpoly.edu,1000+,,BR,blog,referral,pricing-post,unknown,Ryan,Flores,Central Polytechnic,PhD Candidate,BR,False,unknown,unknown,blog,False,referral,False,pricing-post,False,ryan_flores@centralpoly.edu,ryan_flores@centralpoly.edu,work,False,False,True,False,False,www.centralpoly.edu,True,,True,False,,false,verified_in,,false,false
L2733,2026-06-26,Rajesh,Fischer,rfischer@inferralabs.com,HR Manager,Inferra Labs,inferralabs.com,,,SE,blog,referral,pricing-post,yes,Rajesh  ,fischer,Inferra Labs  ,HR Manager,sweden,False,yes,true,blog,False,referral,False,pricing-post,False,rfischer@inferralabs.com,rfischer@inferralabs.com,work,False,False,False,False,False,www.inferralabs.com,True,,True,False,,true,verified_in,,false,false
L1144,2026-04-18,Daniel,Torres,danielt@outlook.com,Recruiter,QUANTUM NAILS SALON,quantumnails.com,51-200,,JP,google,organic,,,daniel,Torres,QUANTUM NAILS SALON,Recruiter,JP,False,,unknown,google,False,organic,False,,True,danielt@outlook.com,danielt@outlook.com,freemail,False,False,False,False,False,www.quantumnails.com,True,,True,False,,false,ambiguous,,false,false
L1154,2026-06-24,Emma,Sharma,emma_sharma@cascade-ai.com,Head of Data Science,Cascade AI,cascade-ai.com,51-200,AI/ML software,SG,,,,,EMMA,sharma,Cascade AI,Head of Data Science,SG,False,,unknown,null,True,null,True,null,True,emma_sharma@cascade-ai.com,emma_sharma@cascade-ai.com,work,False,False,False,False,False,https://cascade-ai.com,True,,True,False,,false,ambiguous,,false,false
L1923,2026-04-13,Margaret,Torres,margaret_torres@pipelinelabs.io,Machine Learning Engineer,Pipeline Labs,pipelinelabs.io,1000+,Software,AU,,,,TRUE,Margaret,Torres,Pipeline Labs,Machine Learning Engineer,Australia,False,TRUE,true,test,True,test,True,test-campaign-DELETE,True,margaret_torres@pipelinelabs.io,margaret_torres@pipelinelabs.io,work,False,False,False,False,False,https://pipelinelabs.io,True,,True,False,,false,verified_in,,false,false
L2197,2026-06-03,Michael,Lewis,michael.lewis@apptide.com,Software Engineer,Apptide,apptide.com,501-1000,Software,BR,facebook,paid_social,fb_q3,,Michael  ,Lewis,Apptide,Software Engineer,BR,False,,unknown,facebook,False,Paid-Social,False,FB_Q3,False,michael.lewis@apptide.com,michael.lewis@apptide.com,work,False,False,False,False,False,www.apptide.com,True,,True,False,,false,verified_in,,false,true
L1022,2026-06-06,Ashley,Sharma,ashley.sharma@harborviewlogistics.com,Business Analyst,HARBORVIEW LOGISTICS,harborviewlogistics.com,201-500,Logistics,JP,facebook,social,q3,pending,Ashley,Sharma,HARBORVIEW LOGISTICS,Business Analyst,JP,False,pending,unknown,fb_paid,False,social,False,q3,False,ashley.sharma@harborviewlogistics.com,ashley.sharma@harborviewlogistics.com,work,False,False,False,False,False,www.harborviewlogistics.com,True,,True,False,,false,ambiguous,,false,false
L2099,2026-06-30,Scott,Nguyen,scottn@luminaml.com,VP Data & AI,Lumina ML,luminaml.com,,AI/ML software,JP,facebook,paid,fb_q3,pending,Scott,Nguyen,Lumina ML,VP Data & AI,japan,False,pending,unknown,FB,False,paid,False,fb_q3,False,scottn@luminaml.com,scottn@luminaml.com,work,False,False,False,False,False,www.luminaml.com,True,,True,False,,false,verified_in,,false,false
L1512,2026-05-06,Sofia,Green,sofia.green@gmail.com,VP of AI Infrastructure,DataBarn,databarn.io,11-50,Software,AU,docs,referral,quickstart,NULL,Sofia,GREEN, DataBarn,VP of AI Infrastructure,Australia,False,NULL,unknown,docs,False,referral,False,quickstart,False,sofia.green@gmail.com,sofia.green@gmail.com,freemail,False,False,False,False,False,https://databarn.io,True,,True,False,,false,verified_out,,false,false
L1007,2026-04-26,Katherine,Scott,scott.katherine@greenleaflandscaping.com,HR Manager,GreenLeaf Landscaping,greenleaflandscaping.com,51-200,,NL,,,,,katherine,Scott,GreenLeaf Landscaping,HR Manager  ,netherlands,False,,unknown,(direct),True,(none),True,,True,scott.katherine@greenleaflandscaping.com,scott.katherine@greenleaflandscaping.com,work,False,False,False,False,False,https://greenleaflandscaping.com,True,,True,False,,true,verified_in,,true,false
L1042,2026-05-09,Joseph,King,joseph_king@apexautoparts.com,VP Data & AI,Apex Auto Parts,apexautoparts.com,201-500,Automotive,JP,github,referral,docs-cta,unknown,Joseph,King,Apex Auto Parts,VP Data & AI,japan,False,unknown,unknown,github,False,referral,False,docs-cta,False,joseph_king@apexautoparts.com,joseph_king@apexautoparts.com,work,False,False,False,False,False,www.apexautoparts.com,True,,True,False,,false,verified_in,,false,false
L2084,2026-06-08,Brandon,Lewis,lewis.brandon@copilothealth.ai,Sr. Data Scientist,Copilot Health AI,copilothealth.ai,1-10,,PL,google,cpc,brand-search-q3,,BRANDON,Lewis,Copilot Health AI,Sr. Data Scientist,poland,False,,unknown,google,False,cpc,False,brand-search-q3,False,lewis.brandon@copilothealth.ai,lewis.brandon@copilothealth.ai,work,False,False,False,False,False,www.copilothealth.ai,True,,True,False,,true,ambiguous,EU / Consent Verification Needed,false,false
L2307,2026-04-17,Anna,Ferrari,annaf@outlook.com,Indie hacker,State University,,1000+,Education,FR,producthunt,referral,launch,unsubscribed,Anna,FERRARI,State University,Indie hacker,FR,False,unsubscribed,false,producthunt,False,referral,False,launch,False,annaf@outlook.com,annaf@outlook.com,freemail,False,False,False,False,False,,False,,True,False,,true,verified_out,,false,false
L1896,2026-05-21,Brian,Larsen,brian.larsen@voiceforge.ai,Applied Scientist,VoiceForge,,51-200,AI/ML software,US,blog,referral,pricing-post,,brian,LARSEN,VoiceForge,Applied Scientist,U.S.,False,,unknown,blog,False,referral,False,pricing-post,False,brian.larsen@voiceforge.ai,brian.larsen@voiceforge.ai,work,False,False,False,False,False,,False,,True,False,,false,verified_in,,true,false
L2298,2026-05-25,Elizabeth,Harris,harris.elizabeth@gmail.com,AI Engineer,DataBarn,databarn.io,11-50,Software,IN,google,cpc,gpu-cloud-nonbrand,Yes, Elizabeth,harris,DataBarn  ,AI Engineer,india,False,Yes,true,google,False,cpc,False,gpu-cloud-nonbrand,False,harris.elizabeth@gmail.com,harris.elizabeth@gmail.com,freemail,False,False,False,False,False,https://databarn.io,True,,True,False,,false,verified_in,,false,false
L2464,2026-05-06,Wei,Johnson,weij@orbitalmind.ai,Account Executive,Orbital Mind,orbitalmind.ai,201-500,AI/ML software,AU,google,organic,,true,wei,Johnson,Orbital Mind,Account Executive,australia,False,true,true,google,False,organic,False,,True,weij@orbitalmind.ai,weij@orbitalmind.ai,work,False,False,False,False,False,https://orbitalmind.ai,True,,True,False,,false,verified_in,,true,false
L1387,2026-06-15,Laura,Kowalski,laura_kowalski@codewharf.dev,Staff Engineer,CODEWHARF,codewharf.dev,1000+,Software,JP,google,organic,,,Laura,Kowalski,CODEWHARF,Staff Engineer,JP,False,,unknown,google,False,organic,False,,True,laura_kowalski@codewharf.dev,laura_kowalski@codewharf.dev,work,False,False,False,False,False,https://codewharf.dev,True,laura_kowalski@codewharf.dev,True,True,job_title,false,ambiguous,,false,false
L2401,2026-06-21,Patricia,Ramirez,ramirez.patricia@hotmail.com,Graduate Student,Institute of Technology,instech.edu,1000+,Education,GB,google,organic,,,patricia  ,Ramirez  ,Institute of Technology,Graduate Student,uk,False,,unknown,google,False,organic,False,,True,ramirez.patricia@hotmail.com,ramirez.patricia@hotmail.com,freemail,False,False,False,False,False,https://instech.edu,True,,True,False,,false,ambiguous,,false,false
L1558,2026-05-01,Carolyn,Martin,carolyn.martin@bellavistarealty.com,Operations Manager,,,,,IN,reddit,social,r-machinelearning,pending,Carolyn,Martin,,Operations Manager,India,False,pending,unknown,reddit,False,social,False,r-machinelearning,False,carolyn.martin@bellavistarealty.com,carolyn.martin@bellavistarealty.com,work,False,False,False,False,False,,False,,True,False,,false,ambiguous,,false,false
L2754,2026-04-27,Benjamin,Muller,benjamin_muller@codewharf.dev,"Director, Machine Learning",Codewharf,codewharf.dev,1000+,Software,US,linkedin,paid_social,serverless-launch,,Benjamin,Muller,Codewharf,"Director, Machine Learning",United States,False,,unknown,linkedin,False,paid_social,False,serverless-launch,False,benjamin_muller@codewharf.dev,benjamin_muller@codewharf.dev,work,False,False,False,False,False,https://codewharf.dev,True,,True,False,,false,verified_in,,true,false
L1391,2026-05-27,Robert,Adams,adams.robert@greenleaflandscaping.com,Machine Learning Engineer,,,,,SG,google,organic,,,robert,Adams,,Machine Learning Engineer,singapore,False,,unknown,google,False,organic,False,,True,adams.robert@greenleaflandscaping.com,adams.robert@greenleaflandscaping.com,work,False,False,False,False,False,,False,,True,False,,false,ambiguous,,false,false
L2638,2026-06-12,Steven,Hall,stevenh@streamlyne.io,Social Media Manager,STREAMLYNE,streamlyne.io,11-50,,JP,github,referral,docs-cta,Yes,Steven,Hall,STREAMLYNE,Social Media Manager,JP,False,Yes,true,github,False,referral,False,docs-cta,False,stevenh@streamlyne.io,stevenh@streamlyne.io,work,False,False,False,False,False,https://streamlyne.io,True,,True,False,,false,verified_in,,false,false
L2493,2026-04-23,Paul,Moore,MOORE.PAUL@METRICSHUB.COM,Staff Engineer,,,,,SE,,,,,Paul,MOORE,,Staff Engineer,sweden,False,,unknown,test,True,test,True,test-campaign-DELETE,True,MOORE.PAUL@METRICSHUB.COM,moore.paul@metricshub.com,work,False,False,False,False,False,,False,,True,False,,true,ambiguous,EU / Consent Verification Needed,false,false
L1136,2026-06-06,Debra,Rivera,rivera.debra@gmail.com,Freelancer,Central Polytechnic,centralpoly.edu,1000+,,BR,newsletter,email,weekly-digest,opted_in,Debra,Rivera,Central Polytechnic,Freelancer,BR,False,opted_in,true,newsletter,False,email,False,weekly-digest,False,rivera.debra@gmail.com,rivera.debra@gmail.com,freemail,False,False,False,False,False,www.centralpoly.edu,True,,True,False,,false,verified_in,,false,false
L2717,2026-04-25,Jonathan,Kim,jkim@codewharf.dev,Research Scientist,,,,,JP,facebook,paid,fb_q3,opted_in,Jonathan  ,Kim,,Research Scientist,Japan,False,opted_in,true,FB,False,paid,False,fb_q3,False,jkim@codewharf.dev,jkim@codewharf.dev,work,False,False,False,False,False,,False,,True,False,,false,verified_in,,false,false
L2394,2026-04-14,Joseph,Miller,miller.joseph@corticon.ai,Head of MLOps,Corticon AI,,501-1000,AI/ML software,,docs,referral,quickstart,,Joseph,miller,Corticon AI,Head of MLOps,,False,,unknown,docs,False,referral,False,quickstart,False,miller.joseph@corticon.ai,miller.joseph@corticon.ai,work,False,False,False,False,False,,False,,True,False,,false,ambiguous,,false,false
L2814,2026-04-19,Richard,Lee,rlee@promptline.ai,Deep Learning Engineer,Promptline,,11-50,AI/ML software,US,youtube,video,tutorial-series,NULL,Richard,Lee,Promptline,Deep Learning Engineer,U.S.,False,NULL,unknown,youtube,False,video,False,tutorial-series,False,rlee@promptline.ai,rlee@promptline.ai,work,False,False,False,False,False,,False,rlee@promptline.ai,True,False,,false,verified_in,,false,false
L2408,2026-05-08,Christine,Johnson,johnson.christine@ragpipe.dev,Platform Engineer,RagPipe,,501-1000,,SE,linkedin,paid_social,serverless-launch,1,Christine,Johnson,RagPipe,Platform Engineer,sweden,False,1,true,linkedin,False,paid_social,False,serverless-launch,False,johnson.christine@ragpipe.dev,johnson.christine@ragpipe.dev,work,False,False,False,False,False,,False,,True,False,,true,verified_in,,false,false
L1474,2026-05-09,Robert,Brown,ROBERT.BROWN@EMBEDIQ.AI,,EmbedIQ,embediq.ai,1000+,AI/ML software,FR,github,referral,docs-cta,unsubscribed,Robert,Brown, EmbedIQ,,FR,False,unsubscribed,false,github,False,referral,False,docs-cta,False,ROBERT.BROWN@EMBEDIQ.AI,robert.brown@embediq.ai,work,False,False,False,False,False,https://embediq.ai,True,,True,False,,true,verified_out,,false,false
L2036,2026-05-08,Kwame,Jones,kwame.jones@stateuniv.edu,,State University,stateuniv.edu,1000+,Education,,,,,NULL,Kwame,Jones,State University,,,False,NULL,unknown,test,True,test,True,test-campaign-DELETE,True,kwame.jones@stateuniv.edu,kwame.jones@stateuniv.edu,work,False,False,True,False,False,https://stateuniv.edu,True,,True,False,,false,ambiguous,,false,false
L2720,2026-04-09,Christine,Ali,christine_ali@gmail.com,SWE,Lumina ML,luminaml.com,11-50,AI/ML software,SG,facebook,paid_social,fb_q3,unknown,Christine,Ali,Lumina ML,SWE,Singapore,False,unknown,unknown,facebook,False,Paid-Social,False,FB_Q3,False,christine_ali@gmail.com,christine_ali@gmail.com,freemail,False,False,False,False,False,www.luminaml.com,True,,True,False,,false,verified_in,,false,false
L2683,2026-06-19,Kwame,Clark,kwame.clark@orbitalmind.ai,Machine Learning Engineer,orbital mind,orbitalmind.ai,201-500,AI/ML software,BR,github,referral,docs-cta,,Kwame,Clark,orbital mind,Machine Learning Engineer,BR,False,,unknown,github,False,referral,False,docs-cta,False,kwame.clark@orbitalmind.ai,kwame.clark@orbitalmind.ai,work,False,False,False,False,False,www.orbitalmind.ai,True,,True,False,,false,ambiguous,,false,false
L2182,2026-04-01,Daniel,Clark,daniel.clark@copilothealth.ai,Account Executive,Copilot Health AI,,1-10,AI/ML software,AU,linkedin,paid_social,serverless-launch,unknown, Daniel,Clark,Copilot Health AI  ,Account Executive,Australia,False,unknown,unknown,linkedin,False,paid_social,False,serverless-launch,False,daniel.clark@copilothealth.ai,daniel.clark@copilothealth.ai,work,False,False,False,False,False,,False,,True,False,,false,verified_in,,false,false
L2432,2026-05-12,Daniel,Sanchez,daniel_sanchez@deepharbor.ai,AI Engineer,DeepHarbor,deepharbor.ai,201-500,,AU,github,referral,docs-cta,NULL,Daniel,Sanchez,DeepHarbor,AI Engineer,AU,False,NULL,unknown,github,False,referral,False,docs-cta,False,daniel_sanchez@deepharbor.ai,daniel_sanchez@deepharbor.ai,work,False,False,False,False,False,https://deepharbor.ai,True,,True,False,,false,verified_in,,true,false
L1624,2026-05-05,Debra,Williams,dwilliams@stacklinesoftware.com,MLOps Engineer,Stackline Software,stacklinesoftware.com,11-50,Software,SG,,,,NULL,Debra  , williams,Stackline Software,MLOps Engineer,singapore,False,NULL,unknown,{{utm_source}},True,{{utm_medium}},True,{{utm_campaign}},True,dwilliams@stacklinesoftware.com,dwilliams@stacklinesoftware.com,work,False,False,False,False,False,www.stacklinesoftware.com,True,,True,False,,false,ambiguous,,false,false
L1704,2026-04-02,Wei,Williams,wwilliams@bluebirdtravel.com,Business Analyst,Bluebird Travel,bluebirdtravel.com,51-200,Travel,US,google,cpc,brand-search-q3,unknown,Wei,williams,Bluebird Travel,Business Analyst,united states,False,unknown,unknown,google,False,cpc,False,brand-search-q3,False,wwilliams@bluebirdtravel.com,wwilliams@bluebirdtravel.com,work,False,False,False,False,False,https://bluebirdtravel.com,True,,True,False,,false,ambiguous,,false,false
L1410,2026-05-26,Benjamin,Harris,bharris@formcraft.com,Computer Vision Engineer,Formcraft,formcraft.com,1000+,Software,BR,google,cpc,gpu-cloud-nonbrand,Yes,Benjamin,Harris,Formcraft, Computer Vision Engineer,Brazil,False,Yes,true,google,False,cpc,False,gpu-cloud-nonbrand,False,bharris@formcraft.com,bharris@formcraft.com,work,False,False,False,False,False,www.formcraft.com,True,,True,False,,false,verified_in,,false,false
L1017,2026-06-01,Kathleen,Hall,khall@neuralmarketing.co,Content Writer,Neural Marketing Co,,1-10,Marketing agency,AU,twitter,social,launch-week,NULL,Kathleen,Hall,Neural Marketing Co,Content Writer,Australia,False,NULL,unknown,twitter,False,social,False,launch-week,False,khall@neuralmarketing.co,khall@neuralmarketing.co,work,False,False,False,False,False,,False,,True,False,,false,verified_in,,false,false
L2172,2026-04-11,Amy,Muller,amy_muller@voiceforge.ai,Backend Engineer,VoiceForge,voiceforge.ai,51-200,,BR,google,organic,,NULL,Amy,Muller,VoiceForge,Backend Engineer,brazil,False,NULL,unknown,google,False,organic,False,,True,amy_muller@voiceforge.ai,amy_muller@voiceforge.ai,work,False,False,False,False,False,https://voiceforge.ai,True,,True,False,,false,ambiguous,,false,false
L1087,2026-05-14,Amanda,Campbell,campbell.amanda@summitdentalgroup.com,software engineer,Summit Dental Group,summitdentalgroup.com,11-50,Healthcare,JP,docs,referral,quickstart,unknown,Amanda,Campbell,Summit Dental Group,software engineer,japan,False,unknown,unknown,docs,False,referral,False,quickstart,False,campbell.amanda@summitdentalgroup.com,campbell.amanda@summitdentalgroup.com,work,False,False,False,False,False,www.summitdentalgroup.com,True,,True,False,,false,verified_in,,false,false
L1049,2026-05-25,Sandra,Muller,smuller@apexautoparts.com,VP of Engineering,,,,,US,reddit,social,r-machinelearning,,Sandra,Muller  ,,VP of Engineering,USA,False,,unknown,reddit,False,social,False,r-machinelearning,False,smuller@apexautoparts.com,smuller@apexautoparts.com,work,False,False,False,False,False,,False,,True,False,,false,ambiguous,,false,false
L1424,2026-04-02,Christine,Novak,christinen@copilothealth.ai,Accountant,copilot health ai,copilothealth.ai,1-10,AI/ML software,GB,docs,referral,quickstart,pending,christine,Novak,copilot health ai,Accountant,United Kingdom,False,pending,unknown,docs,False,referral,False,quickstart,False,christinen@copilothealth.ai,christinen@copilothealth.ai,work,False,False,False,False,False,www.copilothealth.ai,True,,True,False,,false,ambiguous,,false,false
L1317,2026-04-17,Sofia,Chen,chen.sofia@centralpoly.edu,Hobbyist,Central Polytechnic,centralpoly.edu,1000+,Education,PL,email_blast,email,july-promo,,Sofia,Chen,Central Polytechnic,Hobbyist,PL,False,,unknown,email%20blast,False,e-mail,False,JULY%20PROMO,False,chen.sofia@centralpoly.edu,chen.sofia@centralpoly.edu,work,False,False,True,False,False,www.centralpoly.edu,True,,True,False,,true,verified_in,,true,false
L2418,2026-06-03,Chris,Larsen,larsen.chris@apptide.com,Project Manager,Apptide,apptide.com,501-1000,Software,ES,twitter,social,launch-week,unknown,Chris, Larsen,Apptide,Project Manager,spain,False,unknown,unknown,twitter,False,social,False,launch-week,False,larsen.chris@apptide.com,larsen.chris@apptide.com,work,False,False,False,False,False,https://apptide.com,True,,True,False,,true,ambiguous,EU / Consent Verification Needed,false,false
L1174,2026-05-01,Emma,Martin,martin.emma@hotmail.com,SWE,RoboticsOne,,501-1000,AI/ML software,AU,facebook,social,q3,NULL,EMMA,Martin,RoboticsOne,SWE,AU,False,NULL,unknown,fb_paid,False,social,False,q3,False,martin.emma@hotmail.com,martin.emma@hotmail.com,freemail,False,False,False,False,False,,False,,True,False,,false,ambiguous,,false,false
L2358,2026-05-11,Samuel,Hill,hill.samuel@codewharf.dev,Independent Consultant,Codewharf,,1000+,Software,ES,,,,no,Samuel,Hill,Codewharf,Independent Consultant,Spain,False,no,false,(direct),True,(none),True,,True,hill.samuel@codewharf.dev,hill.samuel@codewharf.dev,work,False,False,False,False,False,,False,,True,False,,true,verified_out,,false,true
L2549,2026-05-06,James,Weber,james.weber@yahoo.com,Undergraduate,,,,,CA,google,organic,,,James,Weber,,Undergraduate,Canada,False,,unknown,google,False,organic,False,,True,james.weber@yahoo.com,james.weber@yahoo.com,freemail,False,False,False,False,False,,False,,True,False,,false,ambiguous,,false,false
L2557,2026-04-03,Edward,Walker,walker.edward@orbitalmind.ai,Infrastructure Engineer,Orbital Mind,orbitalmind.ai,201-500,AI/ML software,ES,,,,NULL,EDWARD,Walker,Orbital Mind,Infrastructure Engineer,ES,False,NULL,unknown,null,True,null,True,null,True,walker.edward@orbitalmind.ai,walker.edward@orbitalmind.ai,work,False,False,False,False,False,www.orbitalmind.ai,True,,True,False,,true,verified_in,,false,false
L2279,2026-05-17,Hans,Fischer,hfischer@modelry.ai,"Director, Machine Learning",Modelry,,1-10,AI/ML software,BR,google,organic,,,Hans,Fischer,Modelry,"Director, Machine Learning",brazil,False,,unknown,google,False,organic,False,,True,hfischer@modelry.ai,hfischer@modelry.ai,work,False,False,False,False,False,,False,,True,False,,false,ambiguous,,false,false
L2220,2026-04-10,Linda,Rodriguez,lrodriguez@ledgerworks.com,DevOps Engineer,LedgerWorks,ledgerworks.com,51-200,,IT,youtube,video,tutorial-series,yes,Linda,Rodriguez,LedgerWorks,DevOps Engineer,Italia,False,yes,true,youtube,False,video,False,tutorial-series,False,lrodriguez@ledgerworks.com,lrodriguez@ledgerworks.com,work,False,False,False,False,False,www.ledgerworks.com,True,lrodriguez@ledgerworks.com,True,True,company,true,verified_in,,false,false
L2586,2026-04-08,Sofia,Carter,sofia_carter@relaymesh.io,AI Engineer,Relaymesh,relaymesh.io,51-200,Software,AU,github,referral,docs-cta,NULL,Sofia  ,Carter,Relaymesh,AI Engineer,Australia,False,NULL,unknown,github,False,referral,False,docs-cta,False,sofia_carter@relaymesh.io,sofia_carter@relaymesh.io,work,False,False,False,False,False,https://relaymesh.io,True,,True,False,,false,verified_in,,false,false
L1653,2026-06-02,Amanda,Ramirez,amanda_ramirez@luminaml.com,founder/ceo,Lumina ML,luminaml.com,11-50,AI/ML software,IE,newsletter,email,weekly-digest,opted_in,Amanda,RAMIREZ,Lumina ML,founder/ceo,IE,False,opted_in,true,newsletter,False,email,False,weekly-digest,False,amanda_ramirez@luminaml.com,amanda_ramirez@luminaml.com,work,False,False,False,False,False,https://luminaml.com,True,,True,False,,true,verified_out,,true,false
L1793,2026-06-27,Ashley,Ali,ashley_ali@fieldstonetech.com,Principal,fieldstone tech,fieldstonetech.com,501-1000,Software,DE,blog,referral,pricing-post,yes,Ashley, Ali,fieldstone tech,Principal,Germany,False,yes,true,blog,False,referral,False,pricing-post,False,ashley_ali@fieldstonetech.com,ashley_ali@fieldstonetech.com,work,False,False,False,False,False,https://fieldstonetech.com,True,,True,False,,true,verified_out,,false,false
L2891,2026-04-19,Emma,Hall,emma.hall+test@neuralmarketing.co,Head of Machine Learning,Neural Marketing Co,neuralmarketing.co,,Marketing agency,PL,,,,unsubscribed,Emma,Hall,Neural Marketing Co,Head of Machine Learning,PL,False,unsubscribed,false,undefined,True,undefined,True,,True,emma.hall+test@neuralmarketing.co,emma.hall+test@neuralmarketing.co,work,False,False,False,False,False,https://neuralmarketing.co,True,,True,False,,true,verified_out,,false,false
L2114,2026-04-18,Ingrid,Wright,ingrid_wright@opsfleet.com,Senior Software Engineer,Opsfleet,opsfleet.com,1000+,Software,JP,,,,TRUE,ingrid,Wright,Opsfleet,Senior Software Engineer,japan,False,TRUE,true,test,True,test,True,test-campaign-DELETE,True,ingrid_wright@opsfleet.com,ingrid_wright@opsfleet.com,work,False,False,False,False,False,www.opsfleet.com,True,,True,False,,false,verified_in,,false,false
L2333,2026-06-19,Kathleen,Jones,kathleen.jones@copilothealth.ai,founder/ceo,copilot health ai,copilothealth.ai,1-10,AI/ML software,,google,cpc,gpu-cloud-nonbrand,,kathleen,JONES,copilot health ai,founder/ceo,,False,,unknown,google,False,cpc,False,gpu-cloud-nonbrand,False,kathleen.jones@copilothealth.ai,kathleen.jones@copilothealth.ai,work,False,False,False,False,False,www.copilothealth.ai,True,,True,False,,false,verified_in,,true,false
L2790,2026-05-05,John,Doe,johndoe@mailinator.com,CEO,My Company,,,,,,,,,John,Doe,My Company,CEO,,False,,unknown,test,True,,True,,True,johndoe@mailinator.com,johndoe@mailinator.com,work,False,True,False,False,False,,False,,True,False,,false,ambiguous,,false,false
L2177,2026-05-15,Robert,Muller,robertm@formcraft.com,Senior Software Engineer,Formcraft,formcraft.com,1000+,Software,,producthunt,referral,launch,pending,Robert,Muller,Formcraft,Senior Software Engineer,,False,pending,unknown,producthunt,False,referral,False,launch,False,robertm@formcraft.com,robertm@formcraft.com,work,False,False,False,False,False,https://formcraft.com,True,,True,False,,false,ambiguous,,false,false
L2454,2026-05-26,Patrick,Schmidt,patrick.schmidt@hotmail.com,Research Engineer,Signalfold,signalfold.com,1000+,AI/ML software,GB,email_blast,email,july-promo,,patrick,Schmidt  ,Signalfold,Research Engineer  ,UK,False,,unknown,email%20blast,False,e-mail,False,JULY%20PROMO,False,patrick.schmidt@hotmail.com,patrick.schmidt@hotmail.com,freemail,False,False,False,False,False,https://signalfold.com,True,,True,False,,false,ambiguous,,false,false
L2066,2026-06-04,Cynthia,Becker,cynthia.becker@voxeldynamics.ai,HR Manager,Voxel Dynamics,voxeldynamics.ai,51-200,,IN,reddit,social,r-machinelearning,granted, Cynthia,Becker,Voxel Dynamics,HR Manager,India,False,granted,true,reddit,False,social,False,r-machinelearning,False,cynthia.becker@voxeldynamics.ai,cynthia.becker@voxeldynamics.ai,work,False,False,False,False,False,www.voxeldynamics.ai,True,,True,False,,false,verified_in,,false,false
L1271,2026-05-11,Barbara,Baker,barbara_baker@outlook.com,Financial Analyst,bluebird travel,bluebirdtravel.com,51-200,Travel,GB,google,cpc,brand-search-q3,,Barbara,Baker, bluebird travel,Financial Analyst,United Kingdom,False,,unknown,google,False,cpc,False,brand-search-q3,False,barbara_baker@outlook.com,barbara_baker@outlook.com,freemail,False,False,False,False,False,https://bluebirdtravel.com,True,,True,False,,false,ambiguous,,false,false
L1542,2026-05-23,Priya,Garcia,PGARCIA@PAYTRELLIS.COM,software engineer,PayTrellis,paytrellis.com,51-200,Software,US,newsletter,email,weekly-digest,,PRIYA,Garcia,PayTrellis,software engineer,U.S.,False,,unknown,newsletter,False,email,False,weekly-digest,False,PGARCIA@PAYTRELLIS.COM,pgarcia@paytrellis.com,work,False,False,False,False,False,https://paytrellis.com,True,,True,False,,false,verified_in,,true,false
L2198,2026-05-03,Christine,Mitchell,christinem@copilothealth.ai,Fractional CTO,Copilot Health AI,copilothealth.ai,1-10,AI/ML software,US,,,,unknown,Christine,Mitchell,Copilot Health AI, Fractional CTO,US,False,unknown,unknown,undefined,True,undefined,True,,True,christinem@copilothealth.ai,christinem@copilothealth.ai,work,False,False,False,False,False,https://copilothealth.ai,True,,True,False,,false,ambiguous,,false,false
L2462,2026-06-06,Emily,Andersson,emilya@bellavistarealty.com,Office Manager,Bella Vista Realty,bellavistarealty.com,,,US,,,,,Emily,Andersson  ,Bella Vista Realty,Office Manager,united states,False,,unknown,null,True,null,True,null,True,emilya@bellavistarealty.com,emilya@bellavistarealty.com,work,False,False,False,False,False,https://bellavistarealty.com,True,,True,False,,false,ambiguous,,false,false
L2876,2026-05-12,Chris,Miller,CHRIS.MILLER@BLUEBIRDTRAVEL.COM,,Bluebird Travel,bluebirdtravel.com,51-200,Travel,GB,facebook,cpc,fb-q3-conversions,,CHRIS,MILLER,Bluebird Travel,,UK,False,,unknown,Facebook Ads,False,cpc,False,fb-q3-conversions,False,CHRIS.MILLER@BLUEBIRDTRAVEL.COM,chris.miller@bluebirdtravel.com,work,False,False,False,False,False,www.bluebirdtravel.com,True,chris.miller@bluebirdtravel.com,True,False,,false,verified_out,,false,true
L1029,2026-06-02,Justin,Lewis,justinl@stacklinesoftware.com,ML Engineer,Stackline Software,stacklinesoftware.com,11-50,Software,AU,youtube,video,tutorial-series,,Justin,Lewis,Stackline Software,ML Engineer,Australia,False,,unknown,youtube,False,video,False,tutorial-series,False,justinl@stacklinesoftware.com,justinl@stacklinesoftware.com,work,False,False,False,False,False,www.stacklinesoftware.com,True,justinl@stacklinesoftware.com,True,True,company,false,ambiguous,,false,false
L1497,2026-05-18,Paul,Clark,paul.clark@vectorly.ai,VP of Engineering,Vectorly AI,vectorly.ai,11-50,AI/ML software,DE,,,,unknown,Paul,Clark,Vectorly AI,VP of Engineering,germany,False,unknown,unknown,undefined,True,undefined,True,,True,paul.clark@vectorly.ai,paul.clark@vectorly.ai,work,False,False,False,False,False,www.vectorly.ai,True,,True,False,,true,verified_in,,false,false
L2501,2026-04-24,Elena,Lewis,elewis@orbitalmind.ai,ml engineer,,,,,GB,facebook,cpc,fb-q3-conversions,unknown,Elena,Lewis,,ml engineer,uk,False,unknown,unknown,Facebook Ads,False,cpc,False,fb-q3-conversions,False,elewis@orbitalmind.ai,elewis@orbitalmind.ai,work,False,False,False,False,False,,False,,True,False,,false,ambiguous,,false,false
L2515,2026-04-04,Gary,Mitchell,garym@streamlyne.io,Marketing Manager,,,,,SG,newsletter,email,weekly-digest,true,gary,Mitchell,,Marketing Manager,singapore,False,true,true,newsletter,False,email,False,weekly-digest,False,garym@streamlyne.io,garym@streamlyne.io,work,False,False,False,False,False,,False,,True,False,,false,verified_in,,false,false
L1195,2026-05-19,Amy,Singh,amy.singh@proton.me,Applied Scientist,Pipeline Labs,pipelinelabs.io,1000+,Software,BR,facebook,paid,fb_q3,unknown,amy,Singh,Pipeline Labs,Applied Scientist,Brazil,False,unknown,unknown,FB,False,paid,False,fb_q3,False,amy.singh@proton.me,amy.singh@proton.me,freemail,False,False,False,False,False,https://pipelinelabs.io,True,,True,False,,false,ambiguous,,false,false
L1080,2026-06-21,Sarah,Baker,sbaker@yahoo.com,Undergraduate,NORTHERN UNIVERSITY,northernuni.edu,,Education,CA,youtube,video,tutorial-series,pending,Sarah,BAKER,NORTHERN UNIVERSITY,Undergraduate,Canada,False,pending,unknown,youtube,False,video,False,tutorial-series,False,sbaker@yahoo.com,sbaker@yahoo.com,freemail,False,False,False,False,False,https://northernuni.edu,True,,True,False,,false,verified_in,,true,false
L1468,2026-04-28,Diego,Young,diegoy@gmail.com,HR Manager,Harborview Logistics,,,,US,twitter,social,launch-week,,Diego,Young, Harborview Logistics,HR Manager,U.S.,False,,unknown,twitter,False,social,False,launch-week,False,diegoy@gmail.com,diegoy@gmail.com,freemail,False,False,False,False,False,,False,,True,False,,false,verified_out,,false,true
L1094,2026-04-15,Anna,Johansson,ajohansson@northernuni.edu,student,Northern University,northernuni.edu,1000+,Education,IN,youtube,video,tutorial-series,pending,Anna,Johansson,Northern University,student,india,False,pending,unknown,youtube,False,video,False,tutorial-series,False,ajohansson@northernuni.edu,ajohansson@northernuni.edu,work,False,False,True,False,False,www.northernuni.edu,True,,True,False,,false,verified_in,,false,false
L2531,2026-05-24,Edward,Johansson,johansson.edward@neuralmarketing.co,Software Engineer,Neural Marketing Co,,1-10,Marketing agency,CA,linkedin,paid_social,serverless-launch,opted_in,Edward,Johansson  ,Neural Marketing Co,Software Engineer,CA,False,opted_in,true,linkedin,False,paid_social,False,serverless-launch,False,johansson.edward@neuralmarketing.co,johansson.edward@neuralmarketing.co,work,False,False,False,False,False,,False,,True,False,,false,verified_in,,false,false
L1961,2026-04-01,Samantha,Novak,snovak@centralpoly.edu,Freelancer,Central Polytechnic,centralpoly.edu,,Education,AU,,,,,SAMANTHA,novak,Central Polytechnic,Freelancer,australia,False,,unknown,test,True,test,True,test-campaign-DELETE,True,snovak@centralpoly.edu,snovak@centralpoly.edu,work,False,False,True,False,False,www.centralpoly.edu,True,,True,False,,false,ambiguous,,false,false
L2611,2026-04-17,Sofia,Miller,sofia_miller@relaymesh.io,Senior ML Engineer,Relaymesh,relaymesh.io,51-200,,SG,youtube,video,tutorial-series,unknown,Sofia,Miller,Relaymesh,Senior ML Engineer,Singapore,False,unknown,unknown,youtube,False,video,False,tutorial-series,False,sofia_miller@relaymesh.io,sofia_miller@relaymesh.io,work,False,False,False,False,False,www.relaymesh.io,True,,True,False,,false,verified_in,,false,false
L1606,2026-04-14,Paul,Allen,allen.paul@codewharf.dev,Senior Software Engineer,Codewharf,codewharf.dev,1000+,Software,US,blog,referral,pricing-post,yes,PAUL,Allen,Codewharf,Senior Software Engineer,U.S.,False,yes,true,blog,False,referral,False,pricing-post,False,allen.paul@codewharf.dev,allen.paul@codewharf.dev,work,False,False,False,False,False,www.codewharf.dev,True,,True,False,,false,verified_in,,false,false
L1727,2026-04-23,Donald,Hall,hall.donald@apptide.com,ML Engineer,apptide,apptide.com,,,FR,reddit,social,r-machinelearning,FALSE,Donald, Hall, apptide,ML Engineer,France,False,FALSE,false,reddit,False,social,False,r-machinelearning,False,hall.donald@apptide.com,hall.donald@apptide.com,work,False,False,False,False,False,https://apptide.com,True,,True,False,,true,verified_out,,false,true
L2039,2026-05-22,Justin,Wilson,justin.wilson@orbitalmind.ai,Computer Vision Engineer,Orbital Mind,orbitalmind.ai,201-500,AI/ML software,ES,google,cpc,brand-search-q3,Yes,Justin,Wilson,Orbital Mind,Computer Vision Engineer,Spain,False,Yes,true,google,False,cpc,False,brand-search-q3,False,justin.wilson@orbitalmind.ai,justin.wilson@orbitalmind.ai,work,False,False,False,False,False,https://orbitalmind.ai,True,,True,False,,true,verified_out,,false,false
L1810,2026-06-26,Stephanie,King,stephanie_king@neuralight.io,sre,Neuralight,neuralight.io,201-500,AI/ML software,IT,newsletter,email,weekly-digest,granted,Stephanie,King,Neuralight,sre,italy,False,granted,true,newsletter,False,email,False,weekly-digest,False,stephanie_king@neuralight.io,stephanie_king@neuralight.io,work,False,False,False,False,False,https://neuralight.io,True,,True,False,,true,verified_in,,false,false
L2206,2026-05-11,Edward,Andersson,edward.andersson@centralpoly.edu,Freelancer,Central Polytechnic,centralpoly.edu,,Education,JP,docs,referral,quickstart,pending,edward,Andersson,Central Polytechnic,Freelancer,japan,False,pending,unknown,docs,False,referral,False,quickstart,False,edward.andersson@centralpoly.edu,edward.andersson@centralpoly.edu,work,False,False,True,False,False,https://centralpoly.edu,True,,True,False,,false,ambiguous,,false,false
L2075,2026-04-19,Frank,Allen,allen.frank@icloud.com,Postdoc,Northern University,northernuni.edu,1000+,Education,BR,github,referral,docs-cta,,Frank,Allen,Northern University  ,Postdoc,BR,False,,unknown,github,False,referral,False,docs-cta,False,allen.frank@icloud.com,allen.frank@icloud.com,freemail,False,False,False,False,False,www.northernuni.edu,True,,True,False,,false,verified_in,,false,true
L2843,2026-06-05,John,Ali,johna@evalhouse.ai,SVP Engineering,EvalHouse,,1-10,AI/ML software,AU,twitter,social,launch-week,,John  ,ALI,EvalHouse,SVP Engineering,australia,False,,unknown,twitter,False,social,False,launch-week,False,johna@evalhouse.ai,johna@evalhouse.ai,work,False,False,False,False,False,,False,johna@evalhouse.ai,True,False,,false,ambiguous,,false,false
L2387,2026-05-12,Steven,Allen,sallen@yahoo.com,Chief AI Officer,LedgerWorks,ledgerworks.com,51-200,,SG,docs,referral,quickstart,true, Steven,Allen,LedgerWorks,Chief AI Officer,SG,False,true,true,docs,False,referral,False,quickstart,False,sallen@yahoo.com,sallen@yahoo.com,freemail,False,False,False,False,False,www.ledgerworks.com,True,,True,False,,false,verified_in,,false,true
L1843,2026-04-13,Lisa,Thompson,thompson.lisa@tensorloop.io,Director of Platform Engineering,TensorLoop,tensorloop.io,51-200,AI/ML software,US,google,cpc,gpu-cloud-nonbrand,1,Lisa,Thompson,TensorLoop,Director of Platform Engineering,US,False,1,true,google,False,cpc,False,gpu-cloud-nonbrand,False,thompson.lisa@tensorloop.io,thompson.lisa@tensorloop.io,work,False,False,False,False,False,https://tensorloop.io,True,,True,False,,false,verified_in,,false,false
L2004,2026-04-19,Mary,Walker,mary.walker@outlook.com,Head of Engineering,Diffusia,,1-10,AI/ML software,DE,linkedin,paid_social,serverless-launch,,Mary, Walker,Diffusia,Head of Engineering,Deutschland,False,,unknown,linkedin,False,paid_social,False,serverless-launch,False,mary.walker@outlook.com,mary.walker@outlook.com,freemail,False,False,False,False,False,,False,,True,False,,true,ambiguous,EU / Consent Verification Needed,false,false
L2430,2026-04-24,George,Hernandez,ghernandez@cloudspan.dev,ml engineer,Cloudspan,cloudspan.dev,51-200,,AU,github,referral,docs-cta,NULL,George,Hernandez,Cloudspan,ml engineer,Australia,False,NULL,unknown,github,False,referral,False,docs-cta,False,ghernandez@cloudspan.dev,ghernandez@cloudspan.dev,work,False,False,False,False,False,www.cloudspan.dev,True,,True,False,,false,verified_out,,false,false
L2437,2026-06-04,Olaf,Hansen,olafh@legalmind.ai,Head of Engineering,LegalMind AI,legalmind.ai,201-500,,AU,,,,,Olaf, Hansen,LegalMind AI,Head of Engineering,Australia,False,,unknown,{{utm_source}},True,{{utm_medium}},True,{{utm_campaign}},True,olafh@legalmind.ai,olafh@legalmind.ai,work,False,False,False,False,False,www.legalmind.ai,True,,True,False,,false,verified_out,,false,false
L1829,2026-04-10,Michael,Wilson,wilson.michael@stacklinesoftware.com,Customer Success Manager,Stackline Software,stacklinesoftware.com,11-50,Software,JP,google,cpc,gpu-cloud-nonbrand,pending,Michael,Wilson,Stackline Software,Customer Success Manager,JP,False,pending,unknown,google,False,cpc,False,gpu-cloud-nonbrand,False,wilson.michael@stacklinesoftware.com,wilson.michael@stacklinesoftware.com,work,False,False,False,False,False,https://stacklinesoftware.com,True,,True,False,,false,verified_in,,false,false
L2905,2026-05-16,Mei,Wright,wright.mei+1@cloudspan.dev,Social Media Manager,Cloudspan,,51-200,,IE,,,,yes,mei, Wright,Cloudspan,Social Media Manager,ireland,False,yes,true,null,True,null,True,null,True,wright.mei+1@cloudspan.dev,wright.mei+1@cloudspan.dev,work,False,False,False,False,False,,False,,True,False,,true,verified_in,,false,false
L1804,2026-04-01,Jacob,Chen,jchen@neuralmarketing.co,ML Engineer,Neural Marketing Co,,1-10,Marketing agency,SG,blog,referral,pricing-post,,Jacob, Chen,Neural Marketing Co,ML Engineer,SG,False,,unknown,blog,False,referral,False,pricing-post,False,jchen@neuralmarketing.co,jchen@neuralmarketing.co,work,False,False,False,False,False,,False,,True,False,,false,ambiguous,,false,false
L2734,2026-04-29,David,Perez,perez.david@evalhouse.ai,Software Engineer,EvalHouse,evalhouse.ai,1-10,AI/ML software,DE,github,referral,docs-cta,no,David,Perez,EvalHouse,Software Engineer  ,DE,False,no,false,github,False,referral,False,docs-cta,False,perez.david@evalhouse.ai,perez.david@evalhouse.ai,work,False,False,False,False,False,https://evalhouse.ai,True,,True,False,,true,verified_out,,true,false
L2027,2026-05-07,John,Sato,jsato@quantumnails.com,Financial Analyst,Quantum Nails Salon,quantumnails.com,51-200,,SG,producthunt,referral,launch,opted_in,John, Sato,Quantum Nails Salon,Financial Analyst,Singapore,False,opted_in,true,producthunt,False,referral,False,launch,False,jsato@quantumnails.com,jsato@quantumnails.com,work,False,False,False,False,False,https://quantumnails.com,True,,True,False,,false,verified_in,,false,false
L2028,2026-05-19,Frank,Scott,frank_scott@harborviewlogistics.com,Research Scientist,harborview logistics,harborviewlogistics.com,201-500,,AU,linkedin,paid_social,serverless-launch,pending,frank,Scott, harborview logistics, Research Scientist,Australia,False,pending,unknown,linkedin,False,paid_social,False,serverless-launch,False,frank_scott@harborviewlogistics.com,frank_scott@harborviewlogistics.com,work,False,False,False,False,False,www.harborviewlogistics.com,True,,True,False,,false,verified_out,,false,true
L1162,2026-06-10,Andrew,Wright,awright@synapsefoundry.com,Senior ML Engineer,Synapse Foundry,synapsefoundry.com,11-50,AI/ML software,AU,youtube,video,tutorial-series,NULL, ANDREW,WRIGHT,Synapse Foundry,Senior ML Engineer,Australia,False,NULL,unknown,youtube,False,video,False,tutorial-series,False,awright@synapsefoundry.com,awright@synapsefoundry.com,work,False,False,False,False,False,https://synapsefoundry.com,True,,True,False,,false,ambiguous,,false,false
L1805,2026-05-29,Rachel,Schulz,rschulz@cloudspan.dev,Computer Vision Engineer,Cloudspan,cloudspan.dev,51-200,Software,IE,linkedin,paid_social,serverless-launch,granted,Rachel,Schulz,Cloudspan,Computer Vision Engineer,Ireland,False,granted,true,linkedin,False,paid_social,False,serverless-launch,False,rschulz@cloudspan.dev,rschulz@cloudspan.dev,work,False,False,False,False,False,www.cloudspan.dev,True,,True,False,,true,verified_in,,false,false
L1812,2026-05-09,Sandra,Allen,sallen@ledgerworks.com,ML Engineer,LedgerWorks,ledgerworks.com,51-200,,CA,,,,,sandra,Allen,LedgerWorks  ,ML Engineer,canada,False,,unknown,test,True,test,True,test-campaign-DELETE,True,sallen@ledgerworks.com,sallen@ledgerworks.com,work,False,False,False,False,False,www.ledgerworks.com,True,,True,False,,false,verified_in,,true,false
L2438,2026-04-20,Robert,Robinson,robinson.robert@yahoo.com,Deep Learning Engineer,LegalMind AI,legalmind.ai,201-500,,AU,,,,1,Robert,robinson,LegalMind AI,Deep Learning Engineer,australia,False,1,true,{{utm_source}},True,{{utm_medium}},True,{{utm_campaign}},True,robinson.robert@yahoo.com,robinson.robert@yahoo.com,freemail,False,False,False,False,False,www.legalmind.ai,True,robinson.robert@yahoo.com,True,False,,false,verified_in,,false,false
L2878,2026-06-24,Lars,Wright,larsw@paytrellis.com,Backend Engineer,PayTrellis,paytrellis.com,51-200,,AU,youtube,video,tutorial-series,,lars,Wright, PayTrellis,Backend Engineer,Australia,False,,unknown,youtube,False,video,False,tutorial-series,False,larsw@paytrellis.com,larsw@paytrellis.com,work,False,False,False,False,False,https://paytrellis.com,True,larsw@paytrellis.com,True,True,job_title,false,ambiguous,,false,false
L2460,2026-05-02,Susan,Clark,sclark@shipmate.io,VP Engineering,SHIPMATE,shipmate.io,,Software,NL,docs,referral,quickstart,,Susan,Clark,SHIPMATE  , VP Engineering,netherlands,False,,unknown,docs,False,referral,False,quickstart,False,sclark@shipmate.io,sclark@shipmate.io,work,False,False,False,False,False,www.shipmate.io,True,,True,False,,true,verified_in,,false,true
L1976,2026-05-10,Andrew,Weber,andrew_weber@ridgewayconstruction.com,Independent Consultant,Ridgeway Construction,,11-50,,JP,facebook,paid,fb_q3,,Andrew,Weber,Ridgeway Construction,Independent Consultant,japan,False,,unknown,FB,False,paid,False,fb_q3,False,andrew_weber@ridgewayconstruction.com,andrew_weber@ridgewayconstruction.com,work,False,False,False,False,False,,False,,True,False,,false,verified_in,,false,false
L1067,2026-06-13,Katherine,Perez,kperez@axonresearch.ai,Head of AI,Axon Research,,,,FR,reddit,social,r-machinelearning,,Katherine, PEREZ,Axon Research,Head of AI,france,False,,unknown,reddit,False,social,False,r-machinelearning,False,kperez@axonresearch.ai,kperez@axonresearch.ai,work,False,False,False,False,False,,False,,True,False,,true,verified_out,,false,true
L2502,2026-05-04,Margaret,Walker,margaret_walker@northernuni.edu,Freelancer,Northern University,,1000+,Education,GB,facebook,social,q3,, MARGARET,WALKER,Northern University,Freelancer,UK,False,,unknown,fb_paid,False,social,False,q3,False,margaret_walker@northernuni.edu,margaret_walker@northernuni.edu,work,False,False,True,False,False,,False,,True,False,,false,ambiguous,,false,false
L1647,2026-04-06,Mateo,Baker,mateo_baker@hotmail.com,software engineer,,,,,SG,google,organic,,granted,Mateo,Baker,,software engineer,Singapore,False,granted,true,google,False,organic,False,,True,mateo_baker@hotmail.com,mateo_baker@hotmail.com,freemail,False,False,False,False,False,,False,,True,False,,false,verified_in,,false,false
L1701,2026-06-24,Nicholas,Nelson,nelson.nicholas@mistletoeml.com,NLP Engineer,Mistletoe ML,,1000+,,CA,,,,yes,Nicholas,Nelson,Mistletoe ML,NLP Engineer,canada,False,yes,true,undefined,True,undefined,True,,True,nelson.nicholas@mistletoeml.com,nelson.nicholas@mistletoeml.com,work,False,False,False,False,False,,False,,True,False,,false,verified_in,,false,false
L2677,2026-04-04,Daniel,Andersson,daniela@legalmind.ai,Managing Partner,LegalMind AI,legalmind.ai,201-500,AI/ML software,FR,,,,granted,Daniel,Andersson,LegalMind AI,Managing Partner,France,False,granted,true,undefined,True,undefined,True,,True,daniela@legalmind.ai,daniela@legalmind.ai,work,False,False,False,False,False,https://legalmind.ai,True,,True,False,,true,verified_in,,false,false
L1079,2026-04-17,James,Jones,JONES.JAMES@FIELDSTONETECH.COM,Software Engineer,Fieldstone Tech,fieldstonetech.com,501-1000,Software,US,google,cpc,brand-search,TRUE,james,Jones  ,Fieldstone Tech,Software Engineer,United States,False,TRUE,true,google ,False, cpc,False,brand search,False,JONES.JAMES@FIELDSTONETECH.COM,jones.james@fieldstonetech.com,work,False,False,False,False,False,https://fieldstonetech.com,True,,True,False,,false,verified_in,,false,false
L2863,2026-06-14,Ingrid,Lewis,ingrid.lewis@instech.edu,Student,institute of technology,instech.edu,1000+,Education,SE,linkedin,paid_social,serverless-launch,opted_in,Ingrid,LEWIS,institute of technology,Student,sweden,False,opted_in,true,linkedin,False,paid_social,False,serverless-launch,False,ingrid.lewis@instech.edu,ingrid.lewis@instech.edu,work,False,False,True,False,False,https://instech.edu,True,ingrid.lewis@instech.edu,True,True,job_title,true,verified_out,,false,false
L1252,2026-06-29,James,Jackson,james_jackson@northernuni.edu,student,northern university,northernuni.edu,1000+,Education,IN,youtube,video,tutorial-series,true,James,Jackson,northern university,student,india,False,true,true,youtube,False,video,False,tutorial-series,False,james_jackson@northernuni.edu,james_jackson@northernuni.edu,work,False,False,True,False,False,https://northernuni.edu,True,,True,False,,false,verified_in,,false,false
L1894,2026-05-14,Jack,Novak,jack.novak@instech.edu,MS Student,INSTITUTE OF TECHNOLOGY,instech.edu,1000+,Education,DE,blog,referral,pricing-post,0,Jack,Novak,INSTITUTE OF TECHNOLOGY,MS Student,Germany,False,0,false,blog,False,referral,False,pricing-post,False,jack.novak@instech.edu,jack.novak@instech.edu,work,False,False,True,False,False,www.instech.edu,True,,True,False,,true,verified_out,,false,false
L1800,2026-05-20,Andrew,Singh,andrews@modelry.ai,Owner,Modelry,modelry.ai,1-10,AI/ML software,BR,google,cpc,gpu-cloud-nonbrand,1,Andrew,Singh,Modelry,Owner,brazil,False,1,true,google,False,cpc,False,gpu-cloud-nonbrand,False,andrews@modelry.ai,andrews@modelry.ai,work,False,False,False,False,False,www.modelry.ai,True,,True,False,,false,verified_in,,false,false
L2120,2026-04-15,Jonathan,Tanaka,tanaka.jonathan@modelry.ai,Enthusiast,MODELRY,modelry.ai,1-10,,GB,twitter,social,launch-week,yes,Jonathan,Tanaka,MODELRY,Enthusiast,uk,False,yes,true,twitter,False,social,False,launch-week,False,tanaka.jonathan@modelry.ai,tanaka.jonathan@modelry.ai,work,False,False,False,False,False,www.modelry.ai,True,,True,False,,false,verified_in,,false,true
L1833,2026-06-29,Daniel,Perez,danielp@formcraft.com,Builder,Formcraft,,1000+,Software,AU,google,cpc,gpu-cloud-nonbrand,,Daniel,Perez,Formcraft,Builder,australia,False,,unknown,google,False,cpc,False,gpu-cloud-nonbrand,False,danielp@formcraft.com,danielp@formcraft.com,work,False,False,False,False,False,,False,,True,False,,false,ambiguous,,false,false
L2798,2026-06-19,Aaa,Bbb,aaa@bbb.cc,,,,,,,google,,,,aaa,bbb,,,??,True,,unknown,google,False,,True,,True,aaa@bbb.cc,aaa@bbb.cc,work,False,False,False,False,True,,False,aaa@bbb.cc,True,False,,false,verified_out,,false,false
L2624,2026-04-07,Sofia,Allen,sofia.allen@finetunelabs.com,Data Scientist,FINETUNE LABS,finetunelabs.com,1-10,AI/ML software,JP,linkedin,paid_social,serverless-launch,NULL,Sofia,Allen, FINETUNE LABS,Data Scientist,Japan,False,NULL,unknown,linkedin,False,paid_social,False,serverless-launch,False,sofia.allen@finetunelabs.com,sofia.allen@finetunelabs.com,work,False,False,False,False,False,www.finetunelabs.com,True,,True,False,,false,verified_in,,false,false
L1057,2026-04-13,Steven,Schmidt,STEVEN.SCHMIDT@RIDGEWAYCONSTRUCTION.COM,Chief Technology Officer,ridgeway construction,ridgewayconstruction.com,,Construction,CA,reddit,social,r-machinelearning,,Steven,Schmidt,ridgeway construction,Chief Technology Officer,canada,False,,unknown,reddit,False,social,False,r-machinelearning,False,STEVEN.SCHMIDT@RIDGEWAYCONSTRUCTION.COM,steven.schmidt@ridgewayconstruction.com,work,False,False,False,False,False,www.ridgewayconstruction.com,True,,True,False,,false,ambiguous,,false,false
L2685,2026-06-24,Jason,Ali,jason_ali@mistletoeml.com,,Mistletoe ML,mistletoeml.com,1000+,,GB,youtube,video,tutorial-series,,Jason,Ali,Mistletoe ML,,UK,False,,unknown,youtube,False,video,False,tutorial-series,False,jason_ali@mistletoeml.com,jason_ali@mistletoeml.com,work,False,False,False,False,False,https://mistletoeml.com,True,,True,False,,false,ambiguous,,false,false
L2450,2026-05-14,Donald,Hoffmann,DHOFFMANN@DIFFUSIA.IO,,DIFFUSIA,diffusia.io,1-10,AI/ML software,SG,newsletter,email,weekly-digest,,Donald,Hoffmann,DIFFUSIA,,SG,False,,unknown,newsletter,False,email,False,weekly-digest,False,DHOFFMANN@DIFFUSIA.IO,dhoffmann@diffusia.io,work,False,False,False,False,False,https://diffusia.io,True,,True,False,,false,verified_in,,false,false
L1573,2026-04-06,George,Clark,gclark@bluebirdtravel.com,SVP Engineering,Bluebird Travel,,51-200,,JP,reddit,social,r-machinelearning,NULL,George,Clark,Bluebird Travel,SVP Engineering,japan,False,NULL,unknown,reddit,False,social,False,r-machinelearning,False,gclark@bluebirdtravel.com,gclark@bluebirdtravel.com,work,False,False,False,False,False,,False,,True,False,,false,ambiguous,,false,false
L2005,2026-05-28,Amy,Okafor,amy_okafor@modelry.ai,Consultant,Modelry,modelry.ai,1-10,AI/ML software,SE,blog,referral,pricing-post,true,Amy,OKAFOR,Modelry,Consultant,Sweden,False,true,true,blog,False,referral,False,pricing-post,False,amy_okafor@modelry.ai,amy_okafor@modelry.ai,work,False,False,False,False,False,www.modelry.ai,True,,True,False,,true,verified_in,,false,true
L2130,2026-06-17,Frank,Jackson,fjackson@inferralabs.com,Undergraduate,Inferra Labs,inferralabs.com,1000+,AI/ML software,IN,google,cpc,brand-search-q3,pending,Frank,Jackson,Inferra Labs,Undergraduate,India,False,pending,unknown,google,False,cpc,False,brand-search-q3,False,fjackson@inferralabs.com,fjackson@inferralabs.com,work,False,False,False,False,False,https://inferralabs.com,True,,True,False,,false,ambiguous,,false,false
L2183,2026-06-28,Daniel,Brown,daniel.brown@outlook.com,Data Scientist,PayTrellis,paytrellis.com,,Software,JP,,,,granted,Daniel,brown, PayTrellis,Data Scientist,JP,False,granted,true,undefined,True,undefined,True,,True,daniel.brown@outlook.com,daniel.brown@outlook.com,freemail,False,False,False,False,False,www.paytrellis.com,True,,True,False,,false,verified_in,,false,false
L2468,2026-05-25,Lars,Lee,lars_lee@greenleaflandscaping.com,Customer Success Manager,GreenLeaf Landscaping,greenleaflandscaping.com,51-200,,CA,,,,,lars,Lee,GreenLeaf Landscaping,Customer Success Manager  ,Canada,False,,unknown,{{utm_source}},True,{{utm_medium}},True,{{utm_campaign}},True,lars_lee@greenleaflandscaping.com,lars_lee@greenleaflandscaping.com,work,False,False,False,False,False,https://greenleaflandscaping.com,True,,True,False,,false,ambiguous,,false,false
L1878,2026-06-27,Elena,Miller,miller.elena@securexsystems.com,Data Scientist,Securex Systems,,1-10,Software,AU,blog,referral,pricing-post,pending,Elena,MILLER,Securex Systems,Data Scientist,australia,False,pending,unknown,blog,False,referral,False,pricing-post,False,miller.elena@securexsystems.com,miller.elena@securexsystems.com,work,False,False,False,False,False,,False,,True,False,,false,ambiguous,,false,false
L1377,2026-05-06,Gregory,Larsen,glarsen@harborviewlogistics.com,ml engineer,Harborview Logistics,harborviewlogistics.com,201-500,Logistics,CA,,,,true,Gregory, Larsen,Harborview Logistics,ml engineer,canada,False,true,true,null,True,null,True,null,True,glarsen@harborviewlogistics.com,glarsen@harborviewlogistics.com,work,False,False,False,False,False,www.harborviewlogistics.com,True,,True,False,,false,verified_in,,false,false
L1952,2026-06-29,Larry,Jackson,larryj@hotmail.com,,EvalHouse,,1-10,AI/ML software,PL,youtube,video,tutorial-series,no,Larry,Jackson,EvalHouse,,poland,False,no,false,youtube,False,video,False,tutorial-series,False,larryj@hotmail.com,larryj@hotmail.com,freemail,False,False,False,False,False,,False,,True,False,,true,verified_out,,false,false
L2276,2026-06-12,Ingrid,Schulz,ischulz@modelry.ai,Social Media Manager,Modelry,,1-10,AI/ML software,AU,,,,,Ingrid,Schulz,Modelry,Social Media Manager,AU,False,,unknown,null,True,null,True,null,True,ischulz@modelry.ai,ischulz@modelry.ai,work,False,False,False,False,False,,False,,True,False,,false,verified_out,,false,false
L1988,2026-06-09,Anna,Clark,ANNA_CLARK@MAPLEGROVEBAKERY.COM,,Maple Grove Bakery,maplegrovebakery.com,1-10,,IT,google,cpc,brand-search-q3,pending,Anna,clark,Maple Grove Bakery,,Italia,False,pending,unknown,google,False,cpc,False,brand-search-q3,False,ANNA_CLARK@MAPLEGROVEBAKERY.COM,anna_clark@maplegrovebakery.com,work,False,False,False,False,False,www.maplegrovebakery.com,True,,True,False,,true,verified_in,,false,false
L1009,2026-04-08,Edward,Kumar,kumar.edward@hotmail.com,SWE,Copilot Health AI,copilothealth.ai,1-10,,PL,reddit,social,r-machinelearning,unknown,Edward,Kumar,Copilot Health AI,SWE,poland,False,unknown,unknown,reddit,False,social,False,r-machinelearning,False,kumar.edward@hotmail.com,kumar.edward@hotmail.com,freemail,False,False,False,False,False,https://copilothealth.ai,True,kumar.edward@hotmail.com,True,False,,true,ambiguous,EU / Consent Verification Needed,false,false
L2434,2026-06-23,Ronald,Johnson,ronaldj@gridbase.dev,Co-founder,Gridbase,,11-50,Software,FR,google,organic,,Yes, Ronald,Johnson,Gridbase, Co-founder,FR,False,Yes,true,google,False,organic,False,,True,ronaldj@gridbase.dev,ronaldj@gridbase.dev,work,False,False,False,False,False,,False,,True,False,,true,verified_in,,true,false
L1109,2026-04-23,Brandon,Fischer,brandon_fischer@formcraft.com,Machine Learning Engineer,FORMCRAFT,formcraft.com,,,JP,google,organic,,,Brandon,Fischer,FORMCRAFT,Machine Learning Engineer,JP,False,,unknown,google,False,organic,False,,True,brandon_fischer@formcraft.com,brandon_fischer@formcraft.com,work,False,False,False,False,False,https://formcraft.com,True,,True,False,,false,verified_out,,false,true
L1820,2026-05-26,Brian,Ferrari,brianf@metricshub.com,Applied Scientist,MetricsHub,metricshub.com,1000+,,US,,,,1,Brian,Ferrari,MetricsHub,Applied Scientist,usa,False,1,true,test,True,test,True,test-campaign-DELETE,True,brianf@metricshub.com,brianf@metricshub.com,work,False,False,False,False,False,www.metricshub.com,True,,True,False,,false,verified_in,,false,false
L1222,2026-06-24,Jacob,Ferrari,jacob.ferrari@codewharf.dev,CTO,Codewharf,codewharf.dev,1000+,Software,US,facebook,paid,fb_q3,NULL,Jacob,Ferrari,Codewharf,CTO,united states,False,NULL,unknown,FB,False,paid,False,fb_q3,False,jacob.ferrari@codewharf.dev,jacob.ferrari@codewharf.dev,work,False,False,False,False,False,www.codewharf.dev,True,,True,False,,false,verified_out,,true,false
L1176,2026-04-27,Zara,Nelson,zara_nelson@outlook.com,Chief Technology Officer,TokenWorks,tokenworks.io,1000+,AI/ML software,JP,github,referral,docs-cta,unknown,zara,Nelson,TokenWorks,Chief Technology Officer,JP,False,unknown,unknown,github,False,referral,False,docs-cta,False,zara_nelson@outlook.com,zara_nelson@outlook.com,freemail,False,False,False,False,False,www.tokenworks.io,True,,True,False,,false,verified_in,,true,false
L2774,2026-05-18,Edward,Sanchez,edward_sanchez@gmail.com,Product Marketing Manager,Maple Grove Bakery,maplegrovebakery.com,1-10,Food and beverage,IT,newsletter,email,weekly-digest,FALSE,Edward,Sanchez,Maple Grove Bakery,Product Marketing Manager,IT,False,FALSE,false,newsletter,False,email,False,weekly-digest,False,edward_sanchez@gmail.com,edward_sanchez@gmail.com,freemail,False,False,False,False,False,www.maplegrovebakery.com,True,,True,False,,true,verified_out,,false,false
L1476,2026-04-16,Mary,Taylor,mary_taylor@signalfold.com,Marketing Manager,Signalfold,,1000+,AI/ML software,SG,youtube,video,tutorial-series,NULL,Mary,Taylor,Signalfold,Marketing Manager,SG,False,NULL,unknown,youtube,False,video,False,tutorial-series,False,mary_taylor@signalfold.com,mary_taylor@signalfold.com,work,False,False,False,False,False,,False,,True,False,,false,verified_in,,true,false
L1159,2026-04-10,Priya,Hill,priya.hill@tokenworks.io,SWE,,,,,SG,twitter,social,launch-week,,Priya,hill,, SWE,singapore,False,,unknown,twitter,False,social,False,launch-week,False,priya.hill@tokenworks.io,priya.hill@tokenworks.io,work,False,False,False,False,False,,False,,True,False,,false,ambiguous,,false,false
L2751,2026-05-21,Jacob,Wagner,wagner.jacob@synthworks.ai,Head of ML,SynthWorks AI,synthworks.ai,11-50,AI/ML software,IT,reddit,social,r-machinelearning,pending,JACOB,Wagner,SynthWorks AI,Head of ML,italy,False,pending,unknown,reddit,False,social,False,r-machinelearning,False,wagner.jacob@synthworks.ai,wagner.jacob@synthworks.ai,work,False,False,False,False,False,www.synthworks.ai,True,,True,False,,true,verified_in,,false,false
L1632,2026-06-17,Frank,Sharma,fsharma@stacklinesoftware.com,Marketing Manager,Stackline Software,stacklinesoftware.com,,Software,GB,reddit,social,r-machinelearning,TRUE,Frank,Sharma,Stackline Software,Marketing Manager,UK,False,TRUE,true,reddit,False,social,False,r-machinelearning,False,fsharma@stacklinesoftware.com,fsharma@stacklinesoftware.com,work,False,False,False,False,False,www.stacklinesoftware.com,True,fsharma@stacklinesoftware.com,True,False,,false,verified_in,,false,false
L2046,2026-06-08,Edward,Becker,becker.edward@neuralight.io,Senior Software Engineer,Neuralight,neuralight.io,,AI/ML software,ES,blog,referral,pricing-post,pending,edward,Becker,Neuralight,Senior Software Engineer,Spain,False,pending,unknown,blog,False,referral,False,pricing-post,False,becker.edward@neuralight.io,becker.edward@neuralight.io,work,False,False,False,False,False,www.neuralight.io,True,,True,False,,true,verified_out,,false,true
L1658,2026-05-30,Dorothy,Brown,brown.dorothy@gradientpeak.ai,,,,,,AU,twitter,social,launch-week,,Dorothy,Brown,,,Australia,False,,unknown,twitter,False,social,False,launch-week,False,brown.dorothy@gradientpeak.ai,brown.dorothy@gradientpeak.ai,work,False,False,False,False,False,,False,,True,False,,false,ambiguous,,false,false
L1732,2026-05-16,Mei,Wright,wright.mei@cloudspan.dev,Social Media Manager,Cloudspan,,51-200,,IE,,,,yes,mei, Wright,Cloudspan,Social Media Manager,ireland,False,yes,true,null,True,null,True,null,True,wright.mei@cloudspan.dev,wright.mei@cloudspan.dev,work,False,False,False,False,False,,False,,True,False,,true,verified_in,,false,false
L1662,2026-04-28,Kimberly,Scott,scott.kimberly@northernuni.edu,MS Student,Northern University,,1000+,,BR,,,,true,Kimberly,Scott,Northern University,MS Student,Brazil,False,true,true,test,True,test,True,test-campaign-DELETE,True,scott.kimberly@northernuni.edu,scott.kimberly@northernuni.edu,work,False,False,True,False,False,,False,,True,False,,false,verified_out,,false,false
L1073,2026-06-02,Fatima,Sanchez,fsanchez@copilothealth.ai,Chief Technology Officer,Copilot Health AI,copilothealth.ai,1-10,AI/ML software,SG,producthunt,referral,launch,pending,Fatima,Sanchez,Copilot Health AI,Chief Technology Officer,SG,False,pending,unknown,producthunt,False,referral,False,launch,False,fsanchez@copilothealth.ai,fsanchez@copilothealth.ai,work,False,False,False,False,False,https://copilothealth.ai,True,,True,False,,false,ambiguous,,false,false
L1968,2026-05-22,Melissa,Clark,melissac@tensorloop.io,Independent Consultant,TensorLoop,,51-200,,JP,google,organic,,,Melissa,Clark,TensorLoop,Independent Consultant,Japan,False,,unknown,google,False,organic,False,,True,melissac@tensorloop.io,melissac@tensorloop.io,work,False,False,False,False,False,,False,,True,False,,false,verified_in,,false,true
L2032,2026-06-25,Priya,Thomas,priya_thomas@copilothealth.ai,VP Engineering,Copilot Health AI,,1-10,AI/ML software,CA,docs,referral,quickstart,,Priya,Thomas,Copilot Health AI,VP Engineering  ,canada,False,,unknown,docs,False,referral,False,quickstart,False,priya_thomas@copilothealth.ai,priya_thomas@copilothealth.ai,work,False,False,False,False,False,,False,,True,False,,false,ambiguous,,false,false
L2833,2026-04-14,Deborah,Young,deborah.young@apptide.com,Founder,Apptide,apptide.com,501-1000,Software,SE,youtube,video,tutorial-series,granted,DEBORAH,Young,Apptide,Founder,sweden,False,granted,true,youtube,False,video,False,tutorial-series,False,deborah.young@apptide.com,deborah.young@apptide.com,work,False,False,False,False,False,https://apptide.com,True,deborah.young@apptide.com,True,False,,true,verified_in,,false,false
L2612,2026-05-22,Nicole,Flores,nicolef@corticon.ai,MS Student,Corticon AI,corticon.ai,501-1000,AI/ML software,CA,newsletter,email,weekly-digest,unknown,Nicole,Flores,Corticon AI,MS Student,canada,False,unknown,unknown,newsletter,False,email,False,weekly-digest,False,nicolef@corticon.ai,nicolef@corticon.ai,work,False,False,False,False,False,www.corticon.ai,True,,True,False,,false,verified_in,,false,true
L2689,2026-06-26,Chris,Adams,cadams@shipmate.io,Founder & CEO,SHIPMATE,shipmate.io,201-500,,,google,cpc,brand-search-q3,unknown,Chris,Adams,SHIPMATE,Founder & CEO  ,,False,unknown,unknown,google,False,cpc,False,brand-search-q3,False,cadams@shipmate.io,cadams@shipmate.io,work,False,False,False,False,False,www.shipmate.io,True,,True,False,,false,ambiguous,,false,false
L2360,2026-04-01,Ryan,White,white.ryan@northernuni.edu,Hobbyist,Northern University,northernuni.edu,1000+,Education,ES,google,cpc,gpu-cloud-nonbrand,opted_in,Ryan,White,Northern University  ,Hobbyist,ES,False,opted_in,true,google,False,cpc,False,gpu-cloud-nonbrand,False,white.ryan@northernuni.edu,white.ryan@northernuni.edu,work,False,False,True,False,False,https://northernuni.edu,True,,True,False,,true,verified_in,,false,false
L1813,2026-04-26,Thomas,Clark,clark.thomas@apptide.com,Co-Founder & CTO,,,,,SG,twitter,social,launch-week,yes,Thomas,Clark,,Co-Founder & CTO,SG,False,yes,true,twitter,False,social,False,launch-week,False,clark.thomas@apptide.com,clark.thomas@apptide.com,work,False,False,False,False,False,,False,,True,False,,false,verified_in,,false,false
L2543,2026-06-12,Astrid,Walker,awalker@cascade-ai.com,Founder,Cascade AI,cascade-ai.com,51-200,AI/ML software,SG,docs,referral,quickstart,granted,Astrid,Walker,Cascade AI,Founder,Singapore,False,granted,true,docs,False,referral,False,quickstart,False,awalker@cascade-ai.com,awalker@cascade-ai.com,work,False,False,False,False,False,www.cascade-ai.com,True,,True,False,,false,verified_in,,false,false
L2273,2026-04-01,Alexander,Smith,alexander_smith@relaymesh.io,NLP Engineer,Relaymesh,relaymesh.io,51-200,Software,BR,google,cpc,brand-search,,Alexander,Smith,Relaymesh,NLP Engineer  ,Brazil,False,,unknown,google ,False, cpc,False,brand search,False,alexander_smith@relaymesh.io,alexander_smith@relaymesh.io,work,False,False,False,False,False,www.relaymesh.io,True,,True,False,,false,ambiguous,,false,false
L2134,2026-06-30,Diego,Lopez,diego_lopez@vectorly.ai,Computer Vision Engineer,Vectorly AI,vectorly.ai,11-50,AI/ML software,IT,blog,referral,pricing-post,1,Diego,Lopez,Vectorly AI,Computer Vision Engineer,Italy,False,1,true,blog,False,referral,False,pricing-post,False,diego_lopez@vectorly.ai,diego_lopez@vectorly.ai,work,False,False,False,False,False,https://vectorly.ai,True,,True,False,,true,verified_in,,false,false
L2282,2026-04-28,Joshua,Rodriguez,rodriguez.joshua@ragpipe.dev,Senior Software Engineer,RagPipe,,501-1000,AI/ML software,US,github,referral,docs-cta,true,Joshua,Rodriguez  ,RagPipe,Senior Software Engineer,USA,False,true,true,github,False,referral,False,docs-cta,False,rodriguez.joshua@ragpipe.dev,rodriguez.joshua@ragpipe.dev,work,False,False,False,False,False,,False,,True,False,,false,verified_in,,true,false
L2407,2026-05-11,Mei,Moore,mei.moore@ledgerworks.com,Owner,LedgerWorks,ledgerworks.com,51-200,Software,GB,linkedin,paid_social,serverless-launch,pending,MEI,Moore,LedgerWorks,Owner,UK,False,pending,unknown,linkedin,False,paid_social,False,serverless-launch,False,mei.moore@ledgerworks.com,mei.moore@ledgerworks.com,work,False,False,False,False,False,https://ledgerworks.com,True,,True,False,,false,verified_in,,false,true
L1691,2026-05-24,Justin,Harris,justin.harris@copilothealth.ai,Director of Infrastructure,,,,,BR,producthunt,referral,launch,unknown,Justin,HARRIS,,Director of Infrastructure,Brazil,False,unknown,unknown,producthunt,False,referral,False,launch,False,justin.harris@copilothealth.ai,justin.harris@copilothealth.ai,work,False,False,False,False,False,,False,,True,False,,false,verified_in,,false,false
L2635,2026-06-21,Kimberly,Meyer,kimberly.meyer@luminaml.com,Head of Machine Learning,lumina ml,luminaml.com,11-50,,AU,newsletter,email,weekly-digest,pending,Kimberly,Meyer,lumina ml,Head of Machine Learning,Australia,False,pending,unknown,newsletter,False,email,False,weekly-digest,False,kimberly.meyer@luminaml.com,kimberly.meyer@luminaml.com,work,False,False,False,False,False,https://luminaml.com,True,,True,False,,false,ambiguous,,false,false
L1450,2026-06-21,Christine,Sato,sato.christine@luminaml.com,Operations Manager,LUMINA ML,luminaml.com,11-50,AI/ML software,JP,google,organic,,unknown,Christine,Sato  ,LUMINA ML,Operations Manager,JP,False,unknown,unknown,google,False,organic,False,,True,sato.christine@luminaml.com,sato.christine@luminaml.com,work,False,False,False,False,False,https://luminaml.com,True,sato.christine@luminaml.com,True,True,"company,job_title",false,ambiguous,,false,false
L1850,2026-06-25,Deborah,Nguyen,nguyen.deborah@luminaml.com,,Lumina ML,,11-50,AI/ML software,ES,youtube,video,tutorial-series,Yes,DEBORAH,Nguyen,Lumina ML,,ES,False,Yes,true,youtube,False,video,False,tutorial-series,False,nguyen.deborah@luminaml.com,nguyen.deborah@luminaml.com,work,False,False,False,False,False,,False,,True,False,,true,verified_out,,false,false
L2847,2026-06-29,aMARA,Miller,MILLER.AMARA@SYNAPSEFOUNDRY.COM,SVP Engineering,synapse foundry,synapsefoundry.com,11-50,AI/ML software,US,blog,referral,pricing-post,yes,aMARA  ,MILLER,synapse foundry  ,SVP Engineering,U.S.,False,yes,true,blog,False,referral,False,pricing-post,False,MILLER.AMARA@SYNAPSEFOUNDRY.COM,miller.amara@synapsefoundry.com,work,False,False,False,False,False,www.synapsefoundry.com,True,miller.amara@synapsefoundry.com,True,False,,false,verified_out,,false,true
L2921,2026-06-29,Brian,Gonzalez,briang@embediq.ai,Content Writer,,,,,SG,newsletter,email,weekly-digest,,Brian,Gonzalez,,Content Writer,Singapore,False,,unknown,newsletter,False,email,False,weekly-digest,False,briang@embediq.ai,briang@embediq.ai,work,False,False,False,False,False,,False,briang@embediq.ai,True,True,job_title,false,verified_in,,false,true
L1342,2026-04-04,Amara,Walker,amara.walker@harborviewlogistics.com,Sr. Data Scientist,Harborview Logistics,harborviewlogistics.com,201-500,,AU,google,cpc,gpu-cloud-nonbrand,true,Amara,Walker,Harborview Logistics,Sr. Data Scientist,Australia,False,true,true,google,False,cpc,False,gpu-cloud-nonbrand,False,amara.walker@harborviewlogistics.com,amara.walker@harborviewlogistics.com,work,False,False,False,False,False,https://harborviewlogistics.com,True,,True,False,,false,verified_in,,false,false
L2033,2026-04-05,Diego,Tanaka,DTANAKA@MISTLETOEML.COM,Senior ML Engineer,Mistletoe ML,mistletoeml.com,1000+,AI/ML software,,google,cpc,brand-search,1,Diego,Tanaka,Mistletoe ML,Senior ML Engineer,,False,1,true,google ,False, cpc,False,brand search,False,DTANAKA@MISTLETOEML.COM,dtanaka@mistletoeml.com,work,False,False,False,False,False,www.mistletoeml.com,True,,True,False,,false,verified_in,,false,false
L2574,2026-04-02,Stephen,Green,stephen.green@quantumnails.com,Recruiter,Quantum Nails Salon,quantumnails.com,51-200,Beauty,ES,linkedin,paid_social,serverless-launch,,Stephen, Green,Quantum Nails Salon,Recruiter  ,ES,False,,unknown,linkedin,False,paid_social,False,serverless-launch,False,stephen.green@quantumnails.com,stephen.green@quantumnails.com,work,False,False,False,False,False,https://quantumnails.com,True,,True,False,,true,verified_in,,false,false
L2700,2026-04-10,Stephanie,Patel,patel.stephanie@promptline.ai,SWE,Promptline,,11-50,AI/ML software,IE,,,,unknown,Stephanie,patel,Promptline,SWE,Ireland,False,unknown,unknown,test,True,test,True,test-campaign-DELETE,True,patel.stephanie@promptline.ai,patel.stephanie@promptline.ai,work,False,False,False,False,False,,False,,True,False,,true,ambiguous,EU / Consent Verification Needed,false,false
L2874,2026-06-09,aSTRID,Nelson,NELSON.ASTRID@EMBEDIQ.AI,Infrastructure Engineer,embediq,embediq.ai,1000+,AI/ML software,SG,,,,,aSTRID,NELSON,embediq,Infrastructure Engineer,singapore,False,,unknown,null,True,null,True,null,True,NELSON.ASTRID@EMBEDIQ.AI,nelson.astrid@embediq.ai,work,False,False,False,False,False,www.embediq.ai,True,nelson.astrid@embediq.ai,True,False,,false,ambiguous,,false,false
L2616,2026-04-17,Ryan,Andersson,ryan_andersson@neuralight.io,Sales Development Rep,Neuralight,neuralight.io,201-500,AI/ML software,IN,facebook,social,q3,1,Ryan,Andersson,Neuralight,Sales Development Rep,IN,False,1,true,fb_paid,False,social,False,q3,False,ryan_andersson@neuralight.io,ryan_andersson@neuralight.io,work,False,False,False,False,False,https://neuralight.io,True,,True,False,,false,verified_in,,false,false
L1925,2026-06-27,Lisa,Jackson,lisa_jackson@streamlyne.io,Senior ML Engineer,streamlyne,,11-50,,,newsletter,email,weekly-digest,,lisa  ,Jackson,streamlyne,Senior ML Engineer,,False,,unknown,newsletter,False,email,False,weekly-digest,False,lisa_jackson@streamlyne.io,lisa_jackson@streamlyne.io,work,False,False,False,False,False,,False,,True,False,,false,verified_in,,false,false
L1782,2026-06-09,Yuki,Muller,yukim@finetunelabs.com,Platform Engineer,Finetune Labs,finetunelabs.com,1-10,AI/ML software,SG,newsletter,email,weekly-digest,,yuki,Muller,Finetune Labs,Platform Engineer,Singapore,False,,unknown,newsletter,False,email,False,weekly-digest,False,yukim@finetunelabs.com,yukim@finetunelabs.com,work,False,False,False,False,False,www.finetunelabs.com,True,,True,False,,false,ambiguous,,false,false
L1186,2026-06-14,Angela,Harris,angelah@brightqueue.io,Senior ML Engineer,BrightQueue,brightqueue.io,,Software,CA,docs,referral,quickstart,,Angela,harris,BrightQueue,Senior ML Engineer,canada,False,,unknown,docs,False,referral,False,quickstart,False,angelah@brightqueue.io,angelah@brightqueue.io,work,False,False,False,False,False,www.brightqueue.io,True,,True,False,,false,ambiguous,,false,false
L2888,2026-06-14,Kathleen,Kim,KATHLEENK@ORBITALMIND.AI,SVP Engineering,ORBITAL MIND,orbitalmind.ai,201-500,AI/ML software,SG,producthunt,referral,launch,opted_in,Kathleen,Kim,ORBITAL MIND,SVP Engineering,Singapore,False,opted_in,true,producthunt,False,referral,False,launch,False,KATHLEENK@ORBITALMIND.AI,kathleenk@orbitalmind.ai,work,False,False,False,False,False,https://orbitalmind.ai,True,kathleenk@orbitalmind.ai,True,True,job_title,false,verified_in,,false,false
L1822,2026-05-08,Ryan,Harris,ryan.harris@ledgerworks.com,Product Marketing Manager,LedgerWorks,ledgerworks.com,51-200,,IN,reddit,social,r-machinelearning,unknown,Ryan,Harris,LedgerWorks,Product Marketing Manager,india,False,unknown,unknown,reddit,False,social,False,r-machinelearning,False,ryan.harris@ledgerworks.com,ryan.harris@ledgerworks.com,work,False,False,False,False,False,www.ledgerworks.com,True,,True,False,,false,ambiguous,,false,false
L2101,2026-05-07,Patricia,Rossi,patriciar@tokenworks.io,Infrastructure Engineer,TokenWorks,tokenworks.io,1000+,AI/ML software,DE,newsletter,email,weekly-digest,opted_in,PATRICIA,Rossi,TokenWorks,Infrastructure Engineer,Germany,False,opted_in,true,newsletter,False,email,False,weekly-digest,False,patriciar@tokenworks.io,patriciar@tokenworks.io,work,False,False,False,False,False,https://tokenworks.io,True,,True,False,,true,verified_in,,false,false
L2757,2026-06-21,Sharon,Fischer,sharonf@ledgerworks.com,Staff Engineer,LedgerWorks,ledgerworks.com,51-200,Software,IN,,,,unknown,sharon,Fischer, LedgerWorks,Staff Engineer,IN,False,unknown,unknown,test,True,test,True,test-campaign-DELETE,True,sharonf@ledgerworks.com,sharonf@ledgerworks.com,work,False,False,False,False,False,https://ledgerworks.com,True,,True,False,,false,verified_out,,true,false
L2633,2026-06-20,Jacob,Davis,jacobd@codewharf.dev,Product Marketing Manager,Codewharf,codewharf.dev,1000+,Software,AU,github,referral,docs-cta,,Jacob,Davis,Codewharf,Product Marketing Manager,australia,False,,unknown,github,False,referral,False,docs-cta,False,jacobd@codewharf.dev,jacobd@codewharf.dev,work,False,False,False,False,False,https://codewharf.dev,True,,True,False,,false,ambiguous,,false,false
L2247,2026-05-03,Frank,Torres,frankt@relaymesh.io,software engineer,Relaymesh,,51-200,Software,US,docs,referral,quickstart,,Frank,TORRES,Relaymesh,software engineer,usa,False,,unknown,docs,False,referral,False,quickstart,False,frankt@relaymesh.io,frankt@relaymesh.io,work,False,False,False,False,False,,False,,True,False,,false,ambiguous,,false,false
L2236,2026-05-10,Raymond,Sanchez,raymond_sanchez@brightqueue.io,Software Engineer,BRIGHTQUEUE,brightqueue.io,51-200,Software,GB,facebook,social,q3,,Raymond,Sanchez,BRIGHTQUEUE,Software Engineer,GB,False,,unknown,fb_paid,False,social,False,q3,False,raymond_sanchez@brightqueue.io,raymond_sanchez@brightqueue.io,work,False,False,False,False,False,www.brightqueue.io,True,,True,False,,false,verified_out,,false,false
L1827,2026-05-23,Sandra,Lewis,sandra_lewis@finetunelabs.com,Chief AI Officer,Finetune Labs,finetunelabs.com,1-10,AI/ML software,AU,newsletter,email,weekly-digest,pending,Sandra,Lewis,Finetune Labs,Chief AI Officer,australia,False,pending,unknown,newsletter,False,email,False,weekly-digest,False,sandra_lewis@finetunelabs.com,sandra_lewis@finetunelabs.com,work,False,False,False,False,False,www.finetunelabs.com,True,,True,False,,false,verified_in,,true,false
L1064,2026-04-29,Alexander,Chen,alexander_chen@stateuniv.edu,Undergraduate,STATE UNIVERSITY,stateuniv.edu,1000+,Education,CA,linkedin,paid_social,serverless-launch,pending,Alexander,Chen,STATE UNIVERSITY,Undergraduate,CA,False,pending,unknown,linkedin,False,paid_social,False,serverless-launch,False,alexander_chen@stateuniv.edu,alexander_chen@stateuniv.edu,work,False,False,True,False,False,www.stateuniv.edu,True,,True,False,,false,verified_in,,false,false
L1336,2026-05-24,Fatima,Fischer,fatimaf@inferralabs.com,Data Scientist,Inferra Labs,inferralabs.com,1000+,AI/ML software,,google,organic,,,FATIMA,Fischer,Inferra Labs,Data Scientist,,False,,unknown,google,False,organic,False,,True,fatimaf@inferralabs.com,fatimaf@inferralabs.com,work,False,False,False,False,False,https://inferralabs.com,True,,True,False,,false,verified_in,,false,false
L1541,2026-06-05,Elena,Brown,ebrown@pipelinelabs.io,Office Manager,Pipeline Labs,pipelinelabs.io,1000+,Software,GB,,,,NULL,Elena,brown,Pipeline Labs,Office Manager,United Kingdom,False,NULL,unknown,undefined,True,undefined,True,,True,ebrown@pipelinelabs.io,ebrown@pipelinelabs.io,work,False,False,False,False,False,www.pipelinelabs.io,True,,True,False,,false,ambiguous,,false,false
L1689,2026-06-13,Sarah,Wagner,swagner@tensorloop.io,Head of MLOps,TensorLoop,tensorloop.io,51-200,AI/ML software,,twitter,social,launch-week,unknown,Sarah,Wagner,TensorLoop,Head of MLOps,,False,unknown,unknown,twitter,False,social,False,launch-week,False,swagner@tensorloop.io,swagner@tensorloop.io,work,False,False,False,False,False,https://tensorloop.io,True,,True,False,,false,ambiguous,,false,false
L1507,2026-06-09,Scott,Allen,scott_allen@pipelinelabs.io,,Pipeline Labs,pipelinelabs.io,1000+,Software,ES,google,cpc,brand-search-q3,, Scott,Allen,Pipeline Labs,,ES,False,,unknown,google,False,cpc,False,brand-search-q3,False,scott_allen@pipelinelabs.io,scott_allen@pipelinelabs.io,work,False,False,False,False,False,https://pipelinelabs.io,True,,True,False,,true,verified_in,,false,true
L1600,2026-04-18,Michael,Johnson,mjohnson@securexsystems.com,Sr. Data Scientist,securex systems,securexsystems.com,1-10,Software,GB,producthunt,referral,launch,,Michael,Johnson,securex systems,Sr. Data Scientist,GB,False,,unknown,producthunt,False,referral,False,launch,False,mjohnson@securexsystems.com,mjohnson@securexsystems.com,work,False,False,False,False,False,www.securexsystems.com,True,,True,False,,false,ambiguous,,false,false
L1921,2026-06-17,Lisa,Ramirez,ramirez.lisa@ridgewayconstruction.com,Marketing Manager,Ridgeway Construction,ridgewayconstruction.com,11-50,Construction,GB,youtube,video,tutorial-series,,Lisa,Ramirez,Ridgeway Construction  ,Marketing Manager,UK,False,,unknown,youtube,False,video,False,tutorial-series,False,ramirez.lisa@ridgewayconstruction.com,ramirez.lisa@ridgewayconstruction.com,work,False,False,False,False,False,www.ridgewayconstruction.com,True,,True,False,,false,ambiguous,,false,false
L2302,2026-04-13,Priya,Hernandez,priya_hernandez@pipelinelabs.io,Research Scientist,PIPELINE LABS,pipelinelabs.io,1000+,Software,GB,blog,referral,pricing-post,unknown,Priya,Hernandez,PIPELINE LABS,Research Scientist,uk,False,unknown,unknown,blog,False,referral,False,pricing-post,False,priya_hernandez@pipelinelabs.io,priya_hernandez@pipelinelabs.io,work,False,False,False,False,False,https://pipelinelabs.io,True,,True,False,,false,verified_out,,false,false
L2427,2026-04-08,Elena,Rossi,rossi.elena@hotmail.com,Customer Success Manager,TokenWorks,tokenworks.io,1000+,AI/ML software,,reddit,social,r-machinelearning,,Elena,Rossi,TokenWorks,Customer Success Manager,,False,,unknown,reddit,False,social,False,r-machinelearning,False,rossi.elena@hotmail.com,rossi.elena@hotmail.com,freemail,False,False,False,False,False,www.tokenworks.io,True,,True,False,,false,verified_out,,false,true
L2495,2026-04-14,James,Lopez,james.lopez@bluebirdtravel.com,Product Marketing Manager,Bluebird Travel,,51-200,,JP,linkedin,paid_social,serverless-launch,NULL,James,Lopez,Bluebird Travel  ,Product Marketing Manager,japan,False,NULL,unknown,linkedin,False,paid_social,False,serverless-launch,False,james.lopez@bluebirdtravel.com,james.lopez@bluebirdtravel.com,work,False,False,False,False,False,,False,,True,False,,false,ambiguous,,false,false
L1817,2026-05-23,Kwame,Green,kwame_green@yahoo.com,Project Manager,Copilot Health AI,copilothealth.ai,1-10,,GB,email_blast,email,july-promo,, KWAME,Green,Copilot Health AI,Project Manager,uk,False,,unknown,email%20blast,False,e-mail,False,JULY%20PROMO,False,kwame_green@yahoo.com,kwame_green@yahoo.com,freemail,False,False,False,False,False,https://copilothealth.ai,True,,True,False,,false,ambiguous,,false,false
L2011,2026-05-24,Donald,Wright,wright.donald@roboticsone.ai,,,,,,BR,google,cpc,brand-search-q3,,Donald,Wright,,,BR,False,,unknown,google,False,cpc,False,brand-search-q3,False,wright.donald@roboticsone.ai,wright.donald@roboticsone.ai,work,False,False,False,False,False,,False,,True,False,,false,ambiguous,,false,false
L1543,2026-06-19,Justin,Park,justin.park@bluebirdtravel.com,Machine Learning Engineer,Bluebird Travel,bluebirdtravel.com,51-200,Travel,BR,producthunt,referral,launch,,Justin,Park,Bluebird Travel,Machine Learning Engineer,brazil,False,,unknown,producthunt,False,referral,False,launch,False,justin.park@bluebirdtravel.com,justin.park@bluebirdtravel.com,work,False,False,False,False,False,www.bluebirdtravel.com,True,,True,False,,false,verified_in,,false,false
L2015,2026-05-05,Carol,Green,green.carol@centralpoly.edu,Freelancer,,,,,BR,linkedin,paid_social,serverless-launch,unknown,Carol,Green,,Freelancer,BR,False,unknown,unknown,linkedin,False,paid_social,False,serverless-launch,False,green.carol@centralpoly.edu,green.carol@centralpoly.edu,work,False,False,True,False,False,,False,,True,False,,false,ambiguous,,false,false
L1913,2026-06-04,Patrick,Schmidt,PSCHMIDT@APPTIDE.COM,software engineer,Apptide,apptide.com,,,GB,newsletter,email,weekly-digest,,Patrick,Schmidt,Apptide,software engineer,GB,False,,unknown,newsletter,False,email,False,weekly-digest,False,PSCHMIDT@APPTIDE.COM,pschmidt@apptide.com,work,False,False,False,False,False,www.apptide.com,True,,True,False,,false,verified_in,,false,false
L2428,2026-06-19,Dennis,Brown,DBROWN@FORMCRAFT.COM,ML Engineer,Formcraft,formcraft.com,,Software,IN,linkedin,paid_social,serverless-launch,,Dennis  ,Brown,Formcraft,ML Engineer,india,False,,unknown,linkedin,False,paid_social,False,serverless-launch,False,DBROWN@FORMCRAFT.COM,dbrown@formcraft.com,work,False,False,False,False,False,www.formcraft.com,True,,True,False,,false,ambiguous,,false,false
L1788,2026-05-13,Diego,Mitchell,diegom@pipelinelabs.io,Infrastructure Engineer,Pipeline Labs,pipelinelabs.io,1000+,Software,DE,google,cpc,brand-search-q3,,Diego,Mitchell, Pipeline Labs,Infrastructure Engineer,DE,False,,unknown,google,False,cpc,False,brand-search-q3,False,diegom@pipelinelabs.io,diegom@pipelinelabs.io,work,False,False,False,False,False,www.pipelinelabs.io,True,,True,False,,true,ambiguous,EU / Consent Verification Needed,false,false
L2795,2026-04-29,Asdf,Asdf,asdf@asdf.com,asdf,asdf,,,,,google,,,,asdf,asdf,asdf,asdf,,False,,unknown,google,False,,True,,True,asdf@asdf.com,asdf@asdf.com,work,False,False,False,False,False,,False,asdf@asdf.com,True,False,,false,verified_out,,false,false
L1060,2026-04-04,Robert,Rodriguez,robertr@cloudspan.dev,founder/ceo,cloudspan,cloudspan.dev,51-200,Software,CA,facebook,cpc,fb-q3-conversions,true,Robert,Rodriguez,cloudspan,founder/ceo,CA,False,true,true,Facebook Ads,False,cpc,False,fb-q3-conversions,False,robertr@cloudspan.dev,robertr@cloudspan.dev,work,False,False,False,False,False,www.cloudspan.dev,True,,True,False,,false,verified_in,,false,false
L2915,2026-06-21,Emily,White,emilyw@shipmate.io,ML Engineer,Shipmate,shipmate.io,201-500,Software,JP,docs,referral,quickstart,pending,Emily,White,Shipmate,ML Engineer,japan,False,pending,unknown,docs,False,referral,False,quickstart,False,emilyw@shipmate.io,emilyw@shipmate.io,work,False,False,False,False,False,www.shipmate.io,True,emilyw@shipmate.io,True,True,job_title,false,ambiguous,,false,false
L1595,2026-05-30,Wei,Schulz,schulz.wei@voiceforge.ai,sre,voiceforge,voiceforge.ai,51-200,AI/ML software,NL,docs,referral,quickstart,yes,Wei,Schulz,voiceforge,sre,The Netherlands,False,yes,true,docs,False,referral,False,quickstart,False,schulz.wei@voiceforge.ai,schulz.wei@voiceforge.ai,work,False,False,False,False,False,https://voiceforge.ai,True,,True,False,,true,verified_in,,false,false
L1648,2026-04-25,Patricia,Mitchell,patricia_mitchell@yahoo.com,Deep Learning Engineer,Opsfleet,opsfleet.com,1000+,,US,linkedin,paid_social,serverless-launch,unknown, patricia,Mitchell,Opsfleet,Deep Learning Engineer,US,False,unknown,unknown,linkedin,False,paid_social,False,serverless-launch,False,patricia_mitchell@yahoo.com,patricia_mitchell@yahoo.com,freemail,False,False,False,False,False,www.opsfleet.com,True,,True,False,,false,ambiguous,,false,false
L2406,2026-05-19,Priya,Weber,pweber@instech.edu,Graduate Student,Institute of Technology,instech.edu,1000+,,JP,youtube,video,tutorial-series,,Priya,Weber,Institute of Technology  ,Graduate Student,japan,False,,unknown,youtube,False,video,False,tutorial-series,False,pweber@instech.edu,pweber@instech.edu,work,False,False,True,False,False,www.instech.edu,True,,True,False,,false,verified_in,,false,false
L2759,2026-05-12,Margaret,Hoffmann,mhoffmann@relaymesh.io,Research Scientist,Relaymesh,relaymesh.io,51-200,Software,SG,docs,referral,quickstart,,Margaret,Hoffmann,Relaymesh,Research Scientist,singapore,False,,unknown,docs,False,referral,False,quickstart,False,mhoffmann@relaymesh.io,mhoffmann@relaymesh.io,work,False,False,False,False,False,www.relaymesh.io,True,,True,False,,false,verified_out,,false,true
L2052,2026-06-09,Ryan,Robinson,rrobinson@evalhouse.ai,Accountant,EvalHouse,evalhouse.ai,1-10,,,,,,TRUE,Ryan,ROBINSON,EvalHouse,Accountant,,False,TRUE,true,undefined,True,undefined,True,,True,rrobinson@evalhouse.ai,rrobinson@evalhouse.ai,work,False,False,False,False,False,https://evalhouse.ai,True,,True,False,,false,verified_in,,false,false
L2865,2026-05-16,Angela,Moore,angelam+signup@voxeldynamics.ai,Social Media Manager,VOXEL DYNAMICS,,51-200,,CA,newsletter,email,weekly-digest,,Angela,Moore,VOXEL DYNAMICS,Social Media Manager,canada,False,,unknown,newsletter,False,email,False,weekly-digest,False,angelam+signup@voxeldynamics.ai,angelam+signup@voxeldynamics.ai,work,False,False,False,False,False,,False,,True,False,,false,verified_in,,true,false
L1979,2026-05-04,Fatima,Park,park.fatima@peakfitnessstudios.com,,Peak Fitness Studios,peakfitnessstudios.com,51-200,Fitness,BR,facebook,paid_social,fb_q3,NULL,Fatima,Park,Peak Fitness Studios,,Brazil,False,NULL,unknown,facebook,False,Paid-Social,False,FB_Q3,False,park.fatima@peakfitnessstudios.com,park.fatima@peakfitnessstudios.com,work,False,False,False,False,False,https://peakfitnessstudios.com,True,,True,False,,false,verified_in,,false,false
L1495,2026-06-18,Astrid,Schulz,schulz.astrid@yahoo.com,Undergraduate,State University,stateuniv.edu,1000+,Education,,google,cpc,brand-search-q3,pending,Astrid,Schulz  ,State University,Undergraduate,,False,pending,unknown,google,False,cpc,False,brand-search-q3,False,schulz.astrid@yahoo.com,schulz.astrid@yahoo.com,freemail,False,False,False,False,False,https://stateuniv.edu,True,,True,False,,false,ambiguous,,false,false
L2062,2026-05-16,Samantha,Schulz,samantha.schulz@quantumnails.com,Office Manager,Quantum Nails Salon,,51-200,Beauty,JP,newsletter,email,weekly-digest,granted,Samantha,Schulz,Quantum Nails Salon,Office Manager,japan,False,granted,true,newsletter,False,email,False,weekly-digest,False,samantha.schulz@quantumnails.com,samantha.schulz@quantumnails.com,work,False,False,False,False,False,,False,,True,False,,false,verified_in,,false,false
L2204,2026-06-06,Joseph,Smith,joseph_smith@vectorly.ai,Backend Engineer,Vectorly AI,vectorly.ai,,AI/ML software,AU,github,referral,docs-cta,,joseph,Smith,Vectorly AI,Backend Engineer,australia,False,,unknown,github,False,referral,False,docs-cta,False,joseph_smith@vectorly.ai,joseph_smith@vectorly.ai,work,False,False,False,False,False,https://vectorly.ai,True,,True,False,,false,ambiguous,,false,false
L1579,2026-05-07,Benjamin,Lee,lee.benjamin@orbitalmind.ai,software engineer,Orbital Mind,,,AI/ML software,BR,,,,,Benjamin,lee,Orbital Mind,software engineer,BR,False,,unknown,null,True,null,True,null,True,lee.benjamin@orbitalmind.ai,lee.benjamin@orbitalmind.ai,work,False,False,False,False,False,,False,,True,False,,false,verified_in,,false,false
L1881,2026-06-28,Jonathan,Nguyen,jnguyen@neuralmarketing.co,Senior Software Engineer,Neural Marketing Co,neuralmarketing.co,1-10,Marketing agency,SE,producthunt,referral,launch,pending,Jonathan,Nguyen,Neural Marketing Co,Senior Software Engineer,sweden,False,pending,unknown,producthunt,False,referral,False,launch,False,jnguyen@neuralmarketing.co,jnguyen@neuralmarketing.co,work,False,False,False,False,False,www.neuralmarketing.co,True,,True,False,,true,verified_out,,false,false
L2709,2026-05-31,Gregory,Scott,gregorys@gridbase.dev,NLP Engineer,Gridbase,gridbase.dev,11-50,Software,SE,google,cpc,gpu-cloud-nonbrand,,Gregory,SCOTT,Gridbase,NLP Engineer  ,sweden,False,,unknown,google,False,cpc,False,gpu-cloud-nonbrand,False,gregorys@gridbase.dev,gregorys@gridbase.dev,work,False,False,False,False,False,https://gridbase.dev,True,,True,False,,true,ambiguous,EU / Consent Verification Needed,false,false
L1784,2026-06-17,Elizabeth,Wagner,elizabeth_wagner@roboticsone.ai,SWE,RoboticsOne,roboticsone.ai,501-1000,AI/ML software,CA,youtube,video,tutorial-series,unknown,Elizabeth,Wagner,RoboticsOne,SWE,CA,False,unknown,unknown,youtube,False,video,False,tutorial-series,False,elizabeth_wagner@roboticsone.ai,elizabeth_wagner@roboticsone.ai,work,False,False,False,False,False,https://roboticsone.ai,True,,True,False,,false,ambiguous,,false,false
L2761,2026-04-13,Lisa,Schulz,lisa_schulz@centralpoly.edu,Indie hacker,Central Polytechnic,centralpoly.edu,1000+,Education,AU,,,,1,Lisa,Schulz,Central Polytechnic  ,Indie hacker,Australia,False,1,true,undefined,True,undefined,True,,True,lisa_schulz@centralpoly.edu,lisa_schulz@centralpoly.edu,work,False,False,True,False,False,https://centralpoly.edu,True,,True,False,,false,verified_in,,false,false
L2487,2026-05-02,Karen,Nguyen,karen_nguyen@deepharbor.ai,Project Manager,deepharbor,deepharbor.ai,,AI/ML software,SG,twitter,social,launch-week,,Karen,nguyen  ,deepharbor,Project Manager,SG,False,,unknown,twitter,False,social,False,launch-week,False,karen_nguyen@deepharbor.ai,karen_nguyen@deepharbor.ai,work,False,False,False,False,False,https://deepharbor.ai,True,,True,False,,false,ambiguous,,false,false
L2670,2026-05-15,Stephanie,Walker,swalker@neuralmarketing.co,Executive Assistant,NEURAL MARKETING CO,neuralmarketing.co,,Marketing agency,GB,producthunt,referral,launch,,Stephanie,Walker,NEURAL MARKETING CO,Executive Assistant,GB,False,,unknown,producthunt,False,referral,False,launch,False,swalker@neuralmarketing.co,swalker@neuralmarketing.co,work,False,False,False,False,False,https://neuralmarketing.co,True,,True,False,,false,verified_out,,true,true
L1649,2026-05-02,Nancy,Jones,jones.nancy@diffusia.io,Consultant,Diffusia,,1-10,AI/ML software,PL,linkedin,paid_social,serverless-launch,true,Nancy,Jones,Diffusia,Consultant,Poland,False,true,true,linkedin,False,paid_social,False,serverless-launch,False,jones.nancy@diffusia.io,jones.nancy@diffusia.io,work,False,False,False,False,False,,False,,True,False,,true,verified_in,,false,false
L2682,2026-04-20,Justin,King,jking@gridforge.cloud,SVP Engineering,GRIDFORGE CLOUD,gridforge.cloud,201-500,AI/ML software,AU,,,,Yes,JUSTIN,King,GRIDFORGE CLOUD,SVP Engineering,Australia,False,Yes,true,(direct),True,(none),True,,True,jking@gridforge.cloud,jking@gridforge.cloud,work,True,False,False,False,False,https://gridforge.cloud,True,,True,False,,false,verified_in,,false,false
L1329,2026-05-21,Sharon,Wilson,wilson.sharon@gmail.com,ml engineer,RagPipe,ragpipe.dev,501-1000,,GB,google,cpc,gpu-cloud-nonbrand,unknown,Sharon,Wilson,RagPipe,ml engineer,GB,False,unknown,unknown,google,False,cpc,False,gpu-cloud-nonbrand,False,wilson.sharon@gmail.com,wilson.sharon@gmail.com,freemail,False,False,False,False,False,https://ragpipe.dev,True,,True,False,,false,ambiguous,,false,false
L1914,2026-05-07,Matthew,Walker,matthew_walker@harborviewlogistics.com,Customer Success Manager,Harborview Logistics,harborviewlogistics.com,201-500,Logistics,SG,linkedin,paid_social,serverless-launch,,Matthew,WALKER,Harborview Logistics,Customer Success Manager,Singapore,False,,unknown,linkedin,False,paid_social,False,serverless-launch,False,matthew_walker@harborviewlogistics.com,matthew_walker@harborviewlogistics.com,work,False,False,False,False,False,www.harborviewlogistics.com,True,,True,False,,false,verified_in,,false,false
L1980,2026-05-08,Cynthia,Wilson,CYNTHIAW@METRICSHUB.COM,Head of MLOps,MetricsHub,metricshub.com,1000+,,SG,producthunt,referral,launch,,cynthia,Wilson,MetricsHub,Head of MLOps,singapore,False,,unknown,producthunt,False,referral,False,launch,False,CYNTHIAW@METRICSHUB.COM,cynthiaw@metricshub.com,work,False,False,False,False,False,https://metricshub.com,True,,True,False,,false,verified_in,,false,false
L2534,2026-04-06,Lisa,Taylor,ltaylor@opsfleet.com,Business Analyst,opsfleet,opsfleet.com,1000+,,IN,facebook,paid_social,fb_q3,NULL,Lisa  ,Taylor,opsfleet,Business Analyst  ,IN,False,NULL,unknown,facebook,False,Paid-Social,False,FB_Q3,False,ltaylor@opsfleet.com,ltaylor@opsfleet.com,work,False,False,False,False,False,www.opsfleet.com,True,,True,False,,false,ambiguous,,false,false
L1661,2026-05-10,Kwame,Sato,kwame_sato@gradientpeak.ai,MLOps Engineer,Gradient Peak,gradientpeak.ai,201-500,AI/ML software,JP,github,referral,docs-cta,NULL,Kwame,Sato,Gradient Peak,MLOps Engineer,Japan,False,NULL,unknown,github,False,referral,False,docs-cta,False,kwame_sato@gradientpeak.ai,kwame_sato@gradientpeak.ai,work,False,False,False,False,False,www.gradientpeak.ai,True,,True,False,,false,ambiguous,,false,false
L2305,2026-05-17,Larry,Walker,larryw@yahoo.com,Marketing Manager,,,,,GB,,,,,LARRY,Walker  ,,Marketing Manager,GB,False,,unknown,test,True,test,True,test-campaign-DELETE,True,larryw@yahoo.com,larryw@yahoo.com,freemail,False,False,False,False,False,,False,,True,False,,false,ambiguous,,false,false
L1361,2026-05-26,Fatima,Brown,fbrown@luminaml.com,Head of Machine Learning,Lumina ML,luminaml.com,11-50,,AU,twitter,social,launch-week,unknown,Fatima  ,brown,Lumina ML,Head of Machine Learning,australia,False,unknown,unknown,twitter,False,social,False,launch-week,False,fbrown@luminaml.com,fbrown@luminaml.com,work,False,False,False,False,False,https://luminaml.com,True,fbrown@luminaml.com,True,False,,false,verified_out,,false,false
L1379,2026-04-17,Kevin,Singh,kevin.singh@ledgerworks.com,Sr. Data Scientist,LedgerWorks,,51-200,Software,IN,newsletter,email,weekly-digest,,Kevin,Singh,LedgerWorks,Sr. Data Scientist,india,False,,unknown,newsletter,False,email,False,weekly-digest,False,kevin.singh@ledgerworks.com,kevin.singh@ledgerworks.com,work,False,False,False,False,False,,False,,True,False,,false,ambiguous,,false,false
L1767,2026-05-20,Jennifer,Perez,jennifer.perez@embediq.ai,Infrastructure Engineer,EmbedIQ,embediq.ai,1000+,AI/ML software,SE,linkedin,paid_social,serverless-launch,TRUE,Jennifer, Perez,EmbedIQ,Infrastructure Engineer,Sweden,False,TRUE,true,linkedin,False,paid_social,False,serverless-launch,False,jennifer.perez@embediq.ai,jennifer.perez@embediq.ai,work,False,False,False,False,False,www.embediq.ai,True,,True,False,,true,verified_in,,false,true
L1736,2026-04-16,Dorothy,Hassan,dorothyh@gradientpeak.ai,ml engineer,Gradient Peak,gradientpeak.ai,,AI/ML software,BR,docs,referral,quickstart,,DOROTHY,Hassan,Gradient Peak,ml engineer,BR,False,,unknown,docs,False,referral,False,quickstart,False,dorothyh@gradientpeak.ai,dorothyh@gradientpeak.ai,work,False,False,False,False,False,www.gradientpeak.ai,True,,True,False,,false,ambiguous,,false,false
L2907,2026-06-30,Laura,Lee,laural@outlook.com,Co-Founder & CTO,BrightQueue,,51-200,,NL,youtube,video,tutorial-series,NULL,Laura,Lee, BrightQueue,Co-Founder & CTO,NL,False,NULL,unknown,youtube,False,video,False,tutorial-series,False,laural@outlook.com,laural@outlook.com,freemail,False,False,False,False,False,,False,laural@outlook.com,True,True,job_title,true,verified_in,,false,false
L1347,2026-06-08,Rachel,Muller,rachelm@fieldstonetech.com,Data Scientist,fieldstone tech,,501-1000,Software,FR,google,cpc,brand-search-q3,true,Rachel,MULLER,fieldstone tech,Data Scientist  ,france,False,true,true,google,False,cpc,False,brand-search-q3,False,rachelm@fieldstonetech.com,rachelm@fieldstonetech.com,work,False,False,False,False,False,,False,,True,False,,true,verified_out,,false,false
L1247,2026-04-10,Andrew,Carter,andrewc@gmail.com,Sr. Data Scientist,LedgerWorks,,,Software,BR,reddit,social,r-machinelearning,unknown,Andrew,Carter,LedgerWorks,Sr. Data Scientist,brazil,False,unknown,unknown,reddit,False,social,False,r-machinelearning,False,andrewc@gmail.com,andrewc@gmail.com,freemail,False,False,False,False,False,,False,,True,False,,false,verified_in,,true,false
L2410,2026-06-24,Michael,Clark,michael_clark@stateuniv.edu,Student,State University,stateuniv.edu,1000+,Education,SG,google,cpc,brand-search,,Michael,Clark,State University,Student,singapore,False,,unknown,google ,False, cpc,False,brand search,False,michael_clark@stateuniv.edu,michael_clark@stateuniv.edu,work,False,False,True,False,False,www.stateuniv.edu,True,,True,False,,false,ambiguous,,false,false
L2719,2026-04-23,Mei,Hill,mhill@opsfleet.com,software engineer,Opsfleet,,1000+,Software,IN,google,cpc,brand-search-q3,,Mei  ,hill,Opsfleet,software engineer,India,False,,unknown,google,False,cpc,False,brand-search-q3,False,mhill@opsfleet.com,mhill@opsfleet.com,work,False,False,False,False,False,,False,,True,False,,false,ambiguous,,false,false
L1544,2026-04-25,Yuki,Wagner,ywagner@yahoo.com,,State University,stateuniv.edu,1000+,Education,JP,google,cpc,gpu-cloud-nonbrand,,Yuki,wagner,State University,,japan,False,,unknown,google,False,cpc,False,gpu-cloud-nonbrand,False,ywagner@yahoo.com,ywagner@yahoo.com,freemail,False,False,False,False,False,https://stateuniv.edu,True,,True,False,,false,ambiguous,,false,false
L1028,2026-06-23,Kenneth,Johnson,johnson.kenneth@diffusia.io,Graduate Student,Diffusia,diffusia.io,1-10,AI/ML software,GB,google,organic,,unknown,Kenneth,Johnson,Diffusia,Graduate Student,uk,False,unknown,unknown,google,False,organic,False,,True,johnson.kenneth@diffusia.io,johnson.kenneth@diffusia.io,work,False,False,False,False,False,https://diffusia.io,True,,True,False,,false,ambiguous,,false,false
L1562,2026-05-12,Kathleen,Sharma,kathleen.sharma@orbitalmind.ai,Sr. Data Scientist,Orbital Mind,,,AI/ML software,PL,facebook,paid,fb_q3,granted,Kathleen,sharma,Orbital Mind,Sr. Data Scientist,poland,False,granted,true,FB,False,paid,False,fb_q3,False,kathleen.sharma@orbitalmind.ai,kathleen.sharma@orbitalmind.ai,work,False,False,False,False,False,,False,,True,False,,true,verified_in,,false,false
L1858,2026-05-08,Eric,Sato,erics@icloud.com,Director of AI,Quantum Nails Salon,quantumnails.com,51-200,Beauty,US,github,referral,docs-cta,NULL,Eric,Sato,Quantum Nails Salon,Director of AI,United States,False,NULL,unknown,github,False,referral,False,docs-cta,False,erics@icloud.com,erics@icloud.com,freemail,False,False,False,False,False,https://quantumnails.com,True,,True,False,,false,ambiguous,,false,false
L2782,2026-06-25,Xxx,Xxx,xxx@xxx.xxx,xxx,xxx,,,,,google,,,,xxx,xxx,xxx,xxx,,False,,unknown,google,False,,True,,True,xxx@xxx.xxx,xxx@xxx.xxx,work,False,False,False,False,True,,False,xxx@xxx.xxx,True,False,,false,ambiguous,,false,false
L2704,2026-05-24,Jonathan,Ali,ali.jonathan@securexsystems.com,Owner,Securex Systems,securexsystems.com,1-10,Software,IE,producthunt,referral,launch,NULL,Jonathan,Ali,Securex Systems,Owner,Ireland,False,NULL,unknown,producthunt,False,referral,False,launch,False,ali.jonathan@securexsystems.com,ali.jonathan@securexsystems.com,work,False,False,False,False,False,https://securexsystems.com,True,,True,False,,true,verified_in,,true,false
L2492,2026-05-07,Jeffrey,Patel,jeffrey_patel@yahoo.com,Graduate Student,State University,stateuniv.edu,1000+,Education,AU,twitter,social,launch-week,,Jeffrey,PATEL,State University,Graduate Student,australia,False,,unknown,twitter,False,social,False,launch-week,False,jeffrey_patel@yahoo.com,jeffrey_patel@yahoo.com,freemail,False,False,False,False,False,www.stateuniv.edu,True,,True,False,,false,verified_in,,false,false
L1063,2026-04-23,Rajesh,Novak,rnovak@proton.me,DevOps Engineer,Neural Marketing Co,neuralmarketing.co,1-10,Marketing agency,DE,facebook,cpc,fb-q3-conversions,TRUE,Rajesh, Novak,Neural Marketing Co,DevOps Engineer,DE,False,TRUE,true,Facebook Ads,False,cpc,False,fb-q3-conversions,False,rnovak@proton.me,rnovak@proton.me,freemail,False,False,False,False,False,www.neuralmarketing.co,True,,True,False,,true,verified_in,,false,false
L1808,2026-05-19,Elizabeth,Schmidt,elizabeths@voiceforge.ai,SVP Engineering,,,,,US,google,cpc,brand-search-q3,unknown,Elizabeth,Schmidt,,SVP Engineering,usa,False,unknown,unknown,google,False,cpc,False,brand-search-q3,False,elizabeths@voiceforge.ai,elizabeths@voiceforge.ai,work,False,False,False,False,False,,False,,True,False,,false,ambiguous,,false,false
L2542,2026-04-26,Patricia,Weber,pweber@vectorly.ai,Executive Assistant,Vectorly AI,vectorly.ai,11-50,AI/ML software,US,newsletter,email,weekly-digest,Yes,patricia,weber,Vectorly AI,Executive Assistant,united states,False,Yes,true,newsletter,False,email,False,weekly-digest,False,pweber@vectorly.ai,pweber@vectorly.ai,work,False,False,False,False,False,www.vectorly.ai,True,,True,False,,false,verified_in,,false,false
L2060,2026-06-10,Sofia,Meyer,smeyer@nimbuserp.com,Infrastructure Engineer,Nimbus ERP,nimbuserp.com,1000+,,BR,twitter,social,launch-week,pending,Sofia,Meyer,Nimbus ERP,Infrastructure Engineer,Brazil,False,pending,unknown,twitter,False,social,False,launch-week,False,smeyer@nimbuserp.com,smeyer@nimbuserp.com,work,False,False,False,False,False,www.nimbuserp.com,True,,True,False,,false,ambiguous,,false,false
L1928,2026-04-27,Nicole,Kumar,kumar.nicole@proton.me,Postdoc,Institute of Technology,instech.edu,,,GB,youtube,video,tutorial-series,true, Nicole,KUMAR,Institute of Technology,Postdoc,UK,False,true,true,youtube,False,video,False,tutorial-series,False,kumar.nicole@proton.me,kumar.nicole@proton.me,freemail,False,False,False,False,False,www.instech.edu,True,,True,False,,false,verified_in,,false,false
L1861,2026-05-11,James,Wright,james.wright@formcraft.com,ml engineer,Formcraft,,1000+,Software,BR,google,cpc,gpu-cloud-nonbrand,pending,James,Wright,Formcraft,ml engineer,Brazil,False,pending,unknown,google,False,cpc,False,gpu-cloud-nonbrand,False,james.wright@formcraft.com,james.wright@formcraft.com,work,False,False,False,False,False,,False,,True,False,,false,ambiguous,,false,false
L1268,2026-05-12,Jessica,Andersson,jandersson@cornerstoneins.com,Customer Success Manager,Cornerstone Insurance,cornerstoneins.com,11-50,Insurance,SG,google,cpc,brand-search,NULL,Jessica,Andersson,Cornerstone Insurance,Customer Success Manager,singapore,False,NULL,unknown,google ,False, cpc,False,brand search,False,jandersson@cornerstoneins.com,jandersson@cornerstoneins.com,work,False,False,False,False,False,www.cornerstoneins.com,True,,True,False,,false,verified_in,,false,false
L1929,2026-06-06,Jessica,Walker,jessicaw@gmail.com,Postdoc,State University,stateuniv.edu,1000+,,JP,google,cpc,brand-search-q3,,Jessica,Walker,State University,Postdoc,Japan,False,,unknown,google,False,cpc,False,brand-search-q3,False,jessicaw@gmail.com,jessicaw@gmail.com,freemail,False,False,False,False,False,www.stateuniv.edu,True,,True,False,,false,verified_in,,false,false
L2087,2026-05-26,Yuki,Nguyen,nguyen.yuki@promptline.ai,software engineer,Promptline,promptline.ai,11-50,AI/ML software,GB,newsletter,email,weekly-digest,,Yuki,Nguyen  ,Promptline,software engineer,GB,False,,unknown,newsletter,False,email,False,weekly-digest,False,nguyen.yuki@promptline.ai,nguyen.yuki@promptline.ai,work,False,False,False,False,False,https://promptline.ai,True,,True,False,,false,ambiguous,,false,false
L1024,2026-06-09,Ronald,Hernandez,rhernandez@instech.edu,,,,,,GB,newsletter,email,weekly-digest,,Ronald,Hernandez,,,GB,False,,unknown,newsletter,False,email,False,weekly-digest,False,rhernandez@instech.edu,rhernandez@instech.edu,work,False,False,True,False,False,,False,,True,False,,false,ambiguous,,false,false
L1096,2026-06-20,Sharon,Martinez,SMARTINEZ@GMAIL.COM,Office Manager,BLUEBIRD TRAVEL,,51-200,Travel,PL,reddit,social,r-machinelearning,opted_in,Sharon,Martinez,BLUEBIRD TRAVEL,Office Manager,PL,False,opted_in,true,reddit,False,social,False,r-machinelearning,False,SMARTINEZ@GMAIL.COM,smartinez@gmail.com,freemail,False,False,False,False,False,,False,,True,False,,true,verified_in,,false,false
L2218,2026-06-04,Kevin,Adams,KADAMS@OUTLOOK.COM,NLP Engineer,Orbital Mind,,201-500,AI/ML software,SG,,,,,Kevin  ,Adams,Orbital Mind,NLP Engineer,singapore,False,,unknown,undefined,True,undefined,True,,True,KADAMS@OUTLOOK.COM,kadams@outlook.com,freemail,False,False,False,False,False,,False,kadams@outlook.com,True,False,,false,verified_in,,false,false
L2482,2026-06-08,James,Miller,james_miller@ledgerworks.com,ml engineer,LedgerWorks,ledgerworks.com,51-200,Software,US,github,referral,docs-cta,,James, Miller,LedgerWorks,ml engineer,US,False,,unknown,github,False,referral,False,docs-cta,False,james_miller@ledgerworks.com,james_miller@ledgerworks.com,work,False,False,False,False,False,https://ledgerworks.com,True,,True,False,,false,ambiguous,,false,false
L2902,2026-06-21,Robert,Becker,becker.robert+signup@voiceforge.ai,Applied Scientist,VoiceForge,voiceforge.ai,51-200,AI/ML software,GB,reddit,social,r-machinelearning,,Robert,Becker,VoiceForge,Applied Scientist  ,UK,False,,unknown,reddit,False,social,False,r-machinelearning,False,becker.robert+signup@voiceforge.ai,becker.robert+signup@voiceforge.ai,work,False,False,False,False,False,www.voiceforge.ai,True,,True,False,,false,ambiguous,,false,false
L1832,2026-06-20,Dennis,Allen,dallen@deepharbor.ai,software engineer,DeepHarbor,deepharbor.ai,,AI/ML software,AU,google,organic,,,Dennis,Allen,DeepHarbor,software engineer,AU,False,,unknown,google,False,organic,False,,True,dallen@deepharbor.ai,dallen@deepharbor.ai,work,False,False,False,False,False,https://deepharbor.ai,True,,True,False,,false,ambiguous,,false,false
L1287,2026-04-14,Kathleen,Wright,kathleenw@harborviewlogistics.com,Independent Consultant,Harborview Logistics,harborviewlogistics.com,,Logistics,SG,google,organic,,pending,Kathleen, Wright,Harborview Logistics,Independent Consultant  ,singapore,False,pending,unknown,google,False,organic,False,,True,kathleenw@harborviewlogistics.com,kathleenw@harborviewlogistics.com,work,False,False,False,False,False,https://harborviewlogistics.com,True,,True,False,,false,ambiguous,,false,false
L2078,2026-06-10,Jack,Patel,jack.patel@orbitalmind.ai,Consultant,,,,,US,google,cpc,brand-search-q3,,Jack,Patel,,Consultant,usa,False,,unknown,google,False,cpc,False,brand-search-q3,False,jack.patel@orbitalmind.ai,jack.patel@orbitalmind.ai,work,False,False,False,False,False,,False,,True,False,,false,ambiguous,,false,false
L1699,2026-05-26,Priya,Carter,priyac@roboticsone.ai,Principal,ROBOTICSONE,roboticsone.ai,501-1000,,AU,google,organic,,opted_in,Priya,CARTER, ROBOTICSONE, Principal,australia,False,opted_in,true,google,False,organic,False,,True,priyac@roboticsone.ai,priyac@roboticsone.ai,work,False,False,False,False,False,https://roboticsone.ai,True,,True,False,,false,verified_in,,false,false
L2252,2026-04-27,Melissa,Davis,mdavis@deepharbor.ai,Senior ML Engineer,DeepHarbor,deepharbor.ai,,AI/ML software,BR,facebook,paid,fb_q3,unknown,Melissa,Davis,DeepHarbor,Senior ML Engineer,BR,False,unknown,unknown,FB,False,paid,False,fb_q3,False,mdavis@deepharbor.ai,mdavis@deepharbor.ai,work,False,False,False,False,False,https://deepharbor.ai,True,,True,False,,false,ambiguous,,false,false
L1655,2026-04-18,Patrick,Baker,PBAKER@CORTICON.AI,Research Engineer,Corticon AI,corticon.ai,501-1000,,GB,producthunt,referral,launch,unknown,PATRICK,Baker,Corticon AI,Research Engineer,uk,False,unknown,unknown,producthunt,False,referral,False,launch,False,PBAKER@CORTICON.AI,pbaker@corticon.ai,work,False,False,False,False,False,https://corticon.ai,True,,True,False,,false,ambiguous,,false,false
L1760,2026-06-09,Linda,Perez,perez.linda@corticon.ai,Research Scientist,corticon ai,corticon.ai,501-1000,AI/ML software,BR,reddit,social,r-machinelearning,,linda,Perez,corticon ai,Research Scientist,Brazil,False,,unknown,reddit,False,social,False,r-machinelearning,False,perez.linda@corticon.ai,perez.linda@corticon.ai,work,False,False,False,False,False,https://corticon.ai,True,,True,False,,false,verified_in,,false,true
L2100,2026-06-02,Thomas,Campbell,THOMASC@MODELRY.AI,ml engineer,modelry,modelry.ai,1-10,AI/ML software,CA,,,,,Thomas,campbell,modelry,ml engineer,CA,False,,unknown,null,True,null,True,null,True,THOMASC@MODELRY.AI,thomasc@modelry.ai,work,False,False,False,False,False,www.modelry.ai,True,,True,False,,false,verified_in,,false,false
L2125,2026-05-26,Brandon,Rossi,brandonr@synthworks.ai,Platform Engineer,SynthWorks AI,synthworks.ai,,AI/ML software,SE,,,,Yes,Brandon,Rossi,SynthWorks AI,Platform Engineer,Sweden,False,Yes,true,{{utm_source}},True,{{utm_medium}},True,{{utm_campaign}},True,brandonr@synthworks.ai,brandonr@synthworks.ai,work,False,False,False,False,False,https://synthworks.ai,True,,True,False,,true,verified_in,,false,false
L1095,2026-06-08,Anna,Torres,anna.torres@stateuniv.edu,Hobbyist,State University,stateuniv.edu,1000+,Education,JP,docs,referral,quickstart,granted,Anna,Torres,State University,Hobbyist,japan,False,granted,true,docs,False,referral,False,quickstart,False,anna.torres@stateuniv.edu,anna.torres@stateuniv.edu,work,False,False,True,False,False,www.stateuniv.edu,True,,True,False,,false,verified_in,,false,false
L2609,2026-04-22,Robert,Harris,rharris@neuralight.io,Director of AI,Neuralight,,201-500,,SG,google,organic,,1,robert,Harris,Neuralight,Director of AI,Singapore,False,1,true,google,False,organic,False,,True,rharris@neuralight.io,rharris@neuralight.io,work,False,False,False,False,False,,False,,True,False,,false,verified_in,,false,false
L2684,2026-06-24,Ryan,Torres,RYAN_TORRES@CASCADE-AI.COM,Founder & CEO,cascade ai,cascade-ai.com,51-200,,AU,linkedin,paid_social,serverless-launch,pending,Ryan, TORRES,cascade ai, Founder & CEO,Australia,False,pending,unknown,linkedin,False,paid_social,False,serverless-launch,False,RYAN_TORRES@CASCADE-AI.COM,ryan_torres@cascade-ai.com,work,False,False,False,False,False,www.cascade-ai.com,True,,True,False,,false,ambiguous,,false,false
L1618,2026-06-29,Laura,Walker,WALKER.LAURA@PROMPTLINE.AI,Office Manager,,,,,GB,github,referral,docs-cta,TRUE,Laura  ,walker,,Office Manager,uk,False,TRUE,true,github,False,referral,False,docs-cta,False,WALKER.LAURA@PROMPTLINE.AI,walker.laura@promptline.ai,work,False,False,False,False,False,,False,,True,False,,false,verified_in,,true,false
L1580,2026-05-27,Mei,Torres,torres.mei@hotmail.com,Graduate Student,State University,,,Education,DE,docs,referral,quickstart,,Mei,Torres,State University,Graduate Student,DEU,False,,unknown,docs,False,referral,False,quickstart,False,torres.mei@hotmail.com,torres.mei@hotmail.com,freemail,False,False,False,False,False,,False,,True,False,,true,ambiguous,EU / Consent Verification Needed,false,false
L2577,2026-06-15,Pamela,Wright,pamelaw@voxeldynamics.ai,HR Manager,Voxel Dynamics,voxeldynamics.ai,,AI/ML software,US,,,,,Pamela,wright,Voxel Dynamics,HR Manager  ,United States,False,,unknown,test,True,test,True,test-campaign-DELETE,True,pamelaw@voxeldynamics.ai,pamelaw@voxeldynamics.ai,work,False,False,False,False,False,https://voxeldynamics.ai,True,,True,False,,false,verified_in,,false,false
L1910,2026-04-06,Lisa,Hall,hall.lisa@paytrellis.com,Account Executive,PayTrellis,paytrellis.com,51-200,Software,SG,github,referral,docs-cta,unknown,Lisa,Hall,PayTrellis,Account Executive  ,SG,False,unknown,unknown,github,False,referral,False,docs-cta,False,hall.lisa@paytrellis.com,hall.lisa@paytrellis.com,work,False,False,False,False,False,https://paytrellis.com,True,,True,False,,false,ambiguous,,false,false
L1241,2026-05-10,Helen,Weber,helen_weber@proton.me,software engineer,SynthWorks AI,synthworks.ai,,AI/ML software,DE,docs,referral,quickstart,false,Helen,Weber,SynthWorks AI,software engineer,DE,False,false,false,docs,False,referral,False,quickstart,False,helen_weber@proton.me,helen_weber@proton.me,freemail,False,False,False,False,False,https://synthworks.ai,True,,True,False,,true,verified_out,,false,false
L2627,2026-06-21,Sharon,Campbell,sharon.campbell@mistletoeml.com,Technologist,Mistletoe ML,mistletoeml.com,1000+,AI/ML software,BR,twitter,social,launch-week,pending,Sharon,Campbell,Mistletoe ML,Technologist,Brazil,False,pending,unknown,twitter,False,social,False,launch-week,False,sharon.campbell@mistletoeml.com,sharon.campbell@mistletoeml.com,work,False,False,False,False,False,https://mistletoeml.com,True,,True,False,,false,verified_in,,true,false
L1390,2026-04-24,Diego,Young,diego_young@evalhouse.ai,ml engineer,EvalHouse,evalhouse.ai,1-10,,,blog,referral,pricing-post,NULL,Diego, Young,EvalHouse,ml engineer,,False,NULL,unknown,blog,False,referral,False,pricing-post,False,diego_young@evalhouse.ai,diego_young@evalhouse.ai,work,False,False,False,False,False,https://evalhouse.ai,True,,True,False,,false,verified_in,,false,false
L2296,2026-06-11,Nicole,Allen,nicole_allen@summitdentalgroup.com,Head of Engineering,summit dental group,,,Healthcare,JP,github,referral,docs-cta,,Nicole,Allen,summit dental group,Head of Engineering,JP,False,,unknown,github,False,referral,False,docs-cta,False,nicole_allen@summitdentalgroup.com,nicole_allen@summitdentalgroup.com,work,False,False,False,False,False,,False,,True,False,,false,ambiguous,,false,false
L1126,2026-06-18,Samantha,Kowalski,samantha.kowalski@voxeldynamics.ai,Principal,Voxel Dynamics,,51-200,,JP,reddit,social,r-machinelearning,,Samantha,Kowalski  ,Voxel Dynamics, Principal,japan,False,,unknown,reddit,False,social,False,r-machinelearning,False,samantha.kowalski@voxeldynamics.ai,samantha.kowalski@voxeldynamics.ai,work,False,False,False,False,False,,False,,True,False,,false,verified_in,,false,false
L1048,2026-05-09,Jennifer,Gonzalez,jgonzalez@mistletoeml.com,Head of Platform,Mistletoe ML,mistletoeml.com,1000+,AI/ML software,US,google,cpc,brand-search-q3,NULL,jennifer,Gonzalez,Mistletoe ML,Head of Platform,US,False,NULL,unknown,google,False,cpc,False,brand-search-q3,False,jgonzalez@mistletoeml.com,jgonzalez@mistletoeml.com,work,False,False,False,False,False,https://mistletoeml.com,True,,True,False,,false,ambiguous,,false,false
L1439,2026-06-24,Jacob,White,white.jacob@databarn.io,Operations Manager,DataBarn,,11-50,,ES,facebook,paid_social,fb_q3,granted,Jacob,White, DataBarn,Operations Manager,España,False,granted,true,facebook,False,Paid-Social,False,FB_Q3,False,white.jacob@databarn.io,white.jacob@databarn.io,work,False,False,False,False,False,,False,,True,False,,true,verified_in,,false,false
L1112,2026-05-31,Donald,Robinson,donaldr@synapsefoundry.com,Head of Data Science,Synapse Foundry,synapsefoundry.com,11-50,AI/ML software,JP,google,cpc,gpu-cloud-nonbrand,NULL,Donald,Robinson,Synapse Foundry,Head of Data Science,japan,False,NULL,unknown,google,False,cpc,False,gpu-cloud-nonbrand,False,donaldr@synapsefoundry.com,donaldr@synapsefoundry.com,work,False,False,False,False,False,https://synapsefoundry.com,True,donaldr@synapsefoundry.com,True,False,,false,ambiguous,,false,false
L2522,2026-06-03,Patricia,Hassan,phassan@outlook.com,Office Manager,Bluebird Travel,bluebirdtravel.com,51-200,,BR,reddit,social,r-machinelearning,unknown,Patricia,Hassan,Bluebird Travel,Office Manager,BR,False,unknown,unknown,reddit,False,social,False,r-machinelearning,False,phassan@outlook.com,phassan@outlook.com,freemail,False,False,False,False,False,https://bluebirdtravel.com,True,,True,False,,false,verified_in,,false,false
L1228,2026-05-12,Kathleen,Kim,kim.kathleen@embediq.ai,Technologist,EMBEDIQ,embediq.ai,,,JP,,,,pending,KATHLEEN,Kim,EMBEDIQ,Technologist,Japan,False,pending,unknown,undefined,True,undefined,True,,True,kim.kathleen@embediq.ai,kim.kathleen@embediq.ai,work,False,False,False,False,False,https://embediq.ai,True,,True,False,,false,ambiguous,,false,false
L2614,2026-06-11,Daniel,Hansen,hansen.daniel@orbitalmind.ai,Senior Software Engineer,Orbital Mind,orbitalmind.ai,201-500,AI/ML software,SG,google,cpc,gpu-cloud-nonbrand,unknown, Daniel,Hansen, Orbital Mind,Senior Software Engineer,Singapore,False,unknown,unknown,google,False,cpc,False,gpu-cloud-nonbrand,False,hansen.daniel@orbitalmind.ai,hansen.daniel@orbitalmind.ai,work,False,False,False,False,False,https://orbitalmind.ai,True,,True,False,,false,ambiguous,,false,false
L1638,2026-05-24,Hans,Scott,hscott@harborviewlogistics.com,,,,,,CA,google,organic,,,Hans,Scott,,,CA,False,,unknown,google,False,organic,False,,True,hscott@harborviewlogistics.com,hscott@harborviewlogistics.com,work,False,False,False,False,False,,False,,True,False,,false,verified_in,,true,false
L2527,2026-06-22,Samantha,Ali,ali.samantha@voiceforge.ai,CEO,VoiceForge,,51-200,AI/ML software,BR,reddit,social,r-machinelearning,TRUE,Samantha,Ali,VoiceForge,CEO,BR,False,TRUE,true,reddit,False,social,False,r-machinelearning,False,ali.samantha@voiceforge.ai,ali.samantha@voiceforge.ai,work,False,False,False,False,False,,False,,True,False,,false,verified_in,,false,false
L1823,2026-06-30,Jacob,Jackson,jackson.jacob@databarn.io,Deep Learning Engineer,DataBarn,databarn.io,,Software,SG,,,,pending,Jacob,Jackson,DataBarn,Deep Learning Engineer,singapore,False,pending,unknown,undefined,True,undefined,True,,True,jackson.jacob@databarn.io,jackson.jacob@databarn.io,work,False,False,False,False,False,www.databarn.io,True,,True,False,,false,verified_in,,false,false
L1769,2026-05-29,Scott,Lewis,scott_lewis@orbitalmind.ai,Infrastructure Engineer,Orbital Mind,orbitalmind.ai,201-500,,IE,twitter,social,launch-week,TRUE,SCOTT,LEWIS,Orbital Mind,Infrastructure Engineer,IE,False,TRUE,true,twitter,False,social,False,launch-week,False,scott_lewis@orbitalmind.ai,scott_lewis@orbitalmind.ai,work,False,False,False,False,False,www.orbitalmind.ai,True,,True,False,,true,verified_in,,true,false
L1871,2026-04-19,Lisa,Baker,baker.lisa@voxeldynamics.ai,NLP Engineer,Voxel Dynamics,voxeldynamics.ai,51-200,AI/ML software,BR,github,referral,docs-cta,,Lisa,Baker,Voxel Dynamics,NLP Engineer,brazil,False,,unknown,github,False,referral,False,docs-cta,False,baker.lisa@voxeldynamics.ai,baker.lisa@voxeldynamics.ai,work,False,False,False,False,False,https://voxeldynamics.ai,True,,True,False,,false,verified_in,,false,false
L1298,2026-04-15,Chris,Smith,chriss@databarn.io,ML Engineer,DataBarn,,11-50,,AU,docs,referral,quickstart,NULL,Chris,Smith  ,DataBarn  ,ML Engineer,AU,False,NULL,unknown,docs,False,referral,False,quickstart,False,chriss@databarn.io,chriss@databarn.io,work,False,False,False,False,False,,False,,True,False,,false,ambiguous,,false,false
L1194,2026-05-10,Sharon,Thomas,sharon.thomas@voxeldynamics.ai,Research Scientist,Voxel Dynamics,voxeldynamics.ai,51-200,AI/ML software,AU,google,cpc,brand-search,,Sharon,thomas,Voxel Dynamics,Research Scientist,Australia,False,,unknown,google ,False, cpc,False,brand search,False,sharon.thomas@voxeldynamics.ai,sharon.thomas@voxeldynamics.ai,work,False,False,False,False,False,www.voxeldynamics.ai,True,,True,False,,false,ambiguous,,false,false
L1663,2026-05-14,Yuki,Kim,yuki.kim@apptide.com,"vp, engineering",Apptide,apptide.com,501-1000,,NL,twitter,social,launch-week,,Yuki,Kim,Apptide," vp, engineering",NL,False,,unknown,twitter,False,social,False,launch-week,False,yuki.kim@apptide.com,yuki.kim@apptide.com,work,False,False,False,False,False,www.apptide.com,True,,True,False,,true,verified_in,,false,false
L2472,2026-05-31,Zara,Wilson,zwilson@synthworks.ai,Financial Analyst,synthworks ai,synthworks.ai,11-50,AI/ML software,NL,reddit,social,r-machinelearning,pending,ZARA,Wilson,synthworks ai,Financial Analyst,Netherlands,False,pending,unknown,reddit,False,social,False,r-machinelearning,False,zwilson@synthworks.ai,zwilson@synthworks.ai,work,False,False,False,False,False,www.synthworks.ai,True,,True,False,,true,verified_in,,true,false
L1041,2026-05-20,Daniel,Nelson,dnelson@deepharbor.ai,,DeepHarbor,deepharbor.ai,201-500,,IN,google,organic,,NULL,DANIEL,Nelson,DeepHarbor,,India,False,NULL,unknown,google,False,organic,False,,True,dnelson@deepharbor.ai,dnelson@deepharbor.ai,work,False,False,False,False,False,https://deepharbor.ai,True,,True,False,,false,verified_in,,false,true
L1408,2026-05-28,Brenda,Lopez,brenda.lopez@northernuni.edu,Graduate Student,Northern University,northernuni.edu,1000+,,BR,,,,,Brenda,Lopez,Northern University,Graduate Student,brazil,False,,unknown,null,True,null,True,null,True,brenda.lopez@northernuni.edu,brenda.lopez@northernuni.edu,work,False,False,True,False,False,www.northernuni.edu,True,,True,False,,false,ambiguous,,false,false
L2136,2026-05-05,Benjamin,Williams,benjaminw@axonresearch.ai,,Axon Research,axonresearch.ai,11-50,AI/ML software,AU,reddit,social,r-machinelearning,1,Benjamin,Williams,Axon Research,,Australia,False,1,true,reddit,False,social,False,r-machinelearning,False,benjaminw@axonresearch.ai,benjaminw@axonresearch.ai,work,False,False,False,False,False,https://axonresearch.ai,True,,True,False,,false,verified_in,,false,false
L1671,2026-04-20,Brandon,White,brandon_white@metricshub.com,ml engineer,MetricsHub,metricshub.com,,,IN,google,cpc,brand-search,, Brandon,White,MetricsHub,ml engineer,india,False,,unknown,google ,False, cpc,False,brand search,False,brandon_white@metricshub.com,brandon_white@metricshub.com,work,False,False,False,False,False,www.metricshub.com,True,,True,False,,false,ambiguous,,false,false
L1863,2026-05-20,Kimberly,Torres,ktorres@loopware.io,Infrastructure Engineer,Loopware,loopware.io,1000+,,SG,linkedin,paid_social,serverless-launch,yes,Kimberly,Torres,Loopware, Infrastructure Engineer,Singapore,False,yes,true,linkedin,False,paid_social,False,serverless-launch,False,ktorres@loopware.io,ktorres@loopware.io,work,False,False,False,False,False,https://loopware.io,True,,True,False,,false,verified_in,,false,false
L2403,2026-06-07,Timothy,Meyer,timothy.meyer@ragpipe.dev,MLOps Engineer,RagPipe,,501-1000,AI/ML software,FR,twitter,social,launch-week,,Timothy,Meyer,RagPipe,MLOps Engineer,france,False,,unknown,twitter,False,social,False,launch-week,False,timothy.meyer@ragpipe.dev,timothy.meyer@ragpipe.dev,work,False,False,False,False,False,,False,,True,False,,true,ambiguous,EU / Consent Verification Needed,false,false
L1086,2026-06-17,Jacob,Weber,jacob_weber@synapsefoundry.com,SWE,,,,,SG,google,cpc,brand-search-q3,1,Jacob,Weber,,SWE,Singapore,False,1,true,google,False,cpc,False,brand-search-q3,False,jacob_weber@synapsefoundry.com,jacob_weber@synapsefoundry.com,work,False,False,False,False,False,,False,,True,False,,false,verified_in,,false,false
L1235,2026-06-30,Elena,Carter,elena.carter@copilothealth.ai,,Copilot Health AI,copilothealth.ai,1-10,AI/ML software,CA,newsletter,email,weekly-digest,,Elena  ,Carter,Copilot Health AI,,canada,False,,unknown,newsletter,False,email,False,weekly-digest,False,elena.carter@copilothealth.ai,elena.carter@copilothealth.ai,work,False,False,False,False,False,https://copilothealth.ai,True,elena.carter@copilothealth.ai,True,False,,false,ambiguous,,false,false
L1279,2026-04-10,Janet,Okafor,jokafor@securexsystems.com,Machine Learning Engineer,Securex Systems,,1-10,Software,BR,google,cpc,gpu-cloud-nonbrand,NULL,Janet,Okafor,Securex Systems,Machine Learning Engineer,Brazil,False,NULL,unknown,google,False,cpc,False,gpu-cloud-nonbrand,False,jokafor@securexsystems.com,jokafor@securexsystems.com,work,False,False,False,False,False,,False,,True,False,,false,ambiguous,,false,false
L2207,2026-06-21,Melissa,Hill,hill.melissa@diffusia.io,Research Scientist,diffusia,diffusia.io,1-10,,US,google,cpc,gpu-cloud-nonbrand,NULL,Melissa  ,Hill,diffusia,Research Scientist,US,False,NULL,unknown,google,False,cpc,False,gpu-cloud-nonbrand,False,hill.melissa@diffusia.io,hill.melissa@diffusia.io,work,False,False,False,False,False,www.diffusia.io,True,,True,False,,false,ambiguous,,false,false
L1546,2026-05-16,Joshua,Smith,smith.joshua@voiceforge.ai,Backend Engineer,VoiceForge,voiceforge.ai,51-200,AI/ML software,GB,github,referral,docs-cta,TRUE,Joshua,Smith  ,VoiceForge,Backend Engineer,GB,False,TRUE,true,github,False,referral,False,docs-cta,False,smith.joshua@voiceforge.ai,smith.joshua@voiceforge.ai,work,False,False,False,False,False,https://voiceforge.ai,True,,True,False,,false,verified_in,,false,false
L2186,2026-05-23,Jacob,Roberts,roberts.jacob@harborviewlogistics.com,Operations Manager,Harborview Logistics,harborviewlogistics.com,201-500,Logistics,SE,blog,referral,pricing-post,granted, Jacob, Roberts,Harborview Logistics,Operations Manager,sweden,False,granted,true,blog,False,referral,False,pricing-post,False,roberts.jacob@harborviewlogistics.com,roberts.jacob@harborviewlogistics.com,work,False,False,False,False,False,www.harborviewlogistics.com,True,,True,False,,true,verified_in,,false,true
L1296,2026-06-07,Janet,White,white.janet@mistletoeml.com,Technical Consultant,MISTLETOE ML,mistletoeml.com,1000+,AI/ML software,NL,,,,opted_in,janet,WHITE  ,MISTLETOE ML,Technical Consultant,Netherlands,False,opted_in,true,undefined,True,undefined,True,,True,white.janet@mistletoeml.com,white.janet@mistletoeml.com,work,False,False,False,False,False,https://mistletoeml.com,True,,True,False,,true,verified_in,,false,false
L1376,2026-06-29,Timothy,Andersson,TIMOTHYA@DIFFUSIA.IO,ML Engineer,Diffusia,diffusia.io,1-10,AI/ML software,JP,google,cpc,brand-search-q3,,Timothy,ANDERSSON,Diffusia,ML Engineer,JP,False,,unknown,google,False,cpc,False,brand-search-q3,False,TIMOTHYA@DIFFUSIA.IO,timothya@diffusia.io,work,False,False,False,False,False,https://diffusia.io,True,,True,False,,false,verified_in,,false,false
L1151,2026-05-16,Amanda,Larsen,amanda.larsen@gmail.com,ml engineer,Apptide,,501-1000,Software,IT,linkedin,paid_social,serverless-launch,NULL,Amanda,Larsen,Apptide,ml engineer,IT,False,NULL,unknown,linkedin,False,paid_social,False,serverless-launch,False,amanda.larsen@gmail.com,amanda.larsen@gmail.com,freemail,False,False,False,False,False,,False,amanda.larsen@gmail.com,True,False,,true,verified_out,,false,true
L1267,2026-04-13,Yuki,Wright,ywright@outlook.com,Postdoc,,,,,AU,docs,referral,quickstart,NULL,YUKI,Wright,, Postdoc,Australia,False,NULL,unknown,docs,False,referral,False,quickstart,False,ywright@outlook.com,ywright@outlook.com,freemail,False,False,False,False,False,,False,,True,False,,false,ambiguous,,false,false
L1438,2026-04-25,Rachel,Davis,davis.rachel@quantavision.io,ml engineer,Quanta Vision,quantavision.io,1-10,,,docs,referral,quickstart,granted,Rachel,Davis,Quanta Vision,ml engineer,,False,granted,true,docs,False,referral,False,quickstart,False,davis.rachel@quantavision.io,davis.rachel@quantavision.io,work,False,False,False,False,False,https://quantavision.io,True,,True,False,,false,verified_out,,false,false
L1801,2026-05-28,Karen,Thomas,karen.thomas@orbitalmind.ai,Applied Scientist,orbital mind,orbitalmind.ai,201-500,AI/ML software,JP,google,organic,,1,KAREN,Thomas,orbital mind,Applied Scientist,japan,False,1,true,google,False,organic,False,,True,karen.thomas@orbitalmind.ai,karen.thomas@orbitalmind.ai,work,False,False,False,False,False,https://orbitalmind.ai,True,,True,False,,false,verified_out,,false,true
L1612,2026-06-19,Gregory,Chen,gregory.chen@codewharf.dev,DevOps Engineer,Codewharf,,1000+,Software,GB,reddit,social,r-machinelearning,pending,Gregory,CHEN,Codewharf,DevOps Engineer,GB,False,pending,unknown,reddit,False,social,False,r-machinelearning,False,gregory.chen@codewharf.dev,gregory.chen@codewharf.dev,work,False,False,False,False,False,,False,,True,False,,false,ambiguous,,false,false
L1369,2026-06-12,Susan,Flores,sflores@corticon.ai,Data Scientist,CORTICON AI,corticon.ai,501-1000,AI/ML software,GB,producthunt,referral,launch,NULL,Susan  ,Flores,CORTICON AI,Data Scientist,UK,False,NULL,unknown,producthunt,False,referral,False,launch,False,sflores@corticon.ai,sflores@corticon.ai,work,False,False,False,False,False,www.corticon.ai,True,,True,False,,false,verified_in,,false,false
L1045,2026-06-20,Fatima,Young,fatima.young@relaymesh.io,Chief Technology Officer,Relaymesh,,51-200,Software,JP,newsletter,email,weekly-digest,granted,Fatima,Young,Relaymesh,Chief Technology Officer,JP,False,granted,true,newsletter,False,email,False,weekly-digest,False,fatima.young@relaymesh.io,fatima.young@relaymesh.io,work,False,False,False,False,False,,False,,True,False,,false,verified_in,,false,false
L2630,2026-05-17,Thomas,Fischer,thomasf@promptline.ai,founder/ceo,Promptline,promptline.ai,11-50,AI/ML software,AU,google,cpc,brand-search-q3,,thomas,FISCHER,Promptline,founder/ceo,Australia,False,,unknown,google,False,cpc,False,brand-search-q3,False,thomasf@promptline.ai,thomasf@promptline.ai,work,False,False,False,False,False,https://promptline.ai,True,,True,False,,false,verified_in,,true,false
L2266,2026-05-26,John,Weber,johnw@deepharbor.ai,Computer Vision Engineer,DeepHarbor,deepharbor.ai,201-500,AI/ML software,AU,producthunt,referral,launch,,John,Weber,DeepHarbor,Computer Vision Engineer,australia,False,,unknown,producthunt,False,referral,False,launch,False,johnw@deepharbor.ai,johnw@deepharbor.ai,work,False,False,False,False,False,https://deepharbor.ai,True,,True,False,,false,ambiguous,,false,false
L2310,2026-04-22,Sarah,Wagner,sarahw@agentstack.dev,CEO,AgentStack,agentstack.dev,1000+,,JP,,,,,Sarah,Wagner,AgentStack,CEO,japan,False,,unknown,test,True,test,True,test-campaign-DELETE,True,sarahw@agentstack.dev,sarahw@agentstack.dev,work,False,False,False,False,False,www.agentstack.dev,True,,True,False,,false,ambiguous,,false,false
L2306,2026-06-24,Fatima,Wright,FATIMAW@RIDGEWAYCONSTRUCTION.COM,Sales Development Rep,Ridgeway Construction,ridgewayconstruction.com,11-50,Construction,SG,producthunt,referral,launch,NULL,FATIMA,Wright,Ridgeway Construction,Sales Development Rep,SG,False,NULL,unknown,producthunt,False,referral,False,launch,False,FATIMAW@RIDGEWAYCONSTRUCTION.COM,fatimaw@ridgewayconstruction.com,work,False,False,False,False,False,www.ridgewayconstruction.com,True,,True,False,,false,ambiguous,,false,false
L1302,2026-04-02,Raymond,Jackson,jackson.raymond@gmail.com,Marketing Manager,Pipeline Labs,pipelinelabs.io,1000+,Software,AU,email_blast,email,july-promo,,Raymond,jackson,Pipeline Labs,Marketing Manager,Australia,False,,unknown,email%20blast,False,e-mail,False,JULY%20PROMO,False,jackson.raymond@gmail.com,jackson.raymond@gmail.com,freemail,False,False,False,False,False,https://pipelinelabs.io,True,,True,False,,false,verified_in,,false,false
L1147,2026-04-03,Kathleen,Martin,kathleen_martin@mistletoeml.com,Research Scientist,Mistletoe ML,mistletoeml.com,1000+,AI/ML software,JP,google,cpc,brand-search-q3,,Kathleen,Martin, Mistletoe ML,Research Scientist,Japan,False,,unknown,google,False,cpc,False,brand-search-q3,False,kathleen_martin@mistletoeml.com,kathleen_martin@mistletoeml.com,work,False,False,False,False,False,www.mistletoeml.com,True,,True,False,,false,ambiguous,,false,false
L2917,2026-04-02,Steven,Sato,stevens@shipmate.io,software engineer,"Shipmate, Inc.",shipmate.io,,Software,IN,newsletter,email,weekly-digest,,STEVEN,sato,"Shipmate, Inc.",software engineer,india,False,,unknown,newsletter,False,email,False,weekly-digest,False,stevens@shipmate.io,stevens@shipmate.io,work,False,False,False,False,False,www.shipmate.io,True,stevens@shipmate.io,True,True,company,false,ambiguous,,false,false
L1171,2026-05-29,Alexander,Clark,aclark@metricshub.com,ml engineer,metricshub,metricshub.com,1000+,Software,NL,google,cpc,brand-search-q3,1,ALEXANDER,Clark,metricshub,ml engineer,netherlands,False,1,true,google,False,cpc,False,brand-search-q3,False,aclark@metricshub.com,aclark@metricshub.com,work,False,False,False,False,False,www.metricshub.com,True,,True,False,,true,verified_in,,false,false
L1963,2026-05-04,Samuel,Ferrari,sferrari@voxeldynamics.ai,,Voxel Dynamics,voxeldynamics.ai,51-200,AI/ML software,US,linkedin,paid_social,serverless-launch,,Samuel,Ferrari, Voxel Dynamics,,United States,False,,unknown,linkedin,False,paid_social,False,serverless-launch,False,sferrari@voxeldynamics.ai,sferrari@voxeldynamics.ai,work,False,False,False,False,False,www.voxeldynamics.ai,True,,True,False,,false,verified_in,,false,false
L1344,2026-06-30,Olaf,Martinez,olaf.martinez@yahoo.com,Machine Learning Engineer,Nimbus ERP,nimbuserp.com,1000+,Software,SE,github,referral,docs-cta,true,Olaf,martinez,Nimbus ERP,Machine Learning Engineer,SE,False,true,true,github,False,referral,False,docs-cta,False,olaf.martinez@yahoo.com,olaf.martinez@yahoo.com,freemail,False,False,False,False,False,www.nimbuserp.com,True,,True,False,,true,verified_in,,false,false
L1770,2026-06-29,Zara,Roberts,zara.roberts@databarn.io,Head of MLOps,,,,,GB,reddit,social,r-machinelearning,unknown,zara,ROBERTS,,Head of MLOps,United Kingdom,False,unknown,unknown,reddit,False,social,False,r-machinelearning,False,zara.roberts@databarn.io,zara.roberts@databarn.io,work,False,False,False,False,False,,False,,True,False,,false,verified_in,,true,false
L2664,2026-05-09,Justin,Jones,justin.jones@ledgerworks.com,Operations Manager,LedgerWorks,,51-200,,FR,blog,referral,pricing-post,unknown,Justin,Jones,LedgerWorks,Operations Manager,France,False,unknown,unknown,blog,False,referral,False,pricing-post,False,justin.jones@ledgerworks.com,justin.jones@ledgerworks.com,work,False,False,False,False,False,,False,,True,False,,true,verified_in,,false,true
L1825,2026-04-11,Carolyn,Roberts,roberts.carolyn@bellavistarealty.com,,Bella Vista Realty,bellavistarealty.com,201-500,,,newsletter,email,weekly-digest,pending,carolyn,Roberts,Bella Vista Realty,,,False,pending,unknown,newsletter,False,email,False,weekly-digest,False,roberts.carolyn@bellavistarealty.com,roberts.carolyn@bellavistarealty.com,work,False,False,False,False,False,https://bellavistarealty.com,True,,True,False,,false,ambiguous,,false,false
L1285,2026-04-24,Dennis,Sato,dennis_sato@pipelinelabs.io,Software Engineer,Pipeline Labs,,1000+,Software,US,,,,, Dennis,Sato,Pipeline Labs,Software Engineer,usa,False,,unknown,{{utm_source}},True,{{utm_medium}},True,{{utm_campaign}},True,dennis_sato@pipelinelabs.io,dennis_sato@pipelinelabs.io,work,False,False,False,False,False,,False,,True,False,,false,verified_in,,false,false
L2765,2026-04-12,Cynthia,Hoffmann,choffmann@centralpoly.edu,Enthusiast,central polytechnic,,1000+,,CA,google,cpc,gpu-cloud-nonbrand,,Cynthia, Hoffmann,central polytechnic,Enthusiast,CA,False,,unknown,google,False,cpc,False,gpu-cloud-nonbrand,False,choffmann@centralpoly.edu,choffmann@centralpoly.edu,work,False,False,True,False,False,,False,,True,False,,false,ambiguous,,false,false
L1451,2026-06-24,Anthony,Rossi,arossi@metricshub.com,Platform Engineer,MetricsHub,metricshub.com,,Software,US,,,,pending,Anthony  ,Rossi, MetricsHub,Platform Engineer,usa,False,pending,unknown,test,True,test,True,test-campaign-DELETE,True,arossi@metricshub.com,arossi@metricshub.com,work,False,False,False,False,False,www.metricshub.com,True,,True,False,,false,ambiguous,,false,false
L1312,2026-05-23,Brandon,Sanchez,brandons@formcraft.com,SVP Engineering,Formcraft,,1000+,Software,CA,facebook,cpc,fb-q3-conversions,unknown,Brandon,Sanchez,Formcraft,SVP Engineering,Canada,False,unknown,unknown,Facebook Ads,False,cpc,False,fb-q3-conversions,False,brandons@formcraft.com,brandons@formcraft.com,work,False,False,False,False,False,,False,,True,False,,false,verified_out,,false,false
L1505,2026-04-26,Angela,Ali,angelaa@gmail.com,Senior Software Engineer,Ridgeway Construction,ridgewayconstruction.com,11-50,Construction,CA,youtube,video,tutorial-series,unknown,Angela,Ali,Ridgeway Construction,Senior Software Engineer,Canada,False,unknown,unknown,youtube,False,video,False,tutorial-series,False,angelaa@gmail.com,angelaa@gmail.com,freemail,False,False,False,False,False,www.ridgewayconstruction.com,True,,True,False,,false,verified_in,,true,false
L2056,2026-04-13,Fatima,Perez,fatimap@gmail.com,ML Engineer,Quanta Vision,,1-10,AI/ML software,BR,docs,referral,quickstart,,Fatima,perez,Quanta Vision,ML Engineer,BR,False,,unknown,docs,False,referral,False,quickstart,False,fatimap@gmail.com,fatimap@gmail.com,freemail,False,False,False,False,False,,False,,True,False,,false,ambiguous,,false,false
L1400,2026-04-20,Kevin,Ferrari,kferrari@centralpoly.edu,PhD Candidate,,,,,SG,google,organic,,TRUE,Kevin,Ferrari,,PhD Candidate,singapore,False,TRUE,true,google,False,organic,False,,True,kferrari@centralpoly.edu,kferrari@centralpoly.edu,work,False,False,True,False,False,,False,,True,False,,false,verified_in,,false,false
L1494,2026-04-07,Ryan,Allen,ryan_allen@loopware.io,AI Engineer,Loopware,,1000+,Software,SG,,,,,Ryan,Allen,Loopware,AI Engineer,Singapore,False,,unknown,{{utm_source}},True,{{utm_medium}},True,{{utm_campaign}},True,ryan_allen@loopware.io,ryan_allen@loopware.io,work,False,False,False,False,False,,False,ryan_allen@loopware.io,True,True,company,false,ambiguous,,false,false
L2098,2026-04-03,Dorothy,Muller,dorothy.muller@stateuniv.edu,Undergraduate,State University,stateuniv.edu,1000+,Education,GB,newsletter,email,weekly-digest,granted,dorothy,Muller,State University,Undergraduate,UK,False,granted,true,newsletter,False,email,False,weekly-digest,False,dorothy.muller@stateuniv.edu,dorothy.muller@stateuniv.edu,work,False,False,True,False,False,www.stateuniv.edu,True,,True,False,,false,verified_in,,false,false
L2701,2026-06-09,Gregory,Jones,gregory_jones@bellavistarealty.com,Independent Consultant,Bella Vista Realty,bellavistarealty.com,201-500,Real estate,NL,github,referral,docs-cta,unknown,Gregory,Jones,Bella Vista Realty,Independent Consultant,The Netherlands,False,unknown,unknown,github,False,referral,False,docs-cta,False,gregory_jones@bellavistarealty.com,gregory_jones@bellavistarealty.com,work,False,False,False,False,False,https://bellavistarealty.com,True,,True,False,,true,ambiguous,EU / Consent Verification Needed,false,false
L2165,2026-06-10,Wei,Williams,WILLIAMS.WEI@RELAYMESH.IO,Infrastructure Engineer,Relaymesh,,51-200,Software,IN,facebook,paid_social,fb_q3,unknown,Wei,Williams,Relaymesh,Infrastructure Engineer,India,False,unknown,unknown,facebook,False,Paid-Social,False,FB_Q3,False,WILLIAMS.WEI@RELAYMESH.IO,williams.wei@relaymesh.io,work,False,False,False,False,False,,False,,True,False,,false,ambiguous,,false,false
L1129,2026-05-28,Ryan,Rivera,ryanr@opsfleet.com,Operations Manager,Opsfleet,opsfleet.com,1000+,Software,AU,youtube,video,tutorial-series,unknown,Ryan,Rivera,Opsfleet,Operations Manager,australia,False,unknown,unknown,youtube,False,video,False,tutorial-series,False,ryanr@opsfleet.com,ryanr@opsfleet.com,work,False,False,False,False,False,https://opsfleet.com,True,,True,False,,false,ambiguous,,false,false
L1866,2026-05-12,Robert,Rossi,rossi.robert@metricshub.com,Financial Analyst,MetricsHub,metricshub.com,1000+,Software,AU,twitter,social,launch-week,,Robert,Rossi,MetricsHub,Financial Analyst,australia,False,,unknown,twitter,False,social,False,launch-week,False,rossi.robert@metricshub.com,rossi.robert@metricshub.com,work,False,False,False,False,False,www.metricshub.com,True,,True,False,,false,ambiguous,,false,false
L2314,2026-04-22,Jessica,King,king.jessica@luminaml.com,Sales Development Rep,Lumina ML,luminaml.com,11-50,AI/ML software,IN,google,cpc,brand-search,pending,Jessica, King,Lumina ML,Sales Development Rep,India,False,pending,unknown,google ,False, cpc,False,brand search,False,king.jessica@luminaml.com,king.jessica@luminaml.com,work,False,False,False,False,False,www.luminaml.com,True,,True,False,,false,verified_in,,false,true
L2077,2026-06-13,Scott,Andersson,SCOTTA@DIFFUSIA.IO,Senior ML Engineer,Diffusia,,,AI/ML software,BR,github,referral,docs-cta,,Scott,Andersson,Diffusia,Senior ML Engineer,BR,False,,unknown,github,False,referral,False,docs-cta,False,SCOTTA@DIFFUSIA.IO,scotta@diffusia.io,work,False,False,False,False,False,,False,,True,False,,false,ambiguous,,false,false
L2864,2026-05-09,James,Tanaka,jamest@proton.me,Social Media Manager,Signalfold,signalfold.com,1000+,AI/ML software,IT,email_blast,email,july-promo,granted,James,Tanaka,Signalfold,Social Media Manager,Italy,False,granted,true,email%20blast,False,e-mail,False,JULY%20PROMO,False,jamest@proton.me,jamest@proton.me,freemail,False,False,False,False,False,www.signalfold.com,True,jamest@proton.me,True,True,job_title,true,verified_in,,false,false
L1463,2026-06-05,Carol,Hansen,CAROLH@HOTMAIL.COM,Backend Engineer,Loopware,loopware.io,,Software,IE,github,referral,docs-cta,yes,CAROL,hansen  ,Loopware,Backend Engineer,ireland,False,yes,true,github,False,referral,False,docs-cta,False,CAROLH@HOTMAIL.COM,carolh@hotmail.com,freemail,False,False,False,False,False,www.loopware.io,True,,True,False,,true,verified_in,,false,false
L1435,2026-04-20,Anthony,Okafor,aokafor@loopware.io,Sr. Data Scientist,loopware,loopware.io,1000+,Software,JP,youtube,video,tutorial-series,Yes,Anthony,Okafor,loopware,Sr. Data Scientist,JP,False,Yes,true,youtube,False,video,False,tutorial-series,False,aokafor@loopware.io,aokafor@loopware.io,work,False,False,False,False,False,https://loopware.io,True,,True,False,,false,verified_in,,false,false
L1448,2026-06-19,Zara,Jones,zara.jones@paytrellis.com,Sales Development Rep,paytrellis,paytrellis.com,,Software,DE,github,referral,docs-cta,Yes,Zara,Jones,paytrellis,Sales Development Rep,DE,False,Yes,true,github,False,referral,False,docs-cta,False,zara.jones@paytrellis.com,zara.jones@paytrellis.com,work,False,False,False,False,False,https://paytrellis.com,True,,True,False,,true,verified_in,,false,false
L2526,2026-06-21,George,King,king.george@cornerstoneins.com,Co-Founder & CTO,Cornerstone Insurance,cornerstoneins.com,11-50,Insurance,US,twitter,social,launch-week,,george  ,king  ,Cornerstone Insurance,Co-Founder & CTO,United States,False,,unknown,twitter,False,social,False,launch-week,False,king.george@cornerstoneins.com,king.george@cornerstoneins.com,work,False,False,False,False,False,https://cornerstoneins.com,True,king.george@cornerstoneins.com,True,True,job_title,false,ambiguous,,false,false
L2001,2026-04-15,Eric,Baker,ERICB@DATABARN.IO,Staff Engineer,DataBarn,,11-50,Software,US,reddit,social,r-machinelearning,pending,Eric,Baker,DataBarn,Staff Engineer,US,False,pending,unknown,reddit,False,social,False,r-machinelearning,False,ERICB@DATABARN.IO,ericb@databarn.io,work,False,False,False,False,False,,False,,True,False,,false,ambiguous,,false,false
L1164,2026-04-14,Lars,Davis,larsd@maplegrovebakery.com,Head of MLOps,maple grove bakery,maplegrovebakery.com,1-10,Food and beverage,US,,,,,lars,Davis,maple grove bakery  ,Head of MLOps,United States,False,,unknown,null,True,null,True,null,True,larsd@maplegrovebakery.com,larsd@maplegrovebakery.com,work,False,False,False,False,False,https://maplegrovebakery.com,True,,True,False,,false,verified_in,,false,false
L2308,2026-04-18,Olaf,Becker,olafb@gradientpeak.ai,ml engineer,Gradient Peak,gradientpeak.ai,201-500,AI/ML software,NL,github,referral,docs-cta,TRUE,Olaf,becker,Gradient Peak,ml engineer,Netherlands,False,TRUE,true,github,False,referral,False,docs-cta,False,olafb@gradientpeak.ai,olafb@gradientpeak.ai,work,False,False,False,False,False,www.gradientpeak.ai,True,,True,False,,true,verified_in,,false,true
L1418,2026-06-01,Dennis,Jones,dennis.jones@bluebirdtravel.com,Head of Platform,Bluebird Travel,bluebirdtravel.com,51-200,Travel,US,,,,,Dennis,Jones,Bluebird Travel,Head of Platform,USA,False,,unknown,{{utm_source}},True,{{utm_medium}},True,{{utm_campaign}},True,dennis.jones@bluebirdtravel.com,dennis.jones@bluebirdtravel.com,work,False,False,False,False,False,www.bluebirdtravel.com,True,,True,False,,false,verified_in,,false,false
L1325,2026-05-19,Nancy,Lopez,nancy.lopez@gridforge.cloud,,GridForge Cloud,gridforge.cloud,201-500,AI/ML software,JP,google,cpc,brand-search-q3,1,Nancy,lopez,GridForge Cloud,,japan,False,1,true,google,False,cpc,False,brand-search-q3,False,nancy.lopez@gridforge.cloud,nancy.lopez@gridforge.cloud,work,True,False,False,False,False,www.gridforge.cloud,True,,True,False,,false,verified_in,,false,false
L1728,2026-05-25,Jeffrey,Kumar,jeffrey.kumar@vectorly.ai,Chief Technology Officer,VECTORLY AI,vectorly.ai,11-50,AI/ML software,ES,,,,Yes,JEFFREY  ,KUMAR,VECTORLY AI,Chief Technology Officer,Spain,False,Yes,true,undefined,True,undefined,True,,True,jeffrey.kumar@vectorly.ai,jeffrey.kumar@vectorly.ai,work,False,False,False,False,False,https://vectorly.ai,True,,True,False,,true,verified_in,,false,false
L2656,2026-04-02,Alexander,Adams,alexandera@icloud.com,,Northern University,northernuni.edu,1000+,Education,CA,google,organic,,pending,ALEXANDER,Adams,Northern University,,Canada,False,pending,unknown,google,False,organic,False,,True,alexandera@icloud.com,alexandera@icloud.com,freemail,False,False,False,False,False,https://northernuni.edu,True,,True,False,,false,ambiguous,,false,false
L1693,2026-06-24,George,Hassan,ghassan@axonresearch.ai,Accountant,Axon Research,axonresearch.ai,11-50,AI/ML software,CA,,,,1,George,Hassan,Axon Research,Accountant,Canada,False,1,true,undefined,True,undefined,True,,True,ghassan@axonresearch.ai,ghassan@axonresearch.ai,work,False,False,False,False,False,https://axonresearch.ai,True,,True,False,,false,verified_in,,false,false
L1789,2026-06-03,Jessica,Lee,jessical@corticon.ai,,Corticon AI,,501-1000,AI/ML software,IN,google,cpc,gpu-cloud-nonbrand,TRUE,Jessica,Lee  ,Corticon AI,,India,False,TRUE,true,google,False,cpc,False,gpu-cloud-nonbrand,False,jessical@corticon.ai,jessical@corticon.ai,work,False,False,False,False,False,,False,,True,False,,false,verified_in,,false,false
L1423,2026-04-22,Hans,Thomas,hanst@fieldstonetech.com,sre,Fieldstone Tech,fieldstonetech.com,501-1000,Software,CA,google,cpc,brand-search-q3,NULL,Hans,Thomas,Fieldstone Tech,sre,CA,False,NULL,unknown,google,False,cpc,False,brand-search-q3,False,hanst@fieldstonetech.com,hanst@fieldstonetech.com,work,False,False,False,False,False,https://fieldstonetech.com,True,,True,False,,false,verified_in,,false,false
L1725,2026-06-14,Samantha,King,samanthak@apexautoparts.com,CTO,Apex Auto Parts,apexautoparts.com,201-500,,ES,google,cpc,brand-search-q3,,Samantha,King,Apex Auto Parts,CTO  ,spain,False,,unknown,google,False,cpc,False,brand-search-q3,False,samanthak@apexautoparts.com,samanthak@apexautoparts.com,work,False,False,False,False,False,https://apexautoparts.com,True,,True,False,,true,verified_in,,false,false
L1759,2026-05-26,Anna,Walker,anna.walker@evalhouse.ai,Senior Software Engineer,EvalHouse,evalhouse.ai,1-10,AI/ML software,JP,blog,referral,pricing-post,unknown,Anna,Walker,EvalHouse,Senior Software Engineer,japan,False,unknown,unknown,blog,False,referral,False,pricing-post,False,anna.walker@evalhouse.ai,anna.walker@evalhouse.ai,work,False,False,False,False,False,https://evalhouse.ai,True,,True,False,,false,verified_in,,false,true
L1609,2026-04-04,Margaret,Perez,mperez@modelry.ai,VP Engineering,Modelry,,,AI/ML software,FR,google,cpc,brand-search-q3,opted_in,Margaret,Perez, Modelry,VP Engineering,FR,False,opted_in,true,google,False,cpc,False,brand-search-q3,False,mperez@modelry.ai,mperez@modelry.ai,work,False,False,False,False,False,,False,,True,False,,true,verified_in,,false,false
L2613,2026-05-06,Mary,Ferrari,ferrari.mary@northernuni.edu,Hobbyist,Northern University,northernuni.edu,1000+,Education,GB,email_blast,email,july-promo,,Mary  ,ferrari,Northern University  ,Hobbyist,United Kingdom,False,,unknown,email%20blast,False,e-mail,False,JULY%20PROMO,False,ferrari.mary@northernuni.edu,ferrari.mary@northernuni.edu,work,False,False,True,False,False,https://northernuni.edu,True,,True,False,,false,ambiguous,,false,false
L1886,2026-05-22,George,Muller,gmuller@opsfleet.com,Research Scientist,Opsfleet,opsfleet.com,1000+,Software,JP,youtube,video,tutorial-series,,George  ,Muller,Opsfleet, Research Scientist,JP,False,,unknown,youtube,False,video,False,tutorial-series,False,gmuller@opsfleet.com,gmuller@opsfleet.com,work,False,False,False,False,False,https://opsfleet.com,True,,True,False,,false,ambiguous,,false,false
L2330,2026-06-09,Michael,Fischer,michael.fischer@signalfold.com,Undergraduate,Signalfold,signalfold.com,1000+,AI/ML software,CA,facebook,paid,fb_q3,pending,Michael,Fischer,Signalfold,Undergraduate,Canada,False,pending,unknown,FB,False,paid,False,fb_q3,False,michael.fischer@signalfold.com,michael.fischer@signalfold.com,work,False,False,False,False,False,https://signalfold.com,True,,True,False,,false,ambiguous,,false,false
L2816,2026-06-20,Astrid,Martinez,astrid_martinez@gradientpeak.ai,Project Manager,Gradient Peak,,201-500,AI/ML software,AU,blog,referral,pricing-post,,ASTRID,Martinez,Gradient Peak,Project Manager,australia,False,,unknown,blog,False,referral,False,pricing-post,False,astrid_martinez@gradientpeak.ai,astrid_martinez@gradientpeak.ai,work,False,False,False,False,False,,False,astrid_martinez@gradientpeak.ai,True,False,,false,ambiguous,,false,false
L2184,2026-05-13,George,Hill,george_hill@quantavision.io,VP of AI Infrastructure,Quanta Vision,,1-10,AI/ML software,IN,newsletter,email,weekly-digest,NULL,George,Hill,Quanta Vision,VP of AI Infrastructure,india,False,NULL,unknown,newsletter,False,email,False,weekly-digest,False,george_hill@quantavision.io,george_hill@quantavision.io,work,False,False,False,False,False,,False,,True,False,,false,ambiguous,,false,false
L2494,2026-04-03,Gary,Andersson,gary.andersson@icloud.com,Staff Engineer,TensorLoop,tensorloop.io,51-200,,CA,,,,granted,gary,Andersson,TensorLoop,Staff Engineer,CA,False,granted,true,null,True,null,True,null,True,gary.andersson@icloud.com,gary.andersson@icloud.com,freemail,False,False,False,False,False,www.tensorloop.io,True,,True,False,,false,verified_in,,false,false
L1571,2026-04-24,Cynthia,Novak,NOVAK.CYNTHIA@DATABARN.IO,Sr. Data Scientist,DataBarn,databarn.io,11-50,Software,BR,twitter,social,launch-week,NULL,Cynthia,Novak,DataBarn,Sr. Data Scientist,BR,False,NULL,unknown,twitter,False,social,False,launch-week,False,NOVAK.CYNTHIA@DATABARN.IO,novak.cynthia@databarn.io,work,False,False,False,False,False,www.databarn.io,True,,True,False,,false,ambiguous,,false,false
L1690,2026-05-22,Susan,Hansen,susanh@hotmail.com,Research Engineer,Lumina ML,,11-50,AI/ML software,IN,google,cpc,brand-search-q3,TRUE,susan,Hansen,Lumina ML,Research Engineer,IN,False,TRUE,true,google,False,cpc,False,brand-search-q3,False,susanh@hotmail.com,susanh@hotmail.com,freemail,False,False,False,False,False,,False,,True,False,,false,verified_in,,false,false
L1806,2026-04-28,Chris,Garcia,chris.garcia@icloud.com,software engineer,Modelry,modelry.ai,1-10,AI/ML software,US,email_blast,email,july-promo,granted,Chris,GARCIA,Modelry,software engineer,U.S.,False,granted,true,email%20blast,False,e-mail,False,JULY%20PROMO,False,chris.garcia@icloud.com,chris.garcia@icloud.com,freemail,False,False,False,False,False,www.modelry.ai,True,,True,False,,false,verified_in,,false,false
L1577,2026-06-29,Robert,Tanaka,robertt@pipelinelabs.io,Deep Learning Engineer,Pipeline Labs,pipelinelabs.io,1000+,Software,JP,linkedin,paid_social,serverless-launch,,Robert,Tanaka, Pipeline Labs,Deep Learning Engineer,JP,False,,unknown,linkedin,False,paid_social,False,serverless-launch,False,robertt@pipelinelabs.io,robertt@pipelinelabs.io,work,False,False,False,False,False,www.pipelinelabs.io,True,,True,False,,false,verified_in,,true,false
L2589,2026-04-15,Jessica,Williams,jessica_williams@outlook.com,CTO,Peak Fitness Studios,peakfitnessstudios.com,51-200,Fitness,GB,twitter,social,launch-week,unknown,Jessica,Williams,Peak Fitness Studios,CTO,uk,False,unknown,unknown,twitter,False,social,False,launch-week,False,jessica_williams@outlook.com,jessica_williams@outlook.com,freemail,False,False,False,False,False,https://peakfitnessstudios.com,True,,True,False,,false,ambiguous,,false,false
L2731,2026-06-24,Mary,Green,mary_green@summitdentalgroup.com,,Summit Dental Group,,11-50,Healthcare,IN,,,,TRUE,mary,Green,Summit Dental Group,,india,False,TRUE,true,{{utm_source}},True,{{utm_medium}},True,{{utm_campaign}},True,mary_green@summitdentalgroup.com,mary_green@summitdentalgroup.com,work,False,False,False,False,False,,False,,True,False,,false,verified_in,,false,false
L2422,2026-04-12,Brandon,Martinez,brandon_martinez@metricshub.com,Director of Platform Engineering,MetricsHub,metricshub.com,1000+,Software,SG,youtube,video,tutorial-series,unknown,Brandon,Martinez,MetricsHub,Director of Platform Engineering,Singapore,False,unknown,unknown,youtube,False,video,False,tutorial-series,False,brandon_martinez@metricshub.com,brandon_martinez@metricshub.com,work,False,False,False,False,False,https://metricshub.com,True,,True,False,,false,verified_in,,false,true
L2349,2026-04-06,Lars,Rossi,lars.rossi@gmail.com,Computer Vision Engineer,Shipmate,shipmate.io,201-500,Software,PL,google,organic,,TRUE,LARS,Rossi,Shipmate,Computer Vision Engineer,poland,False,TRUE,true,google,False,organic,False,,True,lars.rossi@gmail.com,lars.rossi@gmail.com,freemail,False,False,False,False,False,https://shipmate.io,True,,True,False,,true,verified_in,,false,false
L1718,2026-06-11,Gary,White,garyw@voxeldynamics.ai,Founder,Voxel Dynamics,,51-200,,NL,newsletter,email,weekly-digest,true,GARY,white,Voxel Dynamics,Founder,netherlands,False,true,true,newsletter,False,email,False,weekly-digest,False,garyw@voxeldynamics.ai,garyw@voxeldynamics.ai,work,False,False,False,False,False,,False,,True,False,,true,verified_in,,false,false
L1358,2026-05-28,Steven,Nguyen,steven.nguyen@inferralabs.com,MLOps Engineer,Inferra Labs,inferralabs.com,1000+,,JP,google,cpc,brand-search-q3,yes,Steven,Nguyen,Inferra Labs,MLOps Engineer,japan,False,yes,true,google,False,cpc,False,brand-search-q3,False,steven.nguyen@inferralabs.com,steven.nguyen@inferralabs.com,work,False,False,False,False,False,https://inferralabs.com,True,,True,False,,false,verified_in,,false,false
L2384,2026-05-28,Ronald,Davis,ronald_davis@tensorloop.io,VP of AI Infrastructure,,,,,FR,linkedin,paid_social,serverless-launch,pending,Ronald,Davis,,VP of AI Infrastructure,FRA,False,pending,unknown,linkedin,False,paid_social,False,serverless-launch,False,ronald_davis@tensorloop.io,ronald_davis@tensorloop.io,work,False,False,False,False,False,,False,,True,False,,true,ambiguous,EU / Consent Verification Needed,false,false
L1931,2026-05-20,Lisa,Harris,lisah@voxeldynamics.ai,Head of Platform,Voxel Dynamics,voxeldynamics.ai,,AI/ML software,IE,google,cpc,gpu-cloud-nonbrand,granted,Lisa  ,Harris,Voxel Dynamics,Head of Platform,IE,False,granted,true,google,False,cpc,False,gpu-cloud-nonbrand,False,lisah@voxeldynamics.ai,lisah@voxeldynamics.ai,work,False,False,False,False,False,www.voxeldynamics.ai,True,,True,False,,true,verified_in,,true,false
L2643,2026-04-24,Nicole,Thompson,nicolet@signalfold.com,MLOps Engineer,Signalfold,,,AI/ML software,NL,linkedin,paid_social,serverless-launch,0,Nicole  ,Thompson,Signalfold,MLOps Engineer,NL,False,0,false,linkedin,False,paid_social,False,serverless-launch,False,nicolet@signalfold.com,nicolet@signalfold.com,work,False,False,False,False,False,,False,,True,False,,true,verified_out,,false,false
L1076,2026-04-29,Debra,Moore,debra_moore@tokenworks.io,CTO,tokenworks,tokenworks.io,1000+,AI/ML software,BR,google,cpc,brand-search-q3,NULL,Debra,Moore,tokenworks,CTO,Brazil,False,NULL,unknown,google,False,cpc,False,brand-search-q3,False,debra_moore@tokenworks.io,debra_moore@tokenworks.io,work,False,False,False,False,False,https://tokenworks.io,True,,True,False,,false,ambiguous,,false,false
L2356,2026-04-07,Sandra,Meyer,meyer.sandra@proton.me,PhD Student,Central Polytechnic,centralpoly.edu,1000+,Education,BR,facebook,paid,fb_q3,opted_in,Sandra,Meyer,Central Polytechnic,PhD Student,Brazil,False,opted_in,true,FB,False,paid,False,fb_q3,False,meyer.sandra@proton.me,meyer.sandra@proton.me,freemail,False,False,False,False,False,www.centralpoly.edu,True,,True,False,,false,verified_in,,false,false
L2104,2026-05-17,Jennifer,Lopez,lopez.jennifer@embediq.ai,Social Media Manager,embediq,,1000+,AI/ML software,CA,facebook,social,q3,,jennifer,Lopez,embediq, Social Media Manager,canada,False,,unknown,fb_paid,False,social,False,q3,False,lopez.jennifer@embediq.ai,lopez.jennifer@embediq.ai,work,False,False,False,False,False,,False,,True,False,,false,ambiguous,,false,false
L2145,2026-04-16,Linda,Roberts,linda.roberts@signalfold.com,Backend Engineer,Signalfold,,,,AU,,,,unknown,Linda,Roberts,Signalfold,Backend Engineer,Australia,False,unknown,unknown,null,True,null,True,null,True,linda.roberts@signalfold.com,linda.roberts@signalfold.com,work,False,False,False,False,False,,False,,True,False,,false,ambiguous,,false,false
L2469,2026-05-04,Kevin,Keller,kevink@databarn.io,Project Manager,,,,,CA,google,cpc,brand-search-q3,,kevin,Keller,,Project Manager,CA,False,,unknown,google,False,cpc,False,brand-search-q3,False,kevink@databarn.io,kevink@databarn.io,work,False,False,False,False,False,,False,,True,False,,false,ambiguous,,false,false
L1314,2026-06-18,Matthew,Wagner,matthew_wagner@maplegrovebakery.com,Executive Assistant,Maple Grove Bakery,maplegrovebakery.com,1-10,,NL,blog,referral,pricing-post,granted,Matthew,Wagner,Maple Grove Bakery,Executive Assistant,netherlands,False,granted,true,blog,False,referral,False,pricing-post,False,matthew_wagner@maplegrovebakery.com,matthew_wagner@maplegrovebakery.com,work,False,False,False,False,False,www.maplegrovebakery.com,True,,True,False,,true,verified_in,,false,false
L1780,2026-05-08,Kimberly,Scott,kimberlys@finetunelabs.com,Software Engineer,Finetune Labs,finetunelabs.com,1-10,,,reddit,social,r-machinelearning,,Kimberly,scott,Finetune Labs,Software Engineer,,False,,unknown,reddit,False,social,False,r-machinelearning,False,kimberlys@finetunelabs.com,kimberlys@finetunelabs.com,work,False,False,False,False,False,https://finetunelabs.com,True,,True,False,,false,verified_in,,true,false
L1316,2026-05-25,Melissa,Ferrari,melissa_ferrari@copilothealth.ai,sre,Copilot Health AI,copilothealth.ai,1-10,AI/ML software,JP,google,organic,,granted,melissa,Ferrari,Copilot Health AI  ,sre,JP,False,granted,true,google,False,organic,False,,True,melissa_ferrari@copilothealth.ai,melissa_ferrari@copilothealth.ai,work,False,False,False,False,False,www.copilothealth.ai,True,,True,False,,false,verified_in,,false,false
L2124,2026-05-15,Kwame,Jones,kwame_jones@quantumnails.com,Platform Engineer,Quantum Nails Salon,quantumnails.com,51-200,,BR,twitter,social,launch-week,unknown,KWAME,Jones,Quantum Nails Salon,Platform Engineer,brazil,False,unknown,unknown,twitter,False,social,False,launch-week,False,kwame_jones@quantumnails.com,kwame_jones@quantumnails.com,work,False,False,False,False,False,www.quantumnails.com,True,,True,False,,false,verified_out,,false,false
L1178,2026-05-15,Elizabeth,Wilson,EWILSON@BELLAVISTAREALTY.COM,Senior Software Engineer,Bella Vista Realty,bellavistarealty.com,,Real estate,NL,docs,referral,quickstart,true,Elizabeth,WILSON,Bella Vista Realty,Senior Software Engineer,netherlands,False,true,true,docs,False,referral,False,quickstart,False,EWILSON@BELLAVISTAREALTY.COM,ewilson@bellavistarealty.com,work,False,False,False,False,False,www.bellavistarealty.com,True,,True,False,,true,verified_in,,false,false
L1422,2026-04-20,Daniel,Young,daniely@voxeldynamics.ai,Sr. Data Scientist,Voxel Dynamics,voxeldynamics.ai,51-200,AI/ML software,AU,,,,opted_in,Daniel,Young,Voxel Dynamics,Sr. Data Scientist,australia,False,opted_in,true,(direct),True,(none),True,,True,daniely@voxeldynamics.ai,daniely@voxeldynamics.ai,work,False,False,False,False,False,https://voxeldynamics.ai,True,,True,False,,false,verified_in,,false,false
L1065,2026-06-30,Justin,Jones,justin_jones@synthworks.ai,Applied Scientist,SynthWorks AI,synthworks.ai,11-50,AI/ML software,IN,,,,,Justin, Jones,SynthWorks AI,Applied Scientist,india,False,,unknown,null,True,null,True,null,True,justin_jones@synthworks.ai,justin_jones@synthworks.ai,work,False,False,False,False,False,https://synthworks.ai,True,,True,False,,false,ambiguous,,false,false
L2068,2026-06-12,Kevin,Mitchell,kevin.mitchell@hotmail.com,NLP Engineer,Lumina ML,luminaml.com,11-50,AI/ML software,US,google,cpc,gpu-cloud-nonbrand,granted,Kevin,Mitchell,Lumina ML,NLP Engineer,USA,False,granted,true,google,False,cpc,False,gpu-cloud-nonbrand,False,kevin.mitchell@hotmail.com,kevin.mitchell@hotmail.com,freemail,False,False,False,False,False,https://luminaml.com,True,kevin.mitchell@hotmail.com,True,False,,false,verified_in,,false,true
L1286,2026-04-01,Paul,Lewis,LEWIS.PAUL@ORBITALMIND.AI,Head of MLOps,Orbital Mind,,201-500,,JP,google,cpc,gpu-cloud-nonbrand,,Paul,Lewis,Orbital Mind,Head of MLOps,Japan,False,,unknown,google,False,cpc,False,gpu-cloud-nonbrand,False,LEWIS.PAUL@ORBITALMIND.AI,lewis.paul@orbitalmind.ai,work,False,False,False,False,False,,False,,True,False,,false,verified_in,,false,false
L2634,2026-04-28,Helen,Okafor,heleno@hotmail.com,,INSTITUTE OF TECHNOLOGY,instech.edu,1000+,Education,SG,,,,unknown,HELEN, Okafor, INSTITUTE OF TECHNOLOGY,,singapore,False,unknown,unknown,{{utm_source}},True,{{utm_medium}},True,{{utm_campaign}},True,heleno@hotmail.com,heleno@hotmail.com,freemail,False,False,False,False,False,www.instech.edu,True,,True,False,,false,ambiguous,,false,false
L2605,2026-04-24,Hans,Singh,hans.singh@cascade-ai.com,,Cascade AI,cascade-ai.com,51-200,,IN,youtube,video,tutorial-series,, Hans,Singh,Cascade AI,,india,False,,unknown,youtube,False,video,False,tutorial-series,False,hans.singh@cascade-ai.com,hans.singh@cascade-ai.com,work,False,False,False,False,False,https://cascade-ai.com,True,,True,False,,false,ambiguous,,false,false
L1677,2026-04-06,Jennifer,Fischer,fischer.jennifer@maplegrovebakery.com,VP of Engineering,MAPLE GROVE BAKERY,,1-10,Food and beverage,BR,newsletter,email,weekly-digest,granted,Jennifer,Fischer,MAPLE GROVE BAKERY,VP of Engineering,brazil,False,granted,true,newsletter,False,email,False,weekly-digest,False,fischer.jennifer@maplegrovebakery.com,fischer.jennifer@maplegrovebakery.com,work,False,False,False,False,False,,False,,True,False,,false,verified_in,,false,true
L1972,2026-05-22,Olaf,Kowalski,kowalski.olaf@tensorloop.io,Senior Software Engineer,TensorLoop,tensorloop.io,51-200,AI/ML software,ES,facebook,paid,fb_q3,TRUE,Olaf,Kowalski,TensorLoop,Senior Software Engineer,Spain,False,TRUE,true,FB,False,paid,False,fb_q3,False,kowalski.olaf@tensorloop.io,kowalski.olaf@tensorloop.io,work,False,False,False,False,False,https://tensorloop.io,True,,True,False,,true,verified_in,,false,false
L1397,2026-05-23,Timothy,Patel,timothy.patel@evalhouse.ai,Platform Engineer,EvalHouse,evalhouse.ai,1-10,AI/ML software,SG,,,,NULL,Timothy,Patel,EvalHouse,Platform Engineer,Singapore,False,NULL,unknown,(direct),True,(none),True,,True,timothy.patel@evalhouse.ai,timothy.patel@evalhouse.ai,work,False,False,False,False,False,www.evalhouse.ai,True,,True,False,,false,ambiguous,,false,false
L2758,2026-04-20,Brian,Walker,brian.walker@shipmate.io,Marketing Manager,,,,,NL,blog,referral,pricing-post,opted_out,Brian,Walker,,Marketing Manager,netherlands,False,opted_out,false,blog,False,referral,False,pricing-post,False,brian.walker@shipmate.io,brian.walker@shipmate.io,work,False,False,False,False,False,,False,,True,False,,true,verified_out,,false,false
L2552,2026-06-21,Richard,Carter,rcarter@outlook.com,Graduate Student,,,,,SG,twitter,social,launch-week,Yes,Richard,Carter  ,,Graduate Student,SG,False,Yes,true,twitter,False,social,False,launch-week,False,rcarter@outlook.com,rcarter@outlook.com,freemail,False,False,False,False,False,,False,,True,False,,false,verified_in,,false,false
L2246,2026-05-04,Michelle,Hansen,mhansen@securexsystems.com,Head of AI,Securex Systems,securexsystems.com,,Software,AU,linkedin,paid_social,serverless-launch,NULL,Michelle,HANSEN, Securex Systems,Head of AI,Australia,False,NULL,unknown,linkedin,False,paid_social,False,serverless-launch,False,mhansen@securexsystems.com,mhansen@securexsystems.com,work,False,False,False,False,False,https://securexsystems.com,True,,True,False,,false,ambiguous,,false,false
L2159,2026-05-02,Ronald,Flores,flores.ronald@luminaml.com,Chief AI Officer,LUMINA ML,,11-50,,BR,producthunt,referral,launch,1,Ronald,Flores, LUMINA ML,Chief AI Officer,BR,False,1,true,producthunt,False,referral,False,launch,False,flores.ronald@luminaml.com,flores.ronald@luminaml.com,work,False,False,False,False,False,,False,,True,False,,false,verified_in,,false,false
L2749,2026-05-04,Jeffrey,Hall,jeffreyh@icloud.com,Head of MLOps,TensorLoop,tensorloop.io,51-200,,AU,reddit,social,r-machinelearning,,JEFFREY, HALL,TensorLoop,Head of MLOps,australia,False,,unknown,reddit,False,social,False,r-machinelearning,False,jeffreyh@icloud.com,jeffreyh@icloud.com,freemail,False,False,False,False,False,https://tensorloop.io,True,,True,False,,false,ambiguous,,false,false
L1220,2026-04-27,Olaf,Rossi,olaf.rossi@axonresearch.ai,Co-founder,,,,,DE,youtube,video,tutorial-series,granted,Olaf,Rossi,,Co-founder,Deutschland,False,granted,true,youtube,False,video,False,tutorial-series,False,olaf.rossi@axonresearch.ai,olaf.rossi@axonresearch.ai,work,False,False,False,False,False,,False,,True,False,,true,verified_in,,false,false
L2147,2026-05-03,Patricia,Hall,patricia.hall@brightqueue.io,Sales Development Rep,BrightQueue,brightqueue.io,51-200,Software,DE,google,organic,,1,Patricia, Hall,BrightQueue,Sales Development Rep  ,Germany,False,1,true,google,False,organic,False,,True,patricia.hall@brightqueue.io,patricia.hall@brightqueue.io,work,False,False,False,False,False,www.brightqueue.io,True,,True,False,,true,verified_in,,false,false
L1098,2026-06-05,Chris,Thomas,chris.thomas@tensorloop.io,CTO,TensorLoop,tensorloop.io,51-200,AI/ML software,AU,blog,referral,pricing-post,unknown,chris,Thomas,TensorLoop  ,CTO,australia,False,unknown,unknown,blog,False,referral,False,pricing-post,False,chris.thomas@tensorloop.io,chris.thomas@tensorloop.io,work,False,False,False,False,False,www.tensorloop.io,True,,True,False,,false,ambiguous,,false,false
L1153,2026-06-28,Elena,Wilson,wilson.elena@opsfleet.com,Founder & CEO,Opsfleet,opsfleet.com,1000+,Software,BR,youtube,video,tutorial-series,,Elena,Wilson,Opsfleet  ,Founder & CEO,brazil,False,,unknown,youtube,False,video,False,tutorial-series,False,wilson.elena@opsfleet.com,wilson.elena@opsfleet.com,work,False,False,False,False,False,www.opsfleet.com,True,wilson.elena@opsfleet.com,True,False,,false,verified_in,,true,false
L2163,2026-05-09,Thomas,Thomas,thomas_thomas@instech.edu,Hobbyist,INSTITUTE OF TECHNOLOGY,instech.edu,,Education,CA,,,,pending,Thomas,Thomas,INSTITUTE OF TECHNOLOGY,Hobbyist,Canada,False,pending,unknown,(direct),True,(none),True,,True,thomas_thomas@instech.edu,thomas_thomas@instech.edu,work,False,False,True,False,False,https://instech.edu,True,,True,False,,false,ambiguous,,false,false
L2594,2026-06-05,Christine,Campbell,christine_campbell@loopware.io,,Loopware,loopware.io,1000+,Software,GB,facebook,social,q3,NULL, Christine,Campbell,Loopware,,uk,False,NULL,unknown,fb_paid,False,social,False,q3,False,christine_campbell@loopware.io,christine_campbell@loopware.io,work,False,False,False,False,False,www.loopware.io,True,,True,False,,false,verified_in,,true,false
L1924,2026-04-01,Kimberly,Schulz,kimberly_schulz@ledgerworks.com,,LedgerWorks,ledgerworks.com,51-200,Software,AU,producthunt,referral,launch,unknown,KIMBERLY,Schulz,LedgerWorks,,australia,False,unknown,unknown,producthunt,False,referral,False,launch,False,kimberly_schulz@ledgerworks.com,kimberly_schulz@ledgerworks.com,work,False,False,False,False,False,www.ledgerworks.com,True,,True,False,,false,verified_in,,false,true
L2199,2026-06-07,Paul,Thompson,paul_thompson@tensorloop.io,,tensorloop,tensorloop.io,,,GB,github,referral,docs-cta,opted_in,Paul,THOMPSON,tensorloop,,uk,False,opted_in,true,github,False,referral,False,docs-cta,False,paul_thompson@tensorloop.io,paul_thompson@tensorloop.io,work,False,False,False,False,False,www.tensorloop.io,True,,True,False,,false,verified_in,,false,false
L1485,2026-04-13,Samuel,Keller,samuel.keller@yahoo.com,HR Manager,Streamlyne,streamlyne.io,11-50,,AU,google,cpc,brand-search-q3,true,Samuel,Keller,Streamlyne, HR Manager,Australia,False,true,true,google,False,cpc,False,brand-search-q3,False,samuel.keller@yahoo.com,samuel.keller@yahoo.com,freemail,False,False,False,False,False,https://streamlyne.io,True,,True,False,,false,verified_in,,false,false
L2170,2026-06-26,Gary,Wilson,gary_wilson@hotmail.com,Undergraduate,Central Polytechnic,centralpoly.edu,1000+,Education,SG,,,,,Gary,Wilson,Central Polytechnic,Undergraduate,singapore,False,,unknown,null,True,null,True,null,True,gary_wilson@hotmail.com,gary_wilson@hotmail.com,freemail,False,False,False,False,False,www.centralpoly.edu,True,,True,False,,false,verified_in,,false,false
L1640,2026-06-29,Astrid,Perez,aperez@pipelinelabs.io,"vp, engineering",PIPELINE LABS,pipelinelabs.io,1000+,Software,GB,google,organic,,,Astrid,perez,PIPELINE LABS,"vp, engineering",UK,False,,unknown,google,False,organic,False,,True,aperez@pipelinelabs.io,aperez@pipelinelabs.io,work,False,False,False,False,False,www.pipelinelabs.io,True,,True,False,,false,ambiguous,,false,false
L2702,2026-05-27,David,Johansson,david.johansson@tensorloop.io,Sr. Data Scientist,TensorLoop,tensorloop.io,51-200,AI/ML software,BR,twitter,social,launch-week,,David, Johansson,TensorLoop,Sr. Data Scientist  ,brazil,False,,unknown,twitter,False,social,False,launch-week,False,david.johansson@tensorloop.io,david.johansson@tensorloop.io,work,False,False,False,False,False,https://tensorloop.io,True,,True,False,,false,verified_in,,false,false
L1715,2026-04-08,Brandon,Nelson,brandonn@proton.me,,DATABARN,databarn.io,11-50,Software,AU,facebook,social,q3,NULL,brandon,Nelson,DATABARN,,australia,False,NULL,unknown,fb_paid,False,social,False,q3,False,brandonn@proton.me,brandonn@proton.me,freemail,False,False,False,False,False,https://databarn.io,True,,True,False,,false,verified_in,,false,false
L1842,2026-05-22,Sarah,Perez,sarah_perez@cornerstoneins.com,HR Manager,Cornerstone Insurance,cornerstoneins.com,,Insurance,NL,facebook,paid,fb_q3,opted_in,Sarah,Perez, Cornerstone Insurance,HR Manager,NL,False,opted_in,true,FB,False,paid,False,fb_q3,False,sarah_perez@cornerstoneins.com,sarah_perez@cornerstoneins.com,work,False,False,False,False,False,www.cornerstoneins.com,True,,True,False,,true,verified_in,,false,false
L1791,2026-06-15,Edward,Adams,ADAMS.EDWARD@PROMPTLINE.AI,Head of Engineering,Promptline,,11-50,AI/ML software,GB,github,referral,docs-cta,yes,Edward,Adams,Promptline,Head of Engineering,uk,False,yes,true,github,False,referral,False,docs-cta,False,ADAMS.EDWARD@PROMPTLINE.AI,adams.edward@promptline.ai,work,False,False,False,False,False,,False,,True,False,,false,verified_out,,false,false
L2660,2026-05-07,Michael,Miller,michaelm@yahoo.com,Undergraduate,Institute of Technology,,1000+,,AU,reddit,social,r-machinelearning,unknown,Michael,miller,Institute of Technology,Undergraduate,australia,False,unknown,unknown,reddit,False,social,False,r-machinelearning,False,michaelm@yahoo.com,michaelm@yahoo.com,freemail,False,False,False,False,False,,False,,True,False,,false,ambiguous,,false,false
L1069,2026-06-13,Sandra,Hansen,sandra_hansen@summitdentalgroup.com,AI Engineer,summit dental group,summitdentalgroup.com,,,AU,newsletter,email,weekly-digest,,Sandra,Hansen,summit dental group,AI Engineer,australia,False,,unknown,newsletter,False,email,False,weekly-digest,False,sandra_hansen@summitdentalgroup.com,sandra_hansen@summitdentalgroup.com,work,False,False,False,False,False,www.summitdentalgroup.com,True,,True,False,,false,ambiguous,,false,false
L2189,2026-04-20,Brian,Campbell,BRIAN_CAMPBELL@NIMBUSERP.COM,software engineer,Nimbus ERP,nimbuserp.com,1000+,Software,US,youtube,video,tutorial-series,unknown,Brian,Campbell,Nimbus ERP,software engineer,USA,False,unknown,unknown,youtube,False,video,False,tutorial-series,False,BRIAN_CAMPBELL@NIMBUSERP.COM,brian_campbell@nimbuserp.com,work,False,False,False,False,False,https://nimbuserp.com,True,,True,False,,false,ambiguous,,false,false
L1189,2026-06-07,Christine,Hall,hall.christine@stateuniv.edu,student,,,,,SE,youtube,video,tutorial-series,true,Christine,Hall,,student,sweden,False,true,true,youtube,False,video,False,tutorial-series,False,hall.christine@stateuniv.edu,hall.christine@stateuniv.edu,work,False,False,True,False,False,,False,,True,False,,true,verified_out,,false,false
L2453,2026-04-13,Timothy,Williams,timothy_williams@icloud.com,MLOps Engineer,Finetune Labs,,1-10,AI/ML software,SG,google,cpc,brand-search-q3,,Timothy  ,Williams,Finetune Labs,MLOps Engineer,Singapore,False,,unknown,google,False,cpc,False,brand-search-q3,False,timothy_williams@icloud.com,timothy_williams@icloud.com,freemail,False,False,False,False,False,,False,,True,False,,false,ambiguous,,false,false
L2516,2026-05-10,Amara,Miller,AMARAM@CORTICON.AI,Account Executive,Corticon AI,corticon.ai,501-1000,AI/ML software,GB,newsletter,email,weekly-digest,pending,AMARA,miller,Corticon AI,Account Executive,United Kingdom,False,pending,unknown,newsletter,False,email,False,weekly-digest,False,AMARAM@CORTICON.AI,amaram@corticon.ai,work,False,False,False,False,False,https://corticon.ai,True,,True,False,,false,verified_in,,true,false
L2289,2026-04-09,Joshua,Carter,joshuac@gmail.com,Freelancer,Central Polytechnic,centralpoly.edu,1000+,Education,AU,google,organic,,unknown,Joshua,carter,Central Polytechnic,Freelancer,australia,False,unknown,unknown,google,False,organic,False,,True,joshuac@gmail.com,joshuac@gmail.com,freemail,False,False,False,False,False,https://centralpoly.edu,True,,True,False,,false,verified_in,,true,false
L2423,2026-05-26,Priya,Sharma,sharma.priya@gmail.com,Executive Assistant,Apex Auto Parts,,,,JP,twitter,social,launch-week,,Priya,Sharma,Apex Auto Parts,Executive Assistant,Japan,False,,unknown,twitter,False,social,False,launch-week,False,sharma.priya@gmail.com,sharma.priya@gmail.com,freemail,False,False,False,False,False,,False,,True,False,,false,verified_out,,false,false
L2505,2026-04-13,Frank,Kowalski,frank.kowalski@neuralight.io,Senior ML Engineer,Neuralight,neuralight.io,201-500,AI/ML software,SG,linkedin,paid_social,serverless-launch,,Frank,Kowalski,Neuralight,Senior ML Engineer,Singapore,False,,unknown,linkedin,False,paid_social,False,serverless-launch,False,frank.kowalski@neuralight.io,frank.kowalski@neuralight.io,work,False,False,False,False,False,www.neuralight.io,True,,True,False,,false,ambiguous,,false,false
L1456,2026-05-09,Carolyn,Meyer,carolyn.meyer@summitdentalgroup.com,Sales Development Rep,Summit Dental Group,summitdentalgroup.com,11-50,Healthcare,JP,blog,referral,pricing-post,,Carolyn,Meyer,Summit Dental Group, Sales Development Rep,japan,False,,unknown,blog,False,referral,False,pricing-post,False,carolyn.meyer@summitdentalgroup.com,carolyn.meyer@summitdentalgroup.com,work,False,False,False,False,False,www.summitdentalgroup.com,True,,True,False,,false,verified_out,,false,false
L1259,2026-05-27,Jessica,Flores,jessicaf@hotmail.com,Accountant,AgentStack,agentstack.dev,1000+,AI/ML software,GB,facebook,paid_social,fb_q3,granted,Jessica,Flores,AgentStack,Accountant,UK,False,granted,true,facebook,False,Paid-Social,False,FB_Q3,False,jessicaf@hotmail.com,jessicaf@hotmail.com,freemail,False,False,False,False,False,https://agentstack.dev,True,jessicaf@hotmail.com,True,True,"company,job_title,company_size,industry,country,consent_normalized",false,verified_in,,false,false
L1240,2026-05-13,Richard,Okafor,richard_okafor@maplegrovebakery.com,Director of AI,Maple Grove Bakery,maplegrovebakery.com,1-10,Food and beverage,US,youtube,video,tutorial-series,1,Richard,OKAFOR,Maple Grove Bakery,Director of AI,usa,False,1,true,youtube,False,video,False,tutorial-series,False,richard_okafor@maplegrovebakery.com,richard_okafor@maplegrovebakery.com,work,False,False,False,False,False,https://maplegrovebakery.com,True,,True,False,,false,verified_in,,true,false
L2486,2026-06-13,Debra,Scott,debras@gradientpeak.ai,VP Data & AI,Gradient Peak,gradientpeak.ai,201-500,AI/ML software,CA,google,cpc,gpu-cloud-nonbrand,pending, Debra,SCOTT,Gradient Peak,VP Data & AI,canada,False,pending,unknown,google,False,cpc,False,gpu-cloud-nonbrand,False,debras@gradientpeak.ai,debras@gradientpeak.ai,work,False,False,False,False,False,www.gradientpeak.ai,True,,True,False,,false,verified_in,,true,false
L1799,2026-05-21,Robert,Ali,ali.robert@cornerstoneins.com,Advisor,Cornerstone Insurance,cornerstoneins.com,11-50,Insurance,ES,youtube,video,tutorial-series,no,ROBERT, Ali,Cornerstone Insurance,Advisor,España,False,no,false,youtube,False,video,False,tutorial-series,False,ali.robert@cornerstoneins.com,ali.robert@cornerstoneins.com,work,False,False,False,False,False,www.cornerstoneins.com,True,,True,False,,true,verified_out,,true,false
L1897,2026-06-27,Mei,Kim,meik@relaymesh.io,Business Analyst,Relaymesh,relaymesh.io,51-200,,BR,newsletter,email,weekly-digest,yes,Mei,Kim,Relaymesh,Business Analyst,Brazil,False,yes,true,newsletter,False,email,False,weekly-digest,False,meik@relaymesh.io,meik@relaymesh.io,work,False,False,False,False,False,https://relaymesh.io,True,,True,False,,false,verified_in,,false,true
L1956,2026-05-29,Linda,Kim,kim.linda@quantavision.io,VP of AI Infrastructure,Quanta Vision,quantavision.io,,AI/ML software,GB,github,referral,docs-cta,unknown,Linda,Kim,Quanta Vision,VP of AI Infrastructure,GB,False,unknown,unknown,github,False,referral,False,docs-cta,False,kim.linda@quantavision.io,kim.linda@quantavision.io,work,False,False,False,False,False,www.quantavision.io,True,,True,False,,false,verified_in,,false,false
L1295,2026-05-21,Stephen,Park,park.stephen@stateuniv.edu,Enthusiast,State University,stateuniv.edu,1000+,Education,AU,producthunt,referral,launch,,stephen,Park,State University,Enthusiast  ,australia,False,,unknown,producthunt,False,referral,False,launch,False,park.stephen@stateuniv.edu,park.stephen@stateuniv.edu,work,False,False,True,False,False,https://stateuniv.edu,True,,True,False,,false,verified_in,,false,false
L2764,2026-05-08,Brandon,Carter,bcarter@copilothealth.ai,Accountant,Copilot Health AI,copilothealth.ai,1-10,,AU,,,,,Brandon,Carter,Copilot Health AI,Accountant,AU,False,,unknown,(direct),True,(none),True,,True,bcarter@copilothealth.ai,bcarter@copilothealth.ai,work,False,False,False,False,False,https://copilothealth.ai,True,,True,False,,false,ambiguous,,false,false
L1608,2026-06-10,Raymond,Allen,rallen@synthworks.ai,Senior Software Engineer,SynthWorks AI,,11-50,AI/ML software,ES,newsletter,email,weekly-digest,pending,Raymond,Allen,SynthWorks AI,Senior Software Engineer,Spain,False,pending,unknown,newsletter,False,email,False,weekly-digest,False,rallen@synthworks.ai,rallen@synthworks.ai,work,False,False,False,False,False,,False,,True,False,,true,ambiguous,EU / Consent Verification Needed,false,false
L1566,2026-06-06,Zara,Anderson,zara.anderson@opsfleet.com,Advisor,Opsfleet,opsfleet.com,1000+,Software,DE,docs,referral,quickstart,,Zara,Anderson,Opsfleet,Advisor,germany,False,,unknown,docs,False,referral,False,quickstart,False,zara.anderson@opsfleet.com,zara.anderson@opsfleet.com,work,False,False,False,False,False,https://opsfleet.com,True,,True,False,,true,verified_in,,false,true
L1763,2026-04-11,Fatima,Baker,fatima.baker@copilothealth.ai,,copilot health ai,,,AI/ML software,JP,twitter,social,launch-week,,Fatima,Baker,copilot health ai,,Japan,False,,unknown,twitter,False,social,False,launch-week,False,fatima.baker@copilothealth.ai,fatima.baker@copilothealth.ai,work,False,False,False,False,False,,False,,True,False,,false,verified_out,,false,true
L1108,2026-04-28,Brenda,Tanaka,btanaka@orbitalmind.ai,Senior Software Engineer,Orbital Mind,orbitalmind.ai,201-500,AI/ML software,JP,docs,referral,quickstart,1,Brenda,Tanaka,Orbital Mind,Senior Software Engineer  ,japan,False,1,true,docs,False,referral,False,quickstart,False,btanaka@orbitalmind.ai,btanaka@orbitalmind.ai,work,False,False,False,False,False,www.orbitalmind.ai,True,,True,False,,false,verified_in,,false,false
L2738,2026-05-18,Susan,Young,SUSAN_YOUNG@TOKENWORKS.IO,Senior Software Engineer,tokenworks,tokenworks.io,1000+,AI/ML software,SE,google,cpc,gpu-cloud-nonbrand,true,Susan,Young,tokenworks, Senior Software Engineer,sweden,False,true,true,google,False,cpc,False,gpu-cloud-nonbrand,False,SUSAN_YOUNG@TOKENWORKS.IO,susan_young@tokenworks.io,work,False,False,False,False,False,https://tokenworks.io,True,,True,False,,true,verified_in,,false,false
L2096,2026-04-10,Ronald,Ali,ronalda@ledgerworks.com,Social Media Manager,LedgerWorks,ledgerworks.com,51-200,,BR,google,organic,,,Ronald,Ali, LedgerWorks,Social Media Manager,brazil,False,,unknown,google,False,organic,False,,True,ronalda@ledgerworks.com,ronalda@ledgerworks.com,work,False,False,False,False,False,www.ledgerworks.com,True,,True,False,,false,ambiguous,,false,false
L2132,2026-06-18,Amara,Jones,amara.jones@voxeldynamics.ai,Deep Learning Engineer,Voxel Dynamics,voxeldynamics.ai,51-200,AI/ML software,BR,youtube,video,tutorial-series,NULL,AMARA,Jones,Voxel Dynamics,Deep Learning Engineer,Brazil,False,NULL,unknown,youtube,False,video,False,tutorial-series,False,amara.jones@voxeldynamics.ai,amara.jones@voxeldynamics.ai,work,False,False,False,False,False,www.voxeldynamics.ai,True,,True,False,,false,ambiguous,,false,false
L1116,2026-04-13,Sarah,Ferrari,ferrari.sarah@neuralmarketing.co,Operations Manager,NEURAL MARKETING CO,neuralmarketing.co,1-10,,BR,,,,pending,Sarah,Ferrari,NEURAL MARKETING CO,Operations Manager,Brazil,False,pending,unknown,null,True,null,True,null,True,ferrari.sarah@neuralmarketing.co,ferrari.sarah@neuralmarketing.co,work,False,False,False,False,False,www.neuralmarketing.co,True,,True,False,,false,verified_out,,false,true
L1734,2026-06-07,Elena,Gonzalez,elenag@summitdentalgroup.com,Recruiter,Summit Dental Group,,11-50,,PL,,,,true,Elena,Gonzalez,Summit Dental Group  ,Recruiter,Poland,False,true,true,undefined,True,undefined,True,,True,elenag@summitdentalgroup.com,elenag@summitdentalgroup.com,work,False,False,False,False,False,,False,,True,False,,true,verified_in,,false,false
L1831,2026-06-30,Raymond,Lee,lee.raymond@hotmail.com,,axon research,axonresearch.ai,11-50,AI/ML software,SG,newsletter,email,weekly-digest,pending,Raymond,Lee,axon research,,SG,False,pending,unknown,newsletter,False,email,False,weekly-digest,False,lee.raymond@hotmail.com,lee.raymond@hotmail.com,freemail,False,False,False,False,False,https://axonresearch.ai,True,,True,False,,false,verified_in,,true,false
L1873,2026-05-02,Yuki,Schmidt,yukis@formcraft.com,Data Scientist,Formcraft,formcraft.com,1000+,,NL,google,cpc,brand-search-q3,opted_out,YUKI,Schmidt,Formcraft, Data Scientist,NL,False,opted_out,false,google,False,cpc,False,brand-search-q3,False,yukis@formcraft.com,yukis@formcraft.com,work,False,False,False,False,False,https://formcraft.com,True,,True,False,,true,verified_out,,false,false
L1219,2026-05-26,Richard,Schmidt,richards@orbitalmind.ai,DevOps Engineer,Orbital Mind,orbitalmind.ai,,AI/ML software,,linkedin,paid_social,serverless-launch,Yes,richard,Schmidt,Orbital Mind,DevOps Engineer,,False,Yes,true,linkedin,False,paid_social,False,serverless-launch,False,richards@orbitalmind.ai,richards@orbitalmind.ai,work,False,False,False,False,False,www.orbitalmind.ai,True,,True,False,,false,verified_in,,false,false
L1731,2026-04-27,Elizabeth,Okafor,elizabetho@apptide.com,Research Engineer,Apptide,,,,SG,twitter,social,launch-week,, Elizabeth,Okafor,Apptide,Research Engineer,singapore,False,,unknown,twitter,False,social,False,launch-week,False,elizabetho@apptide.com,elizabetho@apptide.com,work,False,False,False,False,False,,False,,True,False,,false,ambiguous,,false,false
L2038,2026-06-15,Ryan,Wilson,ryan.wilson@signalfold.com,NLP Engineer,Signalfold,signalfold.com,1000+,,US,,,,,Ryan,Wilson,Signalfold,NLP Engineer,US,False,,unknown,null,True,null,True,null,True,ryan.wilson@signalfold.com,ryan.wilson@signalfold.com,work,False,False,False,False,False,https://signalfold.com,True,,True,False,,false,ambiguous,,false,false
L2010,2026-04-15,Nancy,King,nancyk@embediq.ai,Software Engineer,EmbedIQ,embediq.ai,1000+,AI/ML software,IN,producthunt,referral,launch,pending,Nancy,King,EmbedIQ,Software Engineer,india,False,pending,unknown,producthunt,False,referral,False,launch,False,nancyk@embediq.ai,nancyk@embediq.ai,work,False,False,False,False,False,www.embediq.ai,True,,True,False,,false,verified_in,,true,false
L1950,2026-06-25,Patrick,Taylor,patrick.taylor@securexsystems.com,Head of AI,,,,,US,youtube,video,tutorial-series,unknown,Patrick,TAYLOR,,Head of AI,US,False,unknown,unknown,youtube,False,video,False,tutorial-series,False,patrick.taylor@securexsystems.com,patrick.taylor@securexsystems.com,work,False,False,False,False,False,,False,,True,False,,false,ambiguous,,false,false
L1185,2026-05-30,Priya,Campbell,priya.campbell@quantumnails.com,,Quantum Nails Salon,quantumnails.com,,Beauty,BR,blog,referral,pricing-post,NULL,Priya,campbell,Quantum Nails Salon,,brazil,False,NULL,unknown,blog,False,referral,False,pricing-post,False,priya.campbell@quantumnails.com,priya.campbell@quantumnails.com,work,False,False,False,False,False,www.quantumnails.com,True,,True,False,,false,ambiguous,,false,false
L2703,2026-04-26,Jason,Ramirez,jason.ramirez@paytrellis.com,Financial Analyst,paytrellis,paytrellis.com,51-200,,CA,email_blast,email,july-promo,Yes,Jason,Ramirez,paytrellis,Financial Analyst,canada,False,Yes,true,email%20blast,False,e-mail,False,JULY%20PROMO,False,jason.ramirez@paytrellis.com,jason.ramirez@paytrellis.com,work,False,False,False,False,False,https://paytrellis.com,True,,True,False,,false,verified_in,,false,false
L2512,2026-06-09,Amanda,Okafor,amanda_okafor@luminaml.com,Founder,Lumina ML,luminaml.com,11-50,AI/ML software,FR,google,organic,,opted_out,Amanda,Okafor,Lumina ML,Founder,FRA,False,opted_out,false,google,False,organic,False,,True,amanda_okafor@luminaml.com,amanda_okafor@luminaml.com,work,False,False,False,False,False,https://luminaml.com,True,,True,False,,true,verified_out,,false,false
L2107,2026-05-27,Mark,Thomas,mark.thomas@voxeldynamics.ai,ML Engineer,,,,,SG,google,cpc,brand-search,unknown,Mark,Thomas,,ML Engineer,singapore,False,unknown,unknown,google ,False, cpc,False,brand search,False,mark.thomas@voxeldynamics.ai,mark.thomas@voxeldynamics.ai,work,False,False,False,False,False,,False,,True,False,,false,ambiguous,,false,false
L2853,2026-04-11,kENNETH,Gonzalez,KGONZALEZ@INSTECH.EDU,student,institute of technology,instech.edu,1000+,Education,JP,github,referral,docs-cta,granted,kENNETH,GONZALEZ,institute of technology,student,JP,False,granted,true,github,False,referral,False,docs-cta,False,KGONZALEZ@INSTECH.EDU,kgonzalez@instech.edu,work,False,False,True,False,False,www.instech.edu,True,kgonzalez@instech.edu,True,False,,false,verified_in,,false,false
L1729,2026-06-19,Amara,King,aking@relaymesh.io,AI Engineer,Relaymesh,relaymesh.io,,Software,BR,google,organic,,,AMARA,King,Relaymesh,AI Engineer,brazil,False,,unknown,google,False,organic,False,,True,aking@relaymesh.io,aking@relaymesh.io,work,False,False,False,False,False,https://relaymesh.io,True,,True,False,,false,ambiguous,,false,false
L2654,2026-05-13,Hans,Hassan,hans.hassan@cornerstoneins.com,Consultant,Cornerstone Insurance,cornerstoneins.com,,Insurance,JP,email_blast,email,july-promo,NULL,Hans,HASSAN  ,Cornerstone Insurance,Consultant,japan,False,NULL,unknown,email%20blast,False,e-mail,False,JULY%20PROMO,False,hans.hassan@cornerstoneins.com,hans.hassan@cornerstoneins.com,work,False,False,False,False,False,www.cornerstoneins.com,True,,True,False,,false,ambiguous,,false,false
L2364,2026-04-08,Michael,Rossi,mrossi@relaymesh.io,Computer Vision Engineer,Relaymesh,relaymesh.io,51-200,Software,,docs,referral,quickstart,pending,Michael,Rossi,Relaymesh,Computer Vision Engineer,,False,pending,unknown,docs,False,referral,False,quickstart,False,mrossi@relaymesh.io,mrossi@relaymesh.io,work,False,False,False,False,False,www.relaymesh.io,True,,True,False,,false,verified_in,,true,false
L1903,2026-04-22,Wei,Williams,WWILLIAMS@VOXELDYNAMICS.AI,Computer Vision Engineer,Voxel Dynamics,voxeldynamics.ai,,,JP,newsletter,email,weekly-digest,, Wei,Williams,Voxel Dynamics,Computer Vision Engineer,JP,False,,unknown,newsletter,False,email,False,weekly-digest,False,WWILLIAMS@VOXELDYNAMICS.AI,wwilliams@voxeldynamics.ai,work,False,False,False,False,False,www.voxeldynamics.ai,True,,True,False,,false,verified_in,,false,false
L1077,2026-06-21,Dennis,King,dennis_king@outlook.com,Freelancer,Institute of Technology,,1000+,Education,GB,github,referral,docs-cta,unknown,Dennis,KING,Institute of Technology,Freelancer,GB,False,unknown,unknown,github,False,referral,False,docs-cta,False,dennis_king@outlook.com,dennis_king@outlook.com,freemail,False,False,False,False,False,,False,,True,False,,false,verified_in,,false,true
L1362,2026-05-02,Brian,Scott,scott.brian@apptide.com,Sales Development Rep,Apptide,apptide.com,501-1000,Software,JP,reddit,social,r-machinelearning,,brian,Scott,Apptide,Sales Development Rep,JP,False,,unknown,reddit,False,social,False,r-machinelearning,False,scott.brian@apptide.com,scott.brian@apptide.com,work,False,False,False,False,False,https://apptide.com,True,,True,False,,false,ambiguous,,false,false
L2695,2026-05-24,Gregory,Novak,gregory.novak@icloud.com,ML Engineer,Maple Grove Bakery,maplegrovebakery.com,1-10,Food and beverage,JP,github,referral,docs-cta,,Gregory,NOVAK,Maple Grove Bakery,ML Engineer,Japan,False,,unknown,github,False,referral,False,docs-cta,False,gregory.novak@icloud.com,gregory.novak@icloud.com,freemail,False,False,False,False,False,https://maplegrovebakery.com,True,,True,False,,false,ambiguous,,false,false
L2521,2026-04-02,Rachel,Robinson,robinson.rachel@synapsefoundry.com,Deep Learning Engineer,Synapse Foundry,synapsefoundry.com,,,GB,google,organic,,NULL,Rachel,Robinson,Synapse Foundry,Deep Learning Engineer,uk,False,NULL,unknown,google,False,organic,False,,True,robinson.rachel@synapsefoundry.com,robinson.rachel@synapsefoundry.com,work,False,False,False,False,False,https://synapsefoundry.com,True,,True,False,,false,ambiguous,,false,false
L2739,2026-04-07,William,Torres,torres.william@agentstack.dev,Research Scientist,AgentStack,agentstack.dev,,AI/ML software,US,,,,pending,William,Torres,AgentStack,Research Scientist,United States,False,pending,unknown,undefined,True,undefined,True,,True,torres.william@agentstack.dev,torres.william@agentstack.dev,work,False,False,False,False,False,https://agentstack.dev,True,,True,False,,false,verified_in,,false,false
L1965,2026-04-11,Thomas,Moore,tmoore@copilothealth.ai,Indie hacker,Copilot Health AI,copilothealth.ai,1-10,AI/ML software,FR,google,cpc,brand-search-q3,1,Thomas, Moore,Copilot Health AI,Indie hacker,FR,False,1,true,google,False,cpc,False,brand-search-q3,False,tmoore@copilothealth.ai,tmoore@copilothealth.ai,work,False,False,False,False,False,www.copilothealth.ai,True,,True,False,,true,verified_in,,false,false
L1367,2026-06-09,Sandra,Young,sandray@shipmate.io,"Director, Machine Learning",Shipmate,shipmate.io,,Software,AU,google,cpc,gpu-cloud-nonbrand,yes,Sandra,Young,Shipmate,"Director, Machine Learning",australia,False,yes,true,google,False,cpc,False,gpu-cloud-nonbrand,False,sandray@shipmate.io,sandray@shipmate.io,work,False,False,False,False,False,https://shipmate.io,True,,True,False,,false,verified_in,,false,false
L2568,2026-05-26,Edward,Allen,edward_allen@apexautoparts.com,"Director, Machine Learning",Apex Auto Parts,,201-500,Automotive,CA,facebook,social,q3,true,Edward,Allen,Apex Auto Parts," Director, Machine Learning",canada,False,true,true,fb_paid,False,social,False,q3,False,edward_allen@apexautoparts.com,edward_allen@apexautoparts.com,work,False,False,False,False,False,,False,,True,False,,false,verified_in,,false,false
L2566,2026-05-01,Fatima,Hill,fatimah@gradientpeak.ai,student,Gradient Peak,gradientpeak.ai,201-500,AI/ML software,BR,blog,referral,pricing-post,unknown,Fatima,Hill,Gradient Peak,student,Brazil,False,unknown,unknown,blog,False,referral,False,pricing-post,False,fatimah@gradientpeak.ai,fatimah@gradientpeak.ai,work,False,False,False,False,False,https://gradientpeak.ai,True,,True,False,,false,verified_out,,false,false
L1622,2026-06-20,Jeffrey,Meyer,meyer.jeffrey@diffusia.io,Customer Success Manager,Diffusia,diffusia.io,1-10,AI/ML software,BR,,,,NULL,Jeffrey,Meyer,Diffusia,Customer Success Manager  ,Brazil,False,NULL,unknown,(direct),True,(none),True,,True,meyer.jeffrey@diffusia.io,meyer.jeffrey@diffusia.io,work,False,False,False,False,False,https://diffusia.io,True,,True,False,,false,ambiguous,,false,false
L2382,2026-06-16,Priya,Flores,priya_flores@modelry.ai,Research Scientist,Modelry,modelry.ai,1-10,AI/ML software,BR,blog,referral,pricing-post,,Priya,Flores,Modelry,Research Scientist,Brazil,False,,unknown,blog,False,referral,False,pricing-post,False,priya_flores@modelry.ai,priya_flores@modelry.ai,work,False,False,False,False,False,www.modelry.ai,True,,True,False,,false,verified_in,,false,true
L1103,2026-06-04,Matthew,Carter,mcarter@pipelinelabs.io,Advisor,pipeline labs,pipelinelabs.io,1000+,Software,GB,github,referral,docs-cta,,Matthew,Carter,pipeline labs,Advisor,United Kingdom,False,,unknown,github,False,referral,False,docs-cta,False,mcarter@pipelinelabs.io,mcarter@pipelinelabs.io,work,False,False,False,False,False,www.pipelinelabs.io,True,,True,False,,false,ambiguous,,false,false
L1160,2026-04-20,Joseph,Ali,jali@brightqueue.io,,BrightQueue,brightqueue.io,51-200,,JP,reddit,social,r-machinelearning,,Joseph,Ali,BrightQueue,,JP,False,,unknown,reddit,False,social,False,r-machinelearning,False,jali@brightqueue.io,jali@brightqueue.io,work,False,False,False,False,False,www.brightqueue.io,True,,True,False,,false,verified_in,,false,false
L1885,2026-04-21,Deborah,Muller,DEBORAH_MULLER@SYNAPSEFOUNDRY.COM,Platform Engineer,Synapse Foundry,synapsefoundry.com,11-50,,GB,google,organic,,,Deborah,MULLER,Synapse Foundry,Platform Engineer,UK,False,,unknown,google,False,organic,False,,True,DEBORAH_MULLER@SYNAPSEFOUNDRY.COM,deborah_muller@synapsefoundry.com,work,False,False,False,False,False,www.synapsefoundry.com,True,,True,False,,false,verified_in,,false,true
L2106,2026-05-21,Patricia,Anderson,patriciaa@databarn.io,Financial Analyst,DataBarn,databarn.io,11-50,Software,US,google,organic,,TRUE,Patricia,Anderson,DataBarn,Financial Analyst,USA,False,TRUE,true,google,False,organic,False,,True,patriciaa@databarn.io,patriciaa@databarn.io,work,False,False,False,False,False,www.databarn.io,True,,True,False,,false,verified_in,,false,false
L2016,2026-04-13,Robert,Scott,scott.robert@corticon.ai,Managing Partner,Corticon AI,,501-1000,,CA,blog,referral,pricing-post,,Robert,Scott,Corticon AI,Managing Partner,canada,False,,unknown,blog,False,referral,False,pricing-post,False,scott.robert@corticon.ai,scott.robert@corticon.ai,work,False,False,False,False,False,,False,,True,False,,false,ambiguous,,false,false
L1750,2026-05-29,Yuki,Williams,yuki.williams@cloudspan.dev,Sales Development Rep,cloudspan,cloudspan.dev,51-200,Software,IN,docs,referral,quickstart,TRUE,Yuki,Williams,cloudspan,Sales Development Rep,India,False,TRUE,true,docs,False,referral,False,quickstart,False,yuki.williams@cloudspan.dev,yuki.williams@cloudspan.dev,work,False,False,False,False,False,www.cloudspan.dev,True,,True,False,,false,verified_in,,false,false
L1343,2026-06-22,Daniel,Fischer,dfischer@neuralmarketing.co,Managing Partner,Neural Marketing Co,neuralmarketing.co,1-10,Marketing agency,DE,github,referral,docs-cta,opted_out,Daniel,Fischer,Neural Marketing Co,Managing Partner,DE,False,opted_out,false,github,False,referral,False,docs-cta,False,dfischer@neuralmarketing.co,dfischer@neuralmarketing.co,work,False,False,False,False,False,https://neuralmarketing.co,True,,True,False,,true,verified_out,,false,false
L1172,2026-06-18,Betty,Adams,badams@databarn.io,Consultant,DataBarn,databarn.io,,,GB,newsletter,email,weekly-digest,yes,Betty,adams,DataBarn,Consultant,GB,False,yes,true,newsletter,False,email,False,weekly-digest,False,badams@databarn.io,badams@databarn.io,work,False,False,False,False,False,https://databarn.io,True,,True,False,,false,verified_in,,false,false
L1278,2026-04-27,Alexander,Smith,asmith@greenleaflandscaping.com,Social Media Manager,GreenLeaf Landscaping,greenleaflandscaping.com,51-200,Services,SE,blog,referral,pricing-post,granted,Alexander, SMITH,GreenLeaf Landscaping,Social Media Manager,sweden,False,granted,true,blog,False,referral,False,pricing-post,False,asmith@greenleaflandscaping.com,asmith@greenleaflandscaping.com,work,False,False,False,False,False,www.greenleaflandscaping.com,True,,True,False,,true,verified_in,,false,false
L1244,2026-04-17,Ronald,Anderson,randerson@corticon.ai,Software Engineer,Corticon AI,corticon.ai,501-1000,AI/ML software,IN,youtube,video,tutorial-series,pending,Ronald,Anderson, Corticon AI,Software Engineer,India,False,pending,unknown,youtube,False,video,False,tutorial-series,False,randerson@corticon.ai,randerson@corticon.ai,work,False,False,False,False,False,https://corticon.ai,True,,True,False,,false,ambiguous,,false,false
L1996,2026-05-29,Anna,Scott,anna.scott@fieldstonetech.com,,Fieldstone Tech,fieldstonetech.com,501-1000,,SG,github,referral,docs-cta,NULL,Anna,Scott,Fieldstone Tech,,singapore,False,NULL,unknown,github,False,referral,False,docs-cta,False,anna.scott@fieldstonetech.com,anna.scott@fieldstonetech.com,work,False,False,False,False,False,https://fieldstonetech.com,True,,True,False,,false,ambiguous,,false,false
L2669,2026-06-21,Jack,Campbell,campbell.jack@databarn.io,ml engineer,DataBarn,databarn.io,11-50,Software,GB,,,,unknown,jack, Campbell,DataBarn,ml engineer,UK,False,unknown,unknown,(direct),True,(none),True,,True,campbell.jack@databarn.io,campbell.jack@databarn.io,work,False,False,False,False,False,https://databarn.io,True,,True,False,,false,verified_in,,false,true
L2536,2026-06-12,Edward,Johnson,johnson.edward@synthworks.ai,Co-Founder & CTO,SynthWorks AI,synthworks.ai,11-50,,JP,producthunt,referral,launch,pending,Edward,Johnson  ,SynthWorks AI,Co-Founder & CTO,JP,False,pending,unknown,producthunt,False,referral,False,launch,False,johnson.edward@synthworks.ai,johnson.edward@synthworks.ai,work,False,False,False,False,False,www.synthworks.ai,True,,True,False,,false,ambiguous,,false,false
L2030,2026-04-20,Samantha,Hassan,samantha_hassan@yahoo.com,SWE,TensorLoop,,51-200,AI/ML software,IN,github,referral,docs-cta,,SAMANTHA,Hassan,TensorLoop,SWE,India,False,,unknown,github,False,referral,False,docs-cta,False,samantha_hassan@yahoo.com,samantha_hassan@yahoo.com,freemail,False,False,False,False,False,,False,,True,False,,false,ambiguous,,false,false
L1984,2026-04-20,David,Wright,david_wright@gridforge.cloud,Software Engineer,GridForge Cloud,gridforge.cloud,201-500,AI/ML software,US,newsletter,email,weekly-digest,, David,wright,GridForge Cloud,Software Engineer,united states,False,,unknown,newsletter,False,email,False,weekly-digest,False,david_wright@gridforge.cloud,david_wright@gridforge.cloud,work,True,False,False,False,False,www.gridforge.cloud,True,,True,False,,false,ambiguous,,false,false
L1522,2026-05-01,Sarah,Lewis,sarah_lewis@proton.me,Managing Partner,Cloudspan,cloudspan.dev,51-200,Software,US,,,,,Sarah  ,Lewis,Cloudspan,Managing Partner,United States,False,,unknown,(direct),True,(none),True,,True,sarah_lewis@proton.me,sarah_lewis@proton.me,freemail,False,False,False,False,False,https://cloudspan.dev,True,,True,False,,false,ambiguous,,false,false
L1627,2026-05-18,Elizabeth,Larsen,ELIZABETHL@EMBEDIQ.AI,Deep Learning Engineer,EmbedIQ,,1000+,,GB,youtube,video,tutorial-series,pending,Elizabeth,LARSEN,EmbedIQ,Deep Learning Engineer,GB,False,pending,unknown,youtube,False,video,False,tutorial-series,False,ELIZABETHL@EMBEDIQ.AI,elizabethl@embediq.ai,work,False,False,False,False,False,,False,,True,False,,false,ambiguous,,false,false
L2481,2026-04-05,Matthew,Miller,MMILLER@INFERRALABS.COM,Independent Consultant,Inferra Labs,inferralabs.com,1000+,AI/ML software,JP,,,,yes,Matthew,MILLER,Inferra Labs,Independent Consultant  ,japan,False,yes,true,{{utm_source}},True,{{utm_medium}},True,{{utm_campaign}},True,MMILLER@INFERRALABS.COM,mmiller@inferralabs.com,work,False,False,False,False,False,https://inferralabs.com,True,mmiller@inferralabs.com,True,False,,false,verified_in,,false,false
L2476,2026-04-05,Larry,Perez,larryp@corticon.ai,Platform Engineer,Corticon AI,corticon.ai,501-1000,,JP,twitter,social,launch-week,1, Larry,Perez,Corticon AI,Platform Engineer,JP,False,1,true,twitter,False,social,False,launch-week,False,larryp@corticon.ai,larryp@corticon.ai,work,False,False,False,False,False,https://corticon.ai,True,,True,False,,false,verified_in,,true,false
L2232,2026-05-01,Larry,Muller,lmuller@quantavision.io,ML Engineer,Quanta Vision,quantavision.io,1-10,AI/ML software,US,producthunt,referral,launch,NULL,LARRY  ,Muller,Quanta Vision,ML Engineer  ,United States,False,NULL,unknown,producthunt,False,referral,False,launch,False,lmuller@quantavision.io,lmuller@quantavision.io,work,False,False,False,False,False,www.quantavision.io,True,,True,False,,false,verified_in,,false,false
L1008,2026-06-10,Anna,Nguyen,anna.nguyen@voiceforge.ai,VP of AI Infrastructure,,,,,CA,linkedin,paid_social,serverless-launch,,anna,NGUYEN,,VP of AI Infrastructure,Canada,False,,unknown,linkedin,False,paid_social,False,serverless-launch,False,anna.nguyen@voiceforge.ai,anna.nguyen@voiceforge.ai,work,False,False,False,False,False,,False,,True,False,,false,verified_in,,true,false
L1466,2026-06-23,Samuel,Okafor,samuelo@outlook.com,MS Student,Central Polytechnic,centralpoly.edu,1000+,Education,,,,,NULL,Samuel,Okafor,Central Polytechnic,MS Student,,False,NULL,unknown,(direct),True,(none),True,,True,samuelo@outlook.com,samuelo@outlook.com,freemail,False,False,False,False,False,www.centralpoly.edu,True,,True,False,,false,verified_in,,false,false
L2852,2026-04-22,John,Scott,johns@paytrellis.com,Senior ML Engineer,PayTrellis,paytrellis.com,51-200,,FR,twitter,social,launch-week,true,john,Scott, PayTrellis,Senior ML Engineer,FRA,False,true,true,twitter,False,social,False,launch-week,False,johns@paytrellis.com,johns@paytrellis.com,work,False,False,False,False,False,https://paytrellis.com,True,johns@paytrellis.com,True,True,job_title,true,verified_in,,false,false
L1454,2026-04-24,Sandra,Clark,sandra_clark@summitdentalgroup.com,Sales Development Rep,Summit Dental Group,summitdentalgroup.com,,Healthcare,IN,linkedin,paid_social,serverless-launch,,Sandra  ,Clark,Summit Dental Group,Sales Development Rep,India,False,,unknown,linkedin,False,paid_social,False,serverless-launch,False,sandra_clark@summitdentalgroup.com,sandra_clark@summitdentalgroup.com,work,False,False,False,False,False,https://summitdentalgroup.com,True,,True,False,,false,ambiguous,,false,false
L1395,2026-04-26,Justin,Hoffmann,jhoffmann@formcraft.com,Executive Assistant,Formcraft,formcraft.com,1000+,Software,IE,linkedin,paid_social,serverless-launch,,Justin,Hoffmann,Formcraft,Executive Assistant,ireland,False,,unknown,linkedin,False,paid_social,False,serverless-launch,False,jhoffmann@formcraft.com,jhoffmann@formcraft.com,work,False,False,False,False,False,www.formcraft.com,True,,True,False,,true,verified_in,,false,false
L1771,2026-05-02,Katherine,Tanaka,KATHERINE_TANAKA@VOXELDYNAMICS.AI,CTO,Voxel Dynamics,,51-200,AI/ML software,IN,,,,,Katherine,Tanaka,Voxel Dynamics,CTO,India,False,,unknown,{{utm_source}},True,{{utm_medium}},True,{{utm_campaign}},True,KATHERINE_TANAKA@VOXELDYNAMICS.AI,katherine_tanaka@voxeldynamics.ai,work,False,False,False,False,False,,False,,True,False,,false,ambiguous,,false,false
L2523,2026-06-03,Nicholas,Harris,nicholas.harris@quantavision.io,Chief Technology Officer,QUANTA VISION,quantavision.io,1-10,AI/ML software,CA,google,cpc,brand-search-q3,yes,NICHOLAS,Harris,QUANTA VISION,Chief Technology Officer,CA,False,yes,true,google,False,cpc,False,brand-search-q3,False,nicholas.harris@quantavision.io,nicholas.harris@quantavision.io,work,False,False,False,False,False,www.quantavision.io,True,,True,False,,false,verified_in,,false,false
L1461,2026-06-08,Emily,Jackson,jackson.emily@outlook.com,ml engineer,PEAK FITNESS STUDIOS,peakfitnessstudios.com,51-200,,IN,linkedin,paid_social,serverless-launch,,Emily,Jackson,PEAK FITNESS STUDIOS,ml engineer,india,False,,unknown,linkedin,False,paid_social,False,serverless-launch,False,jackson.emily@outlook.com,jackson.emily@outlook.com,freemail,False,False,False,False,False,www.peakfitnessstudios.com,True,,True,False,,false,ambiguous,,false,false
L1942,2026-04-03,Jack,White,jack_white@diffusia.io,DevOps Engineer,Diffusia,diffusia.io,1-10,AI/ML software,JP,github,referral,docs-cta,TRUE,Jack,White, Diffusia,DevOps Engineer,japan,False,TRUE,true,github,False,referral,False,docs-cta,False,jack_white@diffusia.io,jack_white@diffusia.io,work,False,False,False,False,False,www.diffusia.io,True,,True,False,,false,verified_in,,false,false
L1166,2026-04-14,Gregory,Lopez,gregoryl@luminaml.com,,lumina ml,luminaml.com,11-50,AI/ML software,JP,linkedin,paid_social,serverless-launch,unknown,Gregory,LOPEZ,lumina ml,,JP,False,unknown,unknown,linkedin,False,paid_social,False,serverless-launch,False,gregoryl@luminaml.com,gregoryl@luminaml.com,work,False,False,False,False,False,www.luminaml.com,True,,True,False,,false,ambiguous,,false,false
L1066,2026-04-10,Rebecca,Perez,rperez@proton.me,Postdoc,Northern University,northernuni.edu,1000+,Education,JP,,,,,Rebecca,perez  ,Northern University,Postdoc,japan,False,,unknown,null,True,null,True,null,True,rperez@proton.me,rperez@proton.me,freemail,False,False,False,False,False,www.northernuni.edu,True,,True,False,,false,verified_in,,false,false
L1402,2026-06-01,Jennifer,Ali,jennifer.ali@metricshub.com,Builder,metricshub,,1000+,Software,IN,linkedin,paid_social,serverless-launch,pending,Jennifer,Ali,metricshub  ,Builder,india,False,pending,unknown,linkedin,False,paid_social,False,serverless-launch,False,jennifer.ali@metricshub.com,jennifer.ali@metricshub.com,work,False,False,False,False,False,,False,,True,False,,false,ambiguous,,false,false
L1568,2026-05-31,James,Flores,james_flores@axonresearch.ai,Machine Learning Engineer,Axon Research,axonresearch.ai,11-50,AI/ML software,,linkedin,paid_social,serverless-launch,granted,James,Flores,Axon Research,Machine Learning Engineer,,False,granted,true,linkedin,False,paid_social,False,serverless-launch,False,james_flores@axonresearch.ai,james_flores@axonresearch.ai,work,False,False,False,False,False,www.axonresearch.ai,True,,True,False,,false,verified_in,,false,false
L1304,2026-04-10,Lisa,Tanaka,lisa_tanaka@axonresearch.ai,Machine Learning Engineer,Axon Research,axonresearch.ai,,,SG,linkedin,paid_social,serverless-launch,true,Lisa,Tanaka, Axon Research,Machine Learning Engineer,Singapore,False,true,true,linkedin,False,paid_social,False,serverless-launch,False,lisa_tanaka@axonresearch.ai,lisa_tanaka@axonresearch.ai,work,False,False,False,False,False,https://axonresearch.ai,True,,True,False,,false,verified_in,,false,false
L1597,2026-06-11,Lars,Schulz,lars.schulz@gmail.com,Director of AI,Peak Fitness Studios,peakfitnessstudios.com,51-200,Fitness,AU,google,organic,,,Lars,Schulz,Peak Fitness Studios,Director of AI,australia,False,,unknown,google,False,organic,False,,True,lars.schulz@gmail.com,lars.schulz@gmail.com,freemail,False,False,False,False,False,https://peakfitnessstudios.com,True,,True,False,,false,ambiguous,,false,false
L1380,2026-06-22,Kimberly,Weber,kweber@centralpoly.edu,student,Central Polytechnic,centralpoly.edu,1000+,Education,JP,email_blast,email,july-promo,NULL,Kimberly,Weber,Central Polytechnic  ,student,Japan,False,NULL,unknown,email%20blast,False,e-mail,False,JULY%20PROMO,False,kweber@centralpoly.edu,kweber@centralpoly.edu,work,False,False,True,False,False,https://centralpoly.edu,True,,True,False,,false,verified_in,,false,true
L1442,2026-04-02,Rajesh,Rodriguez,rajesh.rodriguez@proton.me,Research Engineer,AgentStack,,,AI/ML software,SG,reddit,social,r-machinelearning,NULL,Rajesh,Rodriguez,AgentStack,Research Engineer,singapore,False,NULL,unknown,reddit,False,social,False,r-machinelearning,False,rajesh.rodriguez@proton.me,rajesh.rodriguez@proton.me,freemail,False,False,False,False,False,,False,,True,False,,false,verified_in,,false,false
L2158,2026-04-11,Margaret,Roberts,mroberts@neuralmarketing.co,Executive Assistant,NEURAL MARKETING CO,neuralmarketing.co,1-10,Marketing agency,GB,google,cpc,gpu-cloud-nonbrand,,Margaret,Roberts,NEURAL MARKETING CO,Executive Assistant,United Kingdom,False,,unknown,google,False,cpc,False,gpu-cloud-nonbrand,False,mroberts@neuralmarketing.co,mroberts@neuralmarketing.co,work,False,False,False,False,False,www.neuralmarketing.co,True,,True,False,,false,ambiguous,,false,false
L2547,2026-05-04,Olaf,Novak,NOVAK.OLAF@RELAYMESH.IO,Co-founder,Relaymesh,relaymesh.io,51-200,Software,AU,producthunt,referral,launch,pending,Olaf,Novak,Relaymesh,Co-founder,AU,False,pending,unknown,producthunt,False,referral,False,launch,False,NOVAK.OLAF@RELAYMESH.IO,novak.olaf@relaymesh.io,work,False,False,False,False,False,www.relaymesh.io,True,,True,False,,false,verified_out,,false,false
L2679,2026-04-08,Elena,Robinson,erobinson@instech.edu,Enthusiast,Institute of Technology,,1000+,,JP,youtube,video,tutorial-series,,Elena,Robinson,Institute of Technology,Enthusiast,japan,False,,unknown,youtube,False,video,False,tutorial-series,False,erobinson@instech.edu,erobinson@instech.edu,work,False,False,True,False,False,,False,,True,False,,false,verified_in,,false,false
L2576,2026-05-15,Chris,Keller,keller.chris@icloud.com,Chief Technology Officer,synthworks ai,,11-50,AI/ML software,BR,google,cpc,brand-search-q3,,Chris,Keller,synthworks ai,Chief Technology Officer,Brazil,False,,unknown,google,False,cpc,False,brand-search-q3,False,keller.chris@icloud.com,keller.chris@icloud.com,freemail,False,False,False,False,False,,False,,True,False,,false,verified_in,,false,false
L2686,2026-04-04,Justin,Sharma,justin.sharma@outlook.com,,Diffusia,,1-10,AI/ML software,AU,,,,,Justin,SHARMA  ,Diffusia,,Australia,False,,unknown,{{utm_source}},True,{{utm_medium}},True,{{utm_campaign}},True,justin.sharma@outlook.com,justin.sharma@outlook.com,freemail,False,False,False,False,False,,False,,True,False,,false,ambiguous,,false,false
L2283,2026-06-02,James,Hill,james.hill@hotmail.com,Head of Platform,RoboticsOne,roboticsone.ai,501-1000,AI/ML software,DE,linkedin,paid_social,serverless-launch,true,James,Hill,RoboticsOne,Head of Platform,DEU,False,true,true,linkedin,False,paid_social,False,serverless-launch,False,james.hill@hotmail.com,james.hill@hotmail.com,freemail,False,False,False,False,False,https://roboticsone.ai,True,,True,False,,true,verified_in,,false,false
L1203,2026-04-13,Daniel,Weber,daniel.weber@mistletoeml.com,MLOps Engineer,Mistletoe ML,,1000+,,AU,producthunt,referral,launch,,Daniel,Weber,Mistletoe ML,MLOps Engineer,AU,False,,unknown,producthunt,False,referral,False,launch,False,daniel.weber@mistletoeml.com,daniel.weber@mistletoeml.com,work,False,False,False,False,False,,False,,True,False,,false,verified_in,,false,false
L2234,2026-05-12,Benjamin,Allen,benjamina@deepharbor.ai,Senior Software Engineer,DeepHarbor,deepharbor.ai,,AI/ML software,BR,github,referral,docs-cta,1,Benjamin,allen,DeepHarbor,Senior Software Engineer,brazil,False,1,true,github,False,referral,False,docs-cta,False,benjamina@deepharbor.ai,benjamina@deepharbor.ai,work,False,False,False,False,False,https://deepharbor.ai,True,,True,False,,false,verified_in,,false,false
L1582,2026-05-17,Patricia,Wilson,patricia.wilson@hotmail.com,Account Executive,Peak Fitness Studios,peakfitnessstudios.com,51-200,Fitness,,producthunt,referral,launch,pending,Patricia,Wilson, Peak Fitness Studios,Account Executive,,False,pending,unknown,producthunt,False,referral,False,launch,False,patricia.wilson@hotmail.com,patricia.wilson@hotmail.com,freemail,False,False,False,False,False,https://peakfitnessstudios.com,True,,True,False,,false,ambiguous,,false,false
L1385,2026-04-25,Emma,Brown,brown.emma@agentstack.dev,Applied Scientist,AgentStack,agentstack.dev,,AI/ML software,ES,youtube,video,tutorial-series,NULL,EMMA,brown,AgentStack,Applied Scientist,spain,False,NULL,unknown,youtube,False,video,False,tutorial-series,False,brown.emma@agentstack.dev,brown.emma@agentstack.dev,work,False,False,False,False,False,https://agentstack.dev,True,,True,False,,true,ambiguous,EU / Consent Verification Needed,false,false
L1401,2026-04-11,Samantha,Johnson,samantha.johnson@icloud.com,Customer Success Manager,Bluebird Travel,bluebirdtravel.com,51-200,Travel,JP,reddit,social,r-machinelearning,yes,Samantha  ,Johnson,Bluebird Travel,Customer Success Manager,japan,False,yes,true,reddit,False,social,False,r-machinelearning,False,samantha.johnson@icloud.com,samantha.johnson@icloud.com,freemail,False,False,False,False,False,www.bluebirdtravel.com,True,,True,False,,false,verified_in,,false,false
L1633,2026-04-13,Amara,Anderson,amara.anderson@quantavision.io,Research Engineer,Quanta Vision,quantavision.io,1-10,,PL,github,referral,docs-cta,pending,Amara,Anderson,Quanta Vision,Research Engineer,Poland,False,pending,unknown,github,False,referral,False,docs-cta,False,amara.anderson@quantavision.io,amara.anderson@quantavision.io,work,False,False,False,False,False,www.quantavision.io,True,,True,False,,true,ambiguous,EU / Consent Verification Needed,false,false
L1386,2026-06-13,Matthew,Lee,matthewl@voxeldynamics.ai,Co-founder,VOXEL DYNAMICS,voxeldynamics.ai,51-200,AI/ML software,,google,cpc,gpu-cloud-nonbrand,,Matthew,LEE,VOXEL DYNAMICS,Co-founder,,False,,unknown,google,False,cpc,False,gpu-cloud-nonbrand,False,matthewl@voxeldynamics.ai,matthewl@voxeldynamics.ai,work,False,False,False,False,False,https://voxeldynamics.ai,True,,True,False,,false,verified_in,,true,false
L1654,2026-05-31,Elizabeth,Lewis,elewis@northernuni.edu,PhD Student,Northern University,northernuni.edu,1000+,Education,US,blog,referral,pricing-post,,ELIZABETH,Lewis,Northern University,PhD Student,U.S.,False,,unknown,blog,False,referral,False,pricing-post,False,elewis@northernuni.edu,elewis@northernuni.edu,work,False,False,True,False,False,https://northernuni.edu,True,,True,False,,false,verified_in,,false,false
L2694,2026-04-28,Jeffrey,Anderson,jeffrey.anderson@promptline.ai,CTO,Promptline,promptline.ai,11-50,AI/ML software,US,linkedin,paid_social,serverless-launch,, Jeffrey,Anderson,Promptline,CTO,united states,False,,unknown,linkedin,False,paid_social,False,serverless-launch,False,jeffrey.anderson@promptline.ai,jeffrey.anderson@promptline.ai,work,False,False,False,False,False,https://promptline.ai,True,,True,False,,false,verified_in,,false,true
L2626,2026-04-02,Donna,Clark,clark.donna@formcraft.com,ML Engineer,Formcraft,formcraft.com,1000+,Software,JP,producthunt,referral,launch,unknown,Donna,Clark,Formcraft,ML Engineer,JP,False,unknown,unknown,producthunt,False,referral,False,launch,False,clark.donna@formcraft.com,clark.donna@formcraft.com,work,False,False,False,False,False,https://formcraft.com,True,,True,False,,false,verified_in,,false,true
L1389,2026-04-24,Hans,Andersson,hans.andersson@proton.me,Fractional CTO,signalfold,signalfold.com,1000+,AI/ML software,PL,blog,referral,pricing-post,Yes,Hans,Andersson,signalfold,Fractional CTO,Poland,False,Yes,true,blog,False,referral,False,pricing-post,False,hans.andersson@proton.me,hans.andersson@proton.me,freemail,False,False,False,False,False,https://signalfold.com,True,,True,False,,true,verified_in,,false,false
L1523,2026-06-29,Janet,Smith,jsmith@proton.me,Financial Analyst,Ridgeway Construction,,11-50,,JP,twitter,social,launch-week,TRUE,janet,Smith,Ridgeway Construction,Financial Analyst,JP,False,TRUE,true,twitter,False,social,False,launch-week,False,jsmith@proton.me,jsmith@proton.me,freemail,False,False,False,False,False,,False,,True,False,,false,verified_in,,false,false
L2575,2026-06-16,Samantha,Perez,samantha_perez@modelry.ai,Head of Machine Learning,Modelry,,1-10,AI/ML software,US,linkedin,paid_social,serverless-launch,TRUE,Samantha  ,Perez,Modelry,Head of Machine Learning  ,US,False,TRUE,true,linkedin,False,paid_social,False,serverless-launch,False,samantha_perez@modelry.ai,samantha_perez@modelry.ai,work,False,False,False,False,False,,False,,True,False,,false,verified_in,,false,false
L2729,2026-04-02,Timothy,Martin,timothy_martin@formcraft.com,Co-Founder & CTO,Formcraft,formcraft.com,,Software,JP,blog,referral,pricing-post,true,TIMOTHY,Martin,Formcraft,Co-Founder & CTO,japan,False,true,true,blog,False,referral,False,pricing-post,False,timothy_martin@formcraft.com,timothy_martin@formcraft.com,work,False,False,False,False,False,https://formcraft.com,True,,True,False,,false,verified_in,,false,false
L1277,2026-04-17,Kwame,Park,kwame.park@deepharbor.ai,NLP Engineer,deepharbor,deepharbor.ai,,AI/ML software,GB,email_blast,email,july-promo,pending,Kwame,PARK,deepharbor,NLP Engineer  ,GB,False,pending,unknown,email%20blast,False,e-mail,False,JULY%20PROMO,False,kwame.park@deepharbor.ai,kwame.park@deepharbor.ai,work,False,False,False,False,False,https://deepharbor.ai,True,,True,False,,false,ambiguous,,false,false
L2869,2026-04-23,mATEO,Robinson,MATEOR@CENTRALPOLY.EDU,MS Student,Central Polytechnic,centralpoly.edu,1000+,Education,PL,newsletter,email,weekly-digest,opted_in,mATEO, ROBINSON,Central Polytechnic,MS Student,Poland,False,opted_in,true,newsletter,False,email,False,weekly-digest,False,MATEOR@CENTRALPOLY.EDU,mateor@centralpoly.edu,work,False,False,True,False,False,https://centralpoly.edu,True,mateor@centralpoly.edu,True,False,,true,verified_in,,true,false
L2582,2026-04-19,Raymond,Hoffmann,raymond.hoffmann@inferralabs.com,Freelancer,,,,,SG,github,referral,docs-cta,NULL,Raymond,Hoffmann,,Freelancer,Singapore,False,NULL,unknown,github,False,referral,False,docs-cta,False,raymond.hoffmann@inferralabs.com,raymond.hoffmann@inferralabs.com,work,False,False,False,False,False,,False,,True,False,,false,verified_out,,false,false
L2338,2026-06-17,James,Schmidt,JAMES_SCHMIDT@BELLAVISTAREALTY.COM,Sr. Data Scientist,BELLA VISTA REALTY,,201-500,,IE,facebook,paid,fb_q3,unknown,James,SCHMIDT,BELLA VISTA REALTY,Sr. Data Scientist,IE,False,unknown,unknown,FB,False,paid,False,fb_q3,False,JAMES_SCHMIDT@BELLAVISTAREALTY.COM,james_schmidt@bellavistarealty.com,work,False,False,False,False,False,,False,,True,False,,true,ambiguous,EU / Consent Verification Needed,false,false
L2018,2026-05-09,Barbara,Campbell,barbarac@peakfitnessstudios.com,Operations Manager,Peak Fitness Studios,peakfitnessstudios.com,51-200,,SG,blog,referral,pricing-post,true,Barbara,CAMPBELL,Peak Fitness Studios,Operations Manager,SG,False,true,true,blog,False,referral,False,pricing-post,False,barbarac@peakfitnessstudios.com,barbarac@peakfitnessstudios.com,work,False,False,False,False,False,www.peakfitnessstudios.com,True,,True,False,,false,verified_in,,true,false
L2595,2026-04-18,Cynthia,Clark,CYNTHIA_CLARK@FINETUNELABS.COM,Chief AI Officer,Finetune Labs,finetunelabs.com,1-10,AI/ML software,SG,google,cpc,gpu-cloud-nonbrand,,Cynthia,Clark, Finetune Labs,Chief AI Officer,SG,False,,unknown,google,False,cpc,False,gpu-cloud-nonbrand,False,CYNTHIA_CLARK@FINETUNELABS.COM,cynthia_clark@finetunelabs.com,work,False,False,False,False,False,www.finetunelabs.com,True,,True,False,,false,ambiguous,,false,false
L2604,2026-05-26,Ryan,Kumar,kumar.ryan@cloudspan.dev,,Cloudspan,cloudspan.dev,51-200,,US,blog,referral,pricing-post,NULL,Ryan,Kumar,Cloudspan,,USA,False,NULL,unknown,blog,False,referral,False,pricing-post,False,kumar.ryan@cloudspan.dev,kumar.ryan@cloudspan.dev,work,False,False,False,False,False,www.cloudspan.dev,True,,True,False,,false,ambiguous,,false,false
L1372,2026-06-16,Carolyn,Hoffmann,carolynh@gmail.com,Head of Data Science,Vectorly AI,vectorly.ai,11-50,AI/ML software,CA,newsletter,email,weekly-digest,pending,carolyn,Hoffmann,Vectorly AI,Head of Data Science,Canada,False,pending,unknown,newsletter,False,email,False,weekly-digest,False,carolynh@gmail.com,carolynh@gmail.com,freemail,False,False,False,False,False,www.vectorly.ai,True,,True,False,,false,ambiguous,,false,false
L1554,2026-04-11,Jeffrey,Patel,jeffrey_patel@stateuniv.edu,Postdoc,State University,stateuniv.edu,1000+,Education,,linkedin,paid_social,serverless-launch,,Jeffrey,Patel,State University,Postdoc  ,,False,,unknown,linkedin,False,paid_social,False,serverless-launch,False,jeffrey_patel@stateuniv.edu,jeffrey_patel@stateuniv.edu,work,False,False,True,False,False,www.stateuniv.edu,True,,True,False,,false,ambiguous,,false,false
L2827,2026-06-11,Dorothy,Miller,dorothy.miller@outlook.com,Hobbyist,,,,,AU,github,referral,docs-cta,unknown,Dorothy,Miller,,Hobbyist,australia,False,unknown,unknown,github,False,referral,False,docs-cta,False,dorothy.miller@outlook.com,dorothy.miller@outlook.com,freemail,False,False,False,False,False,,False,dorothy.miller@outlook.com,True,False,,false,ambiguous,,false,false
L2824,2026-05-07,Carol,Patel,carol_patel@nimbuserp.com,ml engineer,Nimbus ERP,,1000+,,US,facebook,social,q3,pending,carol,PATEL,Nimbus ERP,ml engineer,United States,False,pending,unknown,fb_paid,False,social,False,q3,False,carol_patel@nimbuserp.com,carol_patel@nimbuserp.com,work,False,False,False,False,False,,False,carol_patel@nimbuserp.com,True,False,,false,ambiguous,,false,false
L1192,2026-06-22,Nancy,Rodriguez,nancy_rodriguez@luminaml.com,Software Engineer,lumina ml,,11-50,AI/ML software,AU,twitter,social,launch-week,NULL,Nancy,Rodriguez,lumina ml,Software Engineer,AU,False,NULL,unknown,twitter,False,social,False,launch-week,False,nancy_rodriguez@luminaml.com,nancy_rodriguez@luminaml.com,work,False,False,False,False,False,,False,,True,False,,false,verified_in,,false,false
L2603,2026-04-16,Anna,Sato,annas@brightqueue.io,Software Engineer,BrightQueue,brightqueue.io,,Software,AU,google,cpc,brand-search-q3,Yes,Anna,sato,BrightQueue,Software Engineer,AU,False,Yes,true,google,False,cpc,False,brand-search-q3,False,annas@brightqueue.io,annas@brightqueue.io,work,False,False,False,False,False,www.brightqueue.io,True,,True,False,,false,verified_in,,false,false
L2185,2026-05-14,Sarah,Fischer,sarahf@cornerstoneins.com,Data Scientist,Cornerstone Insurance,cornerstoneins.com,11-50,Insurance,GB,producthunt,referral,launch,,Sarah,Fischer,Cornerstone Insurance,Data Scientist,United Kingdom,False,,unknown,producthunt,False,referral,False,launch,False,sarahf@cornerstoneins.com,sarahf@cornerstoneins.com,work,False,False,False,False,False,https://cornerstoneins.com,True,,True,False,,false,ambiguous,,false,false
L2155,2026-04-28,William,Kowalski,williamk@inferralabs.com,founder/ceo,Inferra Labs,inferralabs.com,1000+,AI/ML software,DE,facebook,paid_social,fb_q3,false,William,Kowalski,Inferra Labs,founder/ceo,DEU,False,false,false,facebook,False,Paid-Social,False,FB_Q3,False,williamk@inferralabs.com,williamk@inferralabs.com,work,False,False,False,False,False,https://inferralabs.com,True,,True,False,,true,verified_out,,true,false
L2546,2026-04-01,Zara,Becker,zbecker@summitdentalgroup.com,Head of Engineering,Summit Dental Group,summitdentalgroup.com,11-50,,FR,docs,referral,quickstart,1,Zara,Becker,Summit Dental Group,Head of Engineering,France,False,1,true,docs,False,referral,False,quickstart,False,zbecker@summitdentalgroup.com,zbecker@summitdentalgroup.com,work,False,False,False,False,False,www.summitdentalgroup.com,True,,True,False,,true,verified_in,,false,false
L1710,2026-04-16,Diego,Walker,diego.walker@copilothealth.ai,Advisor,COPILOT HEALTH AI,copilothealth.ai,1-10,AI/ML software,SG,newsletter,email,weekly-digest,TRUE,Diego,Walker,COPILOT HEALTH AI,Advisor,SG,False,TRUE,true,newsletter,False,email,False,weekly-digest,False,diego.walker@copilothealth.ai,diego.walker@copilothealth.ai,work,False,False,False,False,False,www.copilothealth.ai,True,,True,False,,false,verified_in,,false,false
L2072,2026-06-18,Gary,Lee,glee@paytrellis.com,AI Engineer,PayTrellis,paytrellis.com,51-200,,FR,docs,referral,quickstart,opted_in, gary, Lee,PayTrellis,AI Engineer,France,False,opted_in,true,docs,False,referral,False,quickstart,False,glee@paytrellis.com,glee@paytrellis.com,work,False,False,False,False,False,https://paytrellis.com,True,,True,False,,true,verified_in,,false,false
L1125,2026-05-12,Janet,Harris,janet_harris@vectorly.ai,NLP Engineer,vectorly ai,vectorly.ai,11-50,,CA,reddit,social,r-machinelearning,,Janet,Harris,vectorly ai,NLP Engineer  ,Canada,False,,unknown,reddit,False,social,False,r-machinelearning,False,janet_harris@vectorly.ai,janet_harris@vectorly.ai,work,False,False,False,False,False,https://vectorly.ai,True,,True,False,,false,ambiguous,,false,false
L1205,2026-04-22,Lisa,Chen,chen.lisa@voiceforge.ai,Head of MLOps,VoiceForge,voiceforge.ai,51-200,AI/ML software,IN,docs,referral,quickstart,,LISA,Chen, VoiceForge,Head of MLOps,IN,False,,unknown,docs,False,referral,False,quickstart,False,chen.lisa@voiceforge.ai,chen.lisa@voiceforge.ai,work,False,False,False,False,False,www.voiceforge.ai,True,,True,False,,false,ambiguous,,false,false
L1757,2026-06-15,Jeffrey,Scott,jscott@orbitalmind.ai,Advisor,Orbital Mind,,,AI/ML software,IE,youtube,video,tutorial-series,,jeffrey,Scott,Orbital Mind,Advisor,Ireland,False,,unknown,youtube,False,video,False,tutorial-series,False,jscott@orbitalmind.ai,jscott@orbitalmind.ai,work,False,False,False,False,False,,False,,True,False,,true,ambiguous,EU / Consent Verification Needed,false,false
L1576,2026-06-08,Jessica,Okafor,jessica_okafor@stateuniv.edu,,State University,stateuniv.edu,1000+,,PL,newsletter,email,weekly-digest,granted,JESSICA,Okafor,State University,,poland,False,granted,true,newsletter,False,email,False,weekly-digest,False,jessica_okafor@stateuniv.edu,jessica_okafor@stateuniv.edu,work,False,False,True,False,False,https://stateuniv.edu,True,,True,False,,true,verified_in,,false,false
L2081,2026-05-27,Joshua,Anderson,joshuaa@icloud.com,Head of Engineering,Lumina ML,luminaml.com,11-50,AI/ML software,SG,,,,,Joshua,Anderson,Lumina ML,Head of Engineering,Singapore,False,,unknown,test,True,test,True,test-campaign-DELETE,True,joshuaa@icloud.com,joshuaa@icloud.com,freemail,False,False,False,False,False,https://luminaml.com,True,,True,False,,false,ambiguous,,false,false
L2596,2026-04-30,Emily,Sato,sato.emily@inferralabs.com,founder/ceo,Inferra Labs,,,AI/ML software,SE,facebook,cpc,fb-q3-conversions,Yes,Emily,sato,Inferra Labs,founder/ceo,Sweden,False,Yes,true,Facebook Ads,False,cpc,False,fb-q3-conversions,False,sato.emily@inferralabs.com,sato.emily@inferralabs.com,work,False,False,False,False,False,,False,,True,False,,true,verified_in,,false,false
L1326,2026-06-11,Laura,Thomas,laurat@gridbase.dev,Platform Engineer,Gridbase,gridbase.dev,,Software,SG,blog,referral,pricing-post,,Laura,Thomas,Gridbase,Platform Engineer  ,singapore,False,,unknown,blog,False,referral,False,pricing-post,False,laurat@gridbase.dev,laurat@gridbase.dev,work,False,False,False,False,False,https://gridbase.dev,True,,True,False,,false,verified_in,,false,true
L2262,2026-05-06,Jacob,Mitchell,jmitchell@stateuniv.edu,Hobbyist,state university,stateuniv.edu,1000+,Education,DE,google,cpc,brand-search,pending,Jacob,Mitchell,state university,Hobbyist,DE,False,pending,unknown,google ,False, cpc,False,brand search,False,jmitchell@stateuniv.edu,jmitchell@stateuniv.edu,work,False,False,True,False,False,www.stateuniv.edu,True,jmitchell@stateuniv.edu,True,False,,true,ambiguous,EU / Consent Verification Needed,false,false
L1368,2026-04-03,Betty,Gonzalez,bgonzalez@finetunelabs.com,Deep Learning Engineer,Finetune Labs,finetunelabs.com,1-10,AI/ML software,AU,reddit,social,r-machinelearning,,Betty,Gonzalez, Finetune Labs,Deep Learning Engineer,Australia,False,,unknown,reddit,False,social,False,r-machinelearning,False,bgonzalez@finetunelabs.com,bgonzalez@finetunelabs.com,work,False,False,False,False,False,https://finetunelabs.com,True,,True,False,,false,ambiguous,,false,false
L2886,2026-06-09,mELISSA,Hansen,MELISSA_HANSEN@FIELDSTONETECH.COM,Office Manager,Fieldstone Tech,fieldstonetech.com,501-1000,Software,JP,github,referral,docs-cta,NULL,mELISSA,HANSEN,Fieldstone Tech,Office Manager,Japan,False,NULL,unknown,github,False,referral,False,docs-cta,False,MELISSA_HANSEN@FIELDSTONETECH.COM,melissa_hansen@fieldstonetech.com,work,False,False,False,False,False,www.fieldstonetech.com,True,melissa_hansen@fieldstonetech.com,True,False,,false,ambiguous,,false,false
L2393,2026-06-23,Angela,Anderson,anderson.angela@ridgewayconstruction.com,Head of Engineering,Ridgeway Construction,,11-50,Construction,IN,github,referral,docs-cta,pending,Angela,Anderson,Ridgeway Construction,Head of Engineering,IN,False,pending,unknown,github,False,referral,False,docs-cta,False,anderson.angela@ridgewayconstruction.com,anderson.angela@ridgewayconstruction.com,work,False,False,False,False,False,,False,anderson.angela@ridgewayconstruction.com,True,False,,false,verified_in,,false,false
L2647,2026-06-30,Cynthia,Lewis,lewis.cynthia@nimbuserp.com,founder/ceo,Nimbus ERP,nimbuserp.com,1000+,Software,GB,newsletter,email,weekly-digest,NULL,CYNTHIA  ,Lewis  ,Nimbus ERP,founder/ceo,GB,False,NULL,unknown,newsletter,False,email,False,weekly-digest,False,lewis.cynthia@nimbuserp.com,lewis.cynthia@nimbuserp.com,work,False,False,False,False,False,www.nimbuserp.com,True,,True,False,,false,ambiguous,,false,false
L1943,2026-06-08,Matthew,Tanaka,matthew.tanaka@securexsystems.com,Machine Learning Engineer,,,,,CA,google,cpc,brand-search-q3,,Matthew,Tanaka,,Machine Learning Engineer,Canada,False,,unknown,google,False,cpc,False,brand-search-q3,False,matthew.tanaka@securexsystems.com,matthew.tanaka@securexsystems.com,work,False,False,False,False,False,,False,,True,False,,false,ambiguous,,false,false
L1388,2026-04-05,Melissa,Allen,melissaa@neuralight.io,MLOps Engineer,Neuralight,neuralight.io,201-500,AI/ML software,US,google,cpc,brand-search-q3,,Melissa,allen,Neuralight,MLOps Engineer,U.S.,False,,unknown,google,False,cpc,False,brand-search-q3,False,melissaa@neuralight.io,melissaa@neuralight.io,work,False,False,False,False,False,https://neuralight.io,True,,True,False,,false,ambiguous,,false,false
L2573,2026-06-07,Frank,Robinson,frank_robinson@inferralabs.com,,inferra labs,inferralabs.com,,AI/ML software,IE,google,cpc,brand-search-q3,granted,frank,ROBINSON,inferra labs,,Ireland,False,granted,true,google,False,cpc,False,brand-search-q3,False,frank_robinson@inferralabs.com,frank_robinson@inferralabs.com,work,False,False,False,False,False,www.inferralabs.com,True,,True,False,,true,verified_in,,false,false
L2088,2026-05-01,Kwame,Andersson,kwamea@relaymesh.io,DevOps Engineer,Relaymesh,relaymesh.io,,Software,IN,google,cpc,gpu-cloud-nonbrand,unknown,Kwame  ,Andersson, Relaymesh,DevOps Engineer,India,False,unknown,unknown,google,False,cpc,False,gpu-cloud-nonbrand,False,kwamea@relaymesh.io,kwamea@relaymesh.io,work,False,False,False,False,False,https://relaymesh.io,True,,True,False,,false,ambiguous,,false,false
L1002,2026-06-03,Margaret,Martin,mmartin@neuralmarketing.co,SVP Engineering,Neural Marketing Co,neuralmarketing.co,,,AU,google,cpc,brand-search-q3,, Margaret,Martin,Neural Marketing Co,SVP Engineering,AU,False,,unknown,google,False,cpc,False,brand-search-q3,False,mmartin@neuralmarketing.co,mmartin@neuralmarketing.co,work,False,False,False,False,False,www.neuralmarketing.co,True,,True,False,,false,verified_in,,true,false
L1199,2026-04-25,Priya,Hill,priyah@maplegrovebakery.com,Accountant,Maple Grove Bakery,maplegrovebakery.com,,Food and beverage,GB,docs,referral,quickstart,Yes,PRIYA,Hill,Maple Grove Bakery,Accountant,GB,False,Yes,true,docs,False,referral,False,quickstart,False,priyah@maplegrovebakery.com,priyah@maplegrovebakery.com,work,False,False,False,False,False,https://maplegrovebakery.com,True,,True,False,,false,verified_in,,false,true
L1327,2026-06-19,Nicholas,Wilson,nwilson@peakfitnessstudios.com,Software Engineer,Peak Fitness Studios,,51-200,Fitness,JP,google,cpc,gpu-cloud-nonbrand,unknown,Nicholas,Wilson,Peak Fitness Studios,Software Engineer,Japan,False,unknown,unknown,google,False,cpc,False,gpu-cloud-nonbrand,False,nwilson@peakfitnessstudios.com,nwilson@peakfitnessstudios.com,work,False,False,False,False,False,,False,,True,False,,false,verified_in,,false,false
L1764,2026-05-31,Donald,Carter,donald.carter@hotmail.com,NLP Engineer,LEDGERWORKS,ledgerworks.com,51-200,Software,DE,twitter,social,launch-week,unsubscribed,Donald,Carter,LEDGERWORKS,NLP Engineer,DEU,False,unsubscribed,false,twitter,False,social,False,launch-week,False,donald.carter@hotmail.com,donald.carter@hotmail.com,freemail,False,False,False,False,False,https://ledgerworks.com,True,,True,False,,true,verified_out,,false,false
L1464,2026-04-15,Amanda,Hernandez,hernandez.amanda@neuralight.io,Head of Data Science,Neuralight,neuralight.io,201-500,AI/ML software,SG,google,organic,,pending,Amanda,Hernandez  ,Neuralight, Head of Data Science,Singapore,False,pending,unknown,google,False,organic,False,,True,hernandez.amanda@neuralight.io,hernandez.amanda@neuralight.io,work,False,False,False,False,False,https://neuralight.io,True,,True,False,,false,verified_in,,false,false
L2490,2026-05-05,John,Okafor,jokafor@evalhouse.ai,Founder,EvalHouse,evalhouse.ai,1-10,AI/ML software,JP,docs,referral,quickstart,granted,John,Okafor,EvalHouse,Founder,Japan,False,granted,true,docs,False,referral,False,quickstart,False,jokafor@evalhouse.ai,jokafor@evalhouse.ai,work,False,False,False,False,False,https://evalhouse.ai,True,,True,False,,false,verified_in,,false,false
L1934,2026-05-18,Anna,Gonzalez,gonzalez.anna@mistletoeml.com,DevOps Engineer,Mistletoe ML,mistletoeml.com,1000+,AI/ML software,CA,twitter,social,launch-week,opted_in,ANNA,Gonzalez,Mistletoe ML,DevOps Engineer  ,Canada,False,opted_in,true,twitter,False,social,False,launch-week,False,gonzalez.anna@mistletoeml.com,gonzalez.anna@mistletoeml.com,work,False,False,False,False,False,www.mistletoeml.com,True,,True,False,,false,verified_in,,false,false
L2673,2026-04-20,Jason,Wilson,jasonw@gmail.com,PhD Student,INSTITUTE OF TECHNOLOGY,instech.edu,1000+,,IE,,,,opted_in,jason,wilson,INSTITUTE OF TECHNOLOGY,PhD Student  ,ireland,False,opted_in,true,undefined,True,undefined,True,,True,jasonw@gmail.com,jasonw@gmail.com,freemail,False,False,False,False,False,www.instech.edu,True,,True,False,,true,verified_in,,false,false
L2138,2026-04-29,Jason,Lee,lee.jason@tokenworks.io,MLOps Engineer,tokenworks,tokenworks.io,1000+,AI/ML software,ES,docs,referral,quickstart,0,Jason,Lee,tokenworks,MLOps Engineer,ES,False,0,false,docs,False,referral,False,quickstart,False,lee.jason@tokenworks.io,lee.jason@tokenworks.io,work,False,False,False,False,False,https://tokenworks.io,True,,True,False,,true,verified_out,,false,false
L2141,2026-04-09,Richard,Lewis,richardl@neuralmarketing.co,Head of Data Science,,,,,US,producthunt,referral,launch,granted,Richard,Lewis,,Head of Data Science  ,US,False,granted,true,producthunt,False,referral,False,launch,False,richardl@neuralmarketing.co,richardl@neuralmarketing.co,work,False,False,False,False,False,,False,,True,False,,false,verified_in,,false,false
L2238,2026-04-18,Ashley,Schmidt,aschmidt@embediq.ai,Infrastructure Engineer,EmbedIQ,embediq.ai,1000+,AI/ML software,GB,,,,,Ashley,SCHMIDT,EmbedIQ,Infrastructure Engineer,UK,False,,unknown,undefined,True,undefined,True,,True,aschmidt@embediq.ai,aschmidt@embediq.ai,work,False,False,False,False,False,https://embediq.ai,True,,True,False,,false,ambiguous,,false,false
L2325,2026-06-17,Jason,Young,jason_young@cloudspan.dev,Senior Software Engineer,Cloudspan,cloudspan.dev,51-200,,GB,newsletter,email,weekly-digest,,Jason,Young,Cloudspan,Senior Software Engineer,UK,False,,unknown,newsletter,False,email,False,weekly-digest,False,jason_young@cloudspan.dev,jason_young@cloudspan.dev,work,False,False,False,False,False,www.cloudspan.dev,True,,True,False,,false,ambiguous,,false,false
L1481,2026-06-11,Donald,Taylor,dtaylor@loopware.io,Technologist,Loopware,loopware.io,1000+,Software,AU,reddit,social,r-machinelearning,,DONALD,taylor,Loopware,Technologist,australia,False,,unknown,reddit,False,social,False,r-machinelearning,False,dtaylor@loopware.io,dtaylor@loopware.io,work,False,False,False,False,False,https://loopware.io,True,,True,False,,false,verified_in,,false,false
L1331,2026-06-02,Elena,Williams,elena.williams@quantumnails.com,Social Media Manager,Quantum Nails Salon,quantumnails.com,51-200,Beauty,CA,blog,referral,pricing-post,pending,Elena,Williams,Quantum Nails Salon,Social Media Manager,CA,False,pending,unknown,blog,False,referral,False,pricing-post,False,elena.williams@quantumnails.com,elena.williams@quantumnails.com,work,False,False,False,False,False,https://quantumnails.com,True,,True,False,,false,verified_out,,false,true
L1484,2026-04-01,Gregory,Novak,gregoryn@peakfitnessstudios.com,Customer Success Manager,Peak Fitness Studios,peakfitnessstudios.com,51-200,Fitness,BR,email_blast,email,july-promo,yes,GREGORY,Novak,Peak Fitness Studios,Customer Success Manager,brazil,False,yes,true,email%20blast,False,e-mail,False,JULY%20PROMO,False,gregoryn@peakfitnessstudios.com,gregoryn@peakfitnessstudios.com,work,False,False,False,False,False,https://peakfitnessstudios.com,True,,True,False,,false,verified_out,,false,false
L1880,2026-06-06,Ryan,Martin,ryan_martin@hotmail.com,,shipmate,shipmate.io,201-500,Software,BR,blog,referral,pricing-post,, Ryan,MARTIN,shipmate,,Brazil,False,,unknown,blog,False,referral,False,pricing-post,False,ryan_martin@hotmail.com,ryan_martin@hotmail.com,freemail,False,False,False,False,False,www.shipmate.io,True,,True,False,,false,ambiguous,,false,false
L1107,2026-06-23,Anna,Kumar,kumar.anna@finetunelabs.com,Managing Partner,Finetune Labs,finetunelabs.com,1-10,,DE,google,cpc,brand-search,granted,Anna,Kumar,Finetune Labs,Managing Partner,DEU,False,granted,true,google ,False, cpc,False,brand search,False,kumar.anna@finetunelabs.com,kumar.anna@finetunelabs.com,work,False,False,False,False,False,www.finetunelabs.com,True,kumar.anna@finetunelabs.com,True,True,company,true,verified_in,,false,false
L1101,2026-05-17,Margaret,Jones,margaretj@fieldstonetech.com,"Director, Machine Learning",Fieldstone Tech,,,Software,SG,youtube,video,tutorial-series,unknown,Margaret,Jones,Fieldstone Tech,"Director, Machine Learning",singapore,False,unknown,unknown,youtube,False,video,False,tutorial-series,False,margaretj@fieldstonetech.com,margaretj@fieldstonetech.com,work,False,False,False,False,False,,False,,True,False,,false,verified_in,,false,false
L1978,2026-04-13,Kimberly,Johansson,kimberlyj@loopware.io,Office Manager,Loopware,loopware.io,1000+,Software,PL,google,cpc,gpu-cloud-nonbrand,TRUE,Kimberly,Johansson,Loopware,Office Manager,Poland,False,TRUE,true,google,False,cpc,False,gpu-cloud-nonbrand,False,kimberlyj@loopware.io,kimberlyj@loopware.io,work,False,False,False,False,False,https://loopware.io,True,,True,False,,true,verified_in,,false,false
L1444,2026-05-07,Ronald,Smith,ronald.smith@quantumnails.com,Chief Technology Officer,Quantum Nails Salon,quantumnails.com,51-200,Beauty,GB,google,cpc,gpu-cloud-nonbrand,TRUE,Ronald,Smith,Quantum Nails Salon,Chief Technology Officer,GB,False,TRUE,true,google,False,cpc,False,gpu-cloud-nonbrand,False,ronald.smith@quantumnails.com,ronald.smith@quantumnails.com,work,False,False,False,False,False,www.quantumnails.com,True,,True,False,,false,verified_in,,true,false
L1708,2026-04-19,Mark,Nelson,mark.nelson@outlook.com,Deep Learning Engineer,Neural Marketing Co,,,Marketing agency,AU,google,cpc,brand-search,unknown,Mark,nelson,Neural Marketing Co,Deep Learning Engineer,Australia,False,unknown,unknown,google ,False, cpc,False,brand search,False,mark.nelson@outlook.com,mark.nelson@outlook.com,freemail,False,False,False,False,False,,False,,True,False,,false,ambiguous,,false,false
L1990,2026-06-16,Debra,Robinson,debra_robinson@proton.me,Computer Vision Engineer,Axon Research,,11-50,AI/ML software,SE,newsletter,email,weekly-digest,Yes,Debra  ,Robinson,Axon Research,Computer Vision Engineer,sweden,False,Yes,true,newsletter,False,email,False,weekly-digest,False,debra_robinson@proton.me,debra_robinson@proton.me,freemail,False,False,False,False,False,,False,,True,False,,true,verified_in,,false,false
L2228,2026-05-21,Stephanie,Johansson,stephaniej@gradientpeak.ai,Head of ML,Gradient Peak,gradientpeak.ai,201-500,AI/ML software,IN,google,cpc,brand-search-q3,unknown,stephanie,Johansson,Gradient Peak,Head of ML,India,False,unknown,unknown,google,False,cpc,False,brand-search-q3,False,stephaniej@gradientpeak.ai,stephaniej@gradientpeak.ai,work,False,False,False,False,False,www.gradientpeak.ai,True,,True,False,,false,verified_in,,false,false
L2553,2026-04-16,Joseph,Rivera,joseph_rivera@summitdentalgroup.com,Project Manager,Summit Dental Group,summitdentalgroup.com,,Healthcare,DE,newsletter,email,weekly-digest,,joseph,Rivera,Summit Dental Group,Project Manager,Deutschland,False,,unknown,newsletter,False,email,False,weekly-digest,False,joseph_rivera@summitdentalgroup.com,joseph_rivera@summitdentalgroup.com,work,False,False,False,False,False,https://summitdentalgroup.com,True,,True,False,,true,verified_in,,true,false
L1610,2026-06-10,Melissa,Roberts,mroberts@formcraft.com,DevOps Engineer,,,,,ES,google,cpc,gpu-cloud-nonbrand,unknown,Melissa,Roberts,,DevOps Engineer,spain,False,unknown,unknown,google,False,cpc,False,gpu-cloud-nonbrand,False,mroberts@formcraft.com,mroberts@formcraft.com,work,False,False,False,False,False,,False,,True,False,,true,verified_in,,false,false
L1911,2026-05-25,Donald,Wagner,donald_wagner@stateuniv.edu,PhD Candidate,State University,stateuniv.edu,1000+,Education,NL,google,cpc,gpu-cloud-nonbrand,true,Donald,Wagner, State University,PhD Candidate,NL,False,true,true,google,False,cpc,False,gpu-cloud-nonbrand,False,donald_wagner@stateuniv.edu,donald_wagner@stateuniv.edu,work,False,False,True,False,False,https://stateuniv.edu,True,,True,False,,true,verified_in,,false,false
L2416,2026-05-07,Ashley,Ramirez,ashley_ramirez@paytrellis.com,Head of Machine Learning,PayTrellis,paytrellis.com,51-200,Software,AU,google,organic,,TRUE,ASHLEY,RAMIREZ,PayTrellis,Head of Machine Learning  ,australia,False,TRUE,true,google,False,organic,False,,True,ashley_ramirez@paytrellis.com,ashley_ramirez@paytrellis.com,work,False,False,False,False,False,https://paytrellis.com,True,ashley_ramirez@paytrellis.com,True,False,,false,verified_in,,false,false
L1300,2026-06-21,Kathleen,Rodriguez,krodriguez@yahoo.com,SWE,PayTrellis,paytrellis.com,51-200,Software,BR,github,referral,docs-cta,pending,Kathleen,Rodriguez,PayTrellis,SWE,BR,False,pending,unknown,github,False,referral,False,docs-cta,False,krodriguez@yahoo.com,krodriguez@yahoo.com,freemail,False,False,False,False,False,https://paytrellis.com,True,,True,False,,false,ambiguous,,false,false
L1933,2026-06-18,Kathleen,Moore,KMOORE@HARBORVIEWLOGISTICS.COM,Staff Engineer,Harborview Logistics,harborviewlogistics.com,,,BR,docs,referral,quickstart,Yes,Kathleen,Moore,Harborview Logistics,Staff Engineer,BR,False,Yes,true,docs,False,referral,False,quickstart,False,KMOORE@HARBORVIEWLOGISTICS.COM,kmoore@harborviewlogistics.com,work,False,False,False,False,False,https://harborviewlogistics.com,True,,True,False,,false,verified_out,,false,true
L1370,2026-04-02,Mark,Tanaka,mark_tanaka@loopware.io,Infrastructure Engineer,Loopware,loopware.io,1000+,Software,IN,blog,referral,pricing-post,unknown,mark,tanaka,Loopware, Infrastructure Engineer,India,False,unknown,unknown,blog,False,referral,False,pricing-post,False,mark_tanaka@loopware.io,mark_tanaka@loopware.io,work,False,False,False,False,False,https://loopware.io,True,,True,False,,false,ambiguous,,false,false
L2652,2026-04-12,Brandon,Flores,brandon_flores@bellavistarealty.com,Accountant,Bella Vista Realty,bellavistarealty.com,201-500,Real estate,ES,email_blast,email,july-promo,,BRANDON,Flores,Bella Vista Realty,Accountant,spain,False,,unknown,email%20blast,False,e-mail,False,JULY%20PROMO,False,brandon_flores@bellavistarealty.com,brandon_flores@bellavistarealty.com,work,False,False,False,False,False,https://bellavistarealty.com,True,,True,False,,true,ambiguous,EU / Consent Verification Needed,false,false
L1973,2026-06-19,Nicholas,Wright,nicholas_wright@roboticsone.ai,SVP Engineering,RoboticsOne,roboticsone.ai,501-1000,AI/ML software,AU,google,cpc,brand-search,pending,Nicholas,Wright,RoboticsOne,SVP Engineering,australia,False,pending,unknown,google ,False, cpc,False,brand search,False,nicholas_wright@roboticsone.ai,nicholas_wright@roboticsone.ai,work,False,False,False,False,False,www.roboticsone.ai,True,,True,False,,false,ambiguous,,false,false
L2452,2026-04-23,Donna,Keller,donnak@codewharf.dev,,Codewharf,codewharf.dev,1000+,Software,GB,producthunt,referral,launch,unknown,Donna,Keller,Codewharf,,uk,False,unknown,unknown,producthunt,False,referral,False,launch,False,donnak@codewharf.dev,donnak@codewharf.dev,work,False,False,False,False,False,https://codewharf.dev,True,,True,False,,false,ambiguous,,false,false
L2511,2026-06-02,Patricia,Lopez,patricia.lopez@brightqueue.io,Computer Vision Engineer,BrightQueue,brightqueue.io,,Software,JP,google,organic,,1, Patricia,LOPEZ,BrightQueue,Computer Vision Engineer,Japan,False,1,true,google,False,organic,False,,True,patricia.lopez@brightqueue.io,patricia.lopez@brightqueue.io,work,False,False,False,False,False,https://brightqueue.io,True,,True,False,,false,verified_out,,false,false
L2324,2026-06-01,Carolyn,Hernandez,CHERNANDEZ@MODELRY.AI,DevOps Engineer,Modelry,modelry.ai,1-10,,PL,reddit,social,r-machinelearning,FALSE,Carolyn,hernandez,Modelry,DevOps Engineer,Poland,False,FALSE,false,reddit,False,social,False,r-machinelearning,False,CHERNANDEZ@MODELRY.AI,chernandez@modelry.ai,work,False,False,False,False,False,www.modelry.ai,True,,True,False,,true,verified_out,,false,false
L2506,2026-05-22,Dennis,Hansen,dennis.hansen@voxeldynamics.ai,MLOps Engineer,Voxel Dynamics,voxeldynamics.ai,,AI/ML software,BR,twitter,social,launch-week,unknown,Dennis,Hansen  ,Voxel Dynamics, MLOps Engineer,Brazil,False,unknown,unknown,twitter,False,social,False,launch-week,False,dennis.hansen@voxeldynamics.ai,dennis.hansen@voxeldynamics.ai,work,False,False,False,False,False,www.voxeldynamics.ai,True,,True,False,,false,ambiguous,,false,false
L1432,2026-05-23,Paul,Brown,PAUL_BROWN@STREAMLYNE.IO,VP Data & AI,Streamlyne,,11-50,Software,CA,blog,referral,pricing-post,,paul,Brown,Streamlyne,VP Data & AI,Canada,False,,unknown,blog,False,referral,False,pricing-post,False,PAUL_BROWN@STREAMLYNE.IO,paul_brown@streamlyne.io,work,False,False,False,False,False,,False,,True,False,,false,ambiguous,,false,false
L2316,2026-04-01,John,Roberts,john.roberts@proton.me,,Peak Fitness Studios,peakfitnessstudios.com,51-200,Fitness,BR,,,,pending,John,Roberts,Peak Fitness Studios,,Brazil,False,pending,unknown,undefined,True,undefined,True,,True,john.roberts@proton.me,john.roberts@proton.me,freemail,False,False,False,False,False,www.peakfitnessstudios.com,True,,True,False,,false,ambiguous,,false,false
L1417,2026-06-24,Fatima,Kim,fatima.kim@cloudspan.dev,Data Scientist,Cloudspan,cloudspan.dev,51-200,,NL,blog,referral,pricing-post,unsubscribed,Fatima,Kim,Cloudspan,Data Scientist,Netherlands,False,unsubscribed,false,blog,False,referral,False,pricing-post,False,fatima.kim@cloudspan.dev,fatima.kim@cloudspan.dev,work,False,False,False,False,False,https://cloudspan.dev,True,,True,False,,true,verified_out,,false,false
L2366,2026-05-07,Kimberly,Hassan,khassan@apexautoparts.com,Operations Manager,Apex Auto Parts,apexautoparts.com,201-500,Automotive,FR,twitter,social,launch-week,opted_in,Kimberly,Hassan,Apex Auto Parts,Operations Manager  ,FRA,False,opted_in,true,twitter,False,social,False,launch-week,False,khassan@apexautoparts.com,khassan@apexautoparts.com,work,False,False,False,False,False,https://apexautoparts.com,True,,True,False,,true,verified_in,,false,false
L2653,2026-04-12,Donald,King,donald.king@proton.me,Financial Analyst,,,,,GB,reddit,social,r-machinelearning,,Donald,King  ,,Financial Analyst,uk,False,,unknown,reddit,False,social,False,r-machinelearning,False,donald.king@proton.me,donald.king@proton.me,freemail,False,False,False,False,False,,False,,True,False,,false,ambiguous,,false,false
L2513,2026-06-23,Rajesh,Davis,rajesh.davis@proton.me,Office Manager,Streamlyne,,11-50,,SE,twitter,social,launch-week,true,Rajesh,davis,Streamlyne,Office Manager,Sweden,False,true,true,twitter,False,social,False,launch-week,False,rajesh.davis@proton.me,rajesh.davis@proton.me,freemail,False,False,False,False,False,,False,,True,False,,true,verified_in,,false,false
L1237,2026-06-03,Frank,Johansson,frank.johansson@axonresearch.ai,Content Writer,Axon Research,,11-50,,SG,github,referral,docs-cta,,Frank,Johansson, Axon Research,Content Writer,SG,False,,unknown,github,False,referral,False,docs-cta,False,frank.johansson@axonresearch.ai,frank.johansson@axonresearch.ai,work,False,False,False,False,False,,False,,True,False,,false,verified_out,,false,false
L2489,2026-05-28,Astrid,Fischer,astridf@outlook.com,sre,CLOUDSPAN,cloudspan.dev,,Software,AU,producthunt,referral,launch,NULL,Astrid,Fischer,CLOUDSPAN  ,sre,Australia,False,NULL,unknown,producthunt,False,referral,False,launch,False,astridf@outlook.com,astridf@outlook.com,freemail,False,False,False,False,False,https://cloudspan.dev,True,,True,False,,false,ambiguous,,false,false
L1311,2026-04-26,David,Scott,davids@pipelinelabs.io,Machine Learning Engineer,Pipeline Labs,pipelinelabs.io,1000+,Software,SG,,,,yes,David,Scott,Pipeline Labs,Machine Learning Engineer,Singapore,False,yes,true,{{utm_source}},True,{{utm_medium}},True,{{utm_campaign}},True,davids@pipelinelabs.io,davids@pipelinelabs.io,work,False,False,False,False,False,https://pipelinelabs.io,True,,True,False,,false,verified_in,,false,false
L2788,2026-06-25,Mickey,Mouse,mickey@mouse.com,CEO,Disney,,,,,google,,,,Mickey,Mouse,Disney,CEO,??,True,,unknown,google,False,,True,,True,mickey@mouse.com,mickey@mouse.com,work,False,False,False,False,False,,False,mickey@mouse.com,True,False,,false,ambiguous,,false,false
L1250,2026-05-09,Sarah,Martin,sarah_martin@opsfleet.com,Technologist,Opsfleet,opsfleet.com,1000+,,AU,facebook,paid_social,fb_q3,granted,sarah, Martin,Opsfleet  ,Technologist,Australia,False,granted,true,facebook,False,Paid-Social,False,FB_Q3,False,sarah_martin@opsfleet.com,sarah_martin@opsfleet.com,work,False,False,False,False,False,https://opsfleet.com,True,,True,False,,false,verified_out,,false,false
L1904,2026-06-16,Rachel,Kim,RACHELK@APPTIDE.COM,Director of Platform Engineering,Apptide,apptide.com,501-1000,Software,BR,blog,referral,pricing-post,yes,Rachel,Kim,Apptide,Director of Platform Engineering,BR,False,yes,true,blog,False,referral,False,pricing-post,False,RACHELK@APPTIDE.COM,rachelk@apptide.com,work,False,False,False,False,False,https://apptide.com,True,,True,False,,false,verified_in,,false,false
L2402,2026-05-12,Jason,Williams,williams.jason@synapsefoundry.com,Sales Development Rep,Synapse Foundry,,,AI/ML software,SG,docs,referral,quickstart,,Jason,Williams,Synapse Foundry,Sales Development Rep,Singapore,False,,unknown,docs,False,referral,False,quickstart,False,williams.jason@synapsefoundry.com,williams.jason@synapsefoundry.com,work,False,False,False,False,False,,False,,True,False,,false,ambiguous,,false,false
L1991,2026-04-04,Mary,Becker,MARY_BECKER@YAHOO.COM,Sr. Data Scientist,,,,,PL,github,referral,docs-cta,1,Mary,Becker,,Sr. Data Scientist,PL,False,1,true,github,False,referral,False,docs-cta,False,MARY_BECKER@YAHOO.COM,mary_becker@yahoo.com,freemail,False,False,False,False,False,,False,,True,False,,true,verified_in,,false,false
L2355,2026-05-12,Patrick,Johnson,patrick.johnson@diffusia.io,Head of AI,Diffusia,diffusia.io,1-10,AI/ML software,IT,docs,referral,quickstart,1,Patrick,JOHNSON,Diffusia,Head of AI,Italia,False,1,true,docs,False,referral,False,quickstart,False,patrick.johnson@diffusia.io,patrick.johnson@diffusia.io,work,False,False,False,False,False,www.diffusia.io,True,,True,False,,true,verified_out,,false,false
L1999,2026-05-23,Emma,White,ewhite@apptide.com,Machine Learning Engineer,Apptide,apptide.com,501-1000,Software,GB,google,cpc,gpu-cloud-nonbrand,opted_in,Emma,White,Apptide,Machine Learning Engineer,UK,False,opted_in,true,google,False,cpc,False,gpu-cloud-nonbrand,False,ewhite@apptide.com,ewhite@apptide.com,work,False,False,False,False,False,https://apptide.com,True,,True,False,,false,verified_in,,false,false
L1440,2026-06-02,Christine,King,christinek@securexsystems.com,Computer Vision Engineer,Securex Systems,,1-10,,BR,google,cpc,brand-search-q3,, Christine, King,Securex Systems  ,Computer Vision Engineer,BR,False,,unknown,google,False,cpc,False,brand-search-q3,False,christinek@securexsystems.com,christinek@securexsystems.com,work,False,False,False,False,False,,False,,True,False,,false,ambiguous,,false,false
L1449,2026-05-19,Stephen,Okafor,sokafor@northernuni.edu,PhD Student,Northern University,northernuni.edu,,Education,SG,docs,referral,quickstart,NULL,Stephen,Okafor,Northern University,PhD Student,singapore,False,NULL,unknown,docs,False,referral,False,quickstart,False,sokafor@northernuni.edu,sokafor@northernuni.edu,work,False,False,True,False,False,https://northernuni.edu,True,,True,False,,false,ambiguous,,false,false
L2080,2026-05-03,Patrick,Thompson,patrickt@streamlyne.io,Staff Engineer,Streamlyne,,11-50,,SG,youtube,video,tutorial-series,,Patrick,thompson,Streamlyne,Staff Engineer,Singapore,False,,unknown,youtube,False,video,False,tutorial-series,False,patrickt@streamlyne.io,patrickt@streamlyne.io,work,False,False,False,False,False,,False,,True,False,,false,ambiguous,,false,false
L1534,2026-06-27,William,Becker,williamb@shipmate.io,Head of MLOps,Shipmate,shipmate.io,201-500,Software,AU,google,cpc,brand-search-q3,Yes,William,Becker,Shipmate,Head of MLOps,AU,False,Yes,true,google,False,cpc,False,brand-search-q3,False,williamb@shipmate.io,williamb@shipmate.io,work,False,False,False,False,False,www.shipmate.io,True,,True,False,,false,verified_in,,false,false
L1697,2026-04-24,Brian,Robinson,brian_robinson@yahoo.com,Platform Engineer,ORBITAL MIND,orbitalmind.ai,201-500,,IN,,,,pending, Brian,Robinson,ORBITAL MIND,Platform Engineer,IN,False,pending,unknown,null,True,null,True,null,True,brian_robinson@yahoo.com,brian_robinson@yahoo.com,freemail,False,False,False,False,False,https://orbitalmind.ai,True,,True,False,,false,ambiguous,,false,false
L2023,2026-04-25,Kathleen,Thompson,kathleen.thompson@quantavision.io,Owner,Quanta Vision,quantavision.io,1-10,AI/ML software,NL,reddit,social,r-machinelearning,TRUE,Kathleen,Thompson,Quanta Vision,Owner,netherlands,False,TRUE,true,reddit,False,social,False,r-machinelearning,False,kathleen.thompson@quantavision.io,kathleen.thompson@quantavision.io,work,False,False,False,False,False,www.quantavision.io,True,,True,False,,true,verified_in,,false,false
L2265,2026-06-24,Jessica,Torres,jessicat@bluebirdtravel.com,"vp, engineering",Bluebird Travel,bluebirdtravel.com,51-200,Travel,ES,docs,referral,quickstart,yes,Jessica,Torres,Bluebird Travel,"vp, engineering",spain,False,yes,true,docs,False,referral,False,quickstart,False,jessicat@bluebirdtravel.com,jessicat@bluebirdtravel.com,work,False,False,False,False,False,www.bluebirdtravel.com,True,,True,False,,true,verified_in,,true,false
L1895,2026-06-06,Rebecca,Ramirez,rebecca.ramirez@gmail.com,Applied Scientist,Voxel Dynamics,voxeldynamics.ai,51-200,AI/ML software,IN,youtube,video,tutorial-series,true, rebecca,Ramirez,Voxel Dynamics, Applied Scientist,IN,False,true,true,youtube,False,video,False,tutorial-series,False,rebecca.ramirez@gmail.com,rebecca.ramirez@gmail.com,freemail,False,False,False,False,False,www.voxeldynamics.ai,True,,True,False,,false,verified_in,,false,true
L1459,2026-05-18,Daniel,Baker,danielb@relaymesh.io,Technologist,Relaymesh,relaymesh.io,,Software,GB,blog,referral,pricing-post,,Daniel,Baker,Relaymesh,Technologist,GB,False,,unknown,blog,False,referral,False,pricing-post,False,danielb@relaymesh.io,danielb@relaymesh.io,work,False,False,False,False,False,www.relaymesh.io,True,,True,False,,false,ambiguous,,false,false
L2529,2026-04-02,Rajesh,Jones,rajesh.jones@luminaml.com,founder/ceo,Lumina ML,luminaml.com,11-50,AI/ML software,SG,google,cpc,brand-search-q3,unknown,Rajesh,Jones,Lumina ML,founder/ceo,Singapore,False,unknown,unknown,google,False,cpc,False,brand-search-q3,False,rajesh.jones@luminaml.com,rajesh.jones@luminaml.com,work,False,False,False,False,False,www.luminaml.com,True,,True,False,,false,ambiguous,,false,false
L2221,2026-05-23,Laura,Adams,laura_adams@icloud.com,Builder,Diffusia,diffusia.io,1-10,,GB,,,,,Laura,Adams,Diffusia,Builder,UK,False,,unknown,test,True,test,True,test-campaign-DELETE,True,laura_adams@icloud.com,laura_adams@icloud.com,freemail,False,False,False,False,False,https://diffusia.io,True,,True,False,,false,ambiguous,,false,false
L1487,2026-04-20,Donald,Scott,scott.donald@harborviewlogistics.com,Marketing Manager,Harborview Logistics,harborviewlogistics.com,201-500,Logistics,BR,producthunt,referral,launch,granted,Donald,Scott,Harborview Logistics,Marketing Manager,Brazil,False,granted,true,producthunt,False,referral,False,launch,False,scott.donald@harborviewlogistics.com,scott.donald@harborviewlogistics.com,work,False,False,False,False,False,www.harborviewlogistics.com,True,,True,False,,false,verified_in,,false,false
L1157,2026-05-01,Gregory,Schmidt,SCHMIDT.GREGORY@APPTIDE.COM,Technologist,Apptide,apptide.com,501-1000,,,google,organic,,unknown,Gregory,Schmidt,Apptide, Technologist,,False,unknown,unknown,google,False,organic,False,,True,SCHMIDT.GREGORY@APPTIDE.COM,schmidt.gregory@apptide.com,work,False,False,False,False,False,www.apptide.com,True,,True,False,,false,ambiguous,,false,false
L1318,2026-05-17,Kimberly,Miller,kimberly_miller@gmail.com,student,Central Polytechnic,centralpoly.edu,,Education,US,google,cpc,gpu-cloud-nonbrand,1,Kimberly,miller,Central Polytechnic,student,united states,False,1,true,google,False,cpc,False,gpu-cloud-nonbrand,False,kimberly_miller@gmail.com,kimberly_miller@gmail.com,freemail,False,False,False,False,False,www.centralpoly.edu,True,,True,False,,false,verified_in,,false,false
L2143,2026-06-02,Stephen,Johnson,sjohnson@mistletoeml.com,DevOps Engineer,Mistletoe ML,,1000+,AI/ML software,CA,reddit,social,r-machinelearning,unknown,Stephen,Johnson  ,Mistletoe ML  ,DevOps Engineer,canada,False,unknown,unknown,reddit,False,social,False,r-machinelearning,False,sjohnson@mistletoeml.com,sjohnson@mistletoeml.com,work,False,False,False,False,False,,False,,True,False,,false,ambiguous,,false,false
L2524,2026-05-22,Edward,Harris,edward.harris@pipelinelabs.io,Business Analyst,,,,,CA,reddit,social,r-machinelearning,NULL,Edward,Harris  ,,Business Analyst,canada,False,NULL,unknown,reddit,False,social,False,r-machinelearning,False,edward.harris@pipelinelabs.io,edward.harris@pipelinelabs.io,work,False,False,False,False,False,,False,,True,False,,false,verified_in,,false,true
L1169,2026-06-20,Mateo,Ramirez,MATEO_RAMIREZ@SUMMITDENTALGROUP.COM,SWE,SUMMIT DENTAL GROUP,summitdentalgroup.com,,Healthcare,FR,facebook,paid,fb_q3,,Mateo,RAMIREZ,SUMMIT DENTAL GROUP,SWE,FR,False,,unknown,FB,False,paid,False,fb_q3,False,MATEO_RAMIREZ@SUMMITDENTALGROUP.COM,mateo_ramirez@summitdentalgroup.com,work,False,False,False,False,False,https://summitdentalgroup.com,True,,True,False,,true,verified_in,,false,false
L1488,2026-05-06,Amy,Kowalski,kowalski.amy@gmail.com,AI Engineer,Axon Research,axonresearch.ai,11-50,AI/ML software,IN,docs,referral,quickstart,NULL,Amy,Kowalski,Axon Research, AI Engineer,India,False,NULL,unknown,docs,False,referral,False,quickstart,False,kowalski.amy@gmail.com,kowalski.amy@gmail.com,freemail,False,False,False,False,False,https://axonresearch.ai,True,,True,False,,false,verified_in,,false,true
L1513,2026-06-10,Olaf,Moore,olafm@roboticsone.ai,HR Manager,RoboticsOne,roboticsone.ai,501-1000,AI/ML software,GB,linkedin,paid_social,serverless-launch,NULL,Olaf,MOORE,RoboticsOne,HR Manager,United Kingdom,False,NULL,unknown,linkedin,False,paid_social,False,serverless-launch,False,olafm@roboticsone.ai,olafm@roboticsone.ai,work,False,False,False,False,False,https://roboticsone.ai,True,,True,False,,false,ambiguous,,false,false
L1051,2026-05-01,Gregory,Hernandez,ghernandez@databarn.io,Social Media Manager,DataBarn,,11-50,Software,US,reddit,social,r-machinelearning,granted,Gregory,Hernandez,DataBarn,Social Media Manager,united states,False,granted,true,reddit,False,social,False,r-machinelearning,False,ghernandez@databarn.io,ghernandez@databarn.io,work,False,False,False,False,False,,False,,True,False,,false,verified_in,,false,false
L1470,2026-06-29,Amara,Scott,ascott@yahoo.com,,Central Polytechnic,centralpoly.edu,1000+,Education,BR,google,cpc,brand-search-q3,,Amara, Scott,Central Polytechnic,,BR,False,,unknown,google,False,cpc,False,brand-search-q3,False,ascott@yahoo.com,ascott@yahoo.com,freemail,False,False,False,False,False,https://centralpoly.edu,True,,True,False,,false,ambiguous,,false,false
L2251,2026-05-06,Kevin,Muller,muller.kevin@paytrellis.com,Senior ML Engineer,PayTrellis,,,Software,GB,youtube,video,tutorial-series,,Kevin,Muller,PayTrellis,Senior ML Engineer,United Kingdom,False,,unknown,youtube,False,video,False,tutorial-series,False,muller.kevin@paytrellis.com,muller.kevin@paytrellis.com,work,False,False,False,False,False,,False,,True,False,,false,ambiguous,,false,false
L1036,2026-05-19,Rebecca,Hill,hill.rebecca@orbitalmind.ai,Machine Learning Engineer,,,,,IN,producthunt,referral,launch,1,Rebecca,Hill,,Machine Learning Engineer,india,False,1,true,producthunt,False,referral,False,launch,False,hill.rebecca@orbitalmind.ai,hill.rebecca@orbitalmind.ai,work,False,False,False,False,False,,False,,True,False,,false,verified_in,,false,false
L2381,2026-04-21,Andrew,Jones,andrew.jones@synapsefoundry.com,Research Scientist,,,,,US,facebook,paid_social,fb_q3,,Andrew,jones,,Research Scientist,USA,False,,unknown,facebook,False,Paid-Social,False,FB_Q3,False,andrew.jones@synapsefoundry.com,andrew.jones@synapsefoundry.com,work,False,False,False,False,False,,False,,True,False,,false,verified_in,,false,false
L2723,2026-05-26,Angela,Martin,angela.martin@bluebirdtravel.com,Financial Analyst,BLUEBIRD TRAVEL,bluebirdtravel.com,51-200,Travel,US,docs,referral,quickstart,unknown,Angela,Martin,BLUEBIRD TRAVEL,Financial Analyst,US,False,unknown,unknown,docs,False,referral,False,quickstart,False,angela.martin@bluebirdtravel.com,angela.martin@bluebirdtravel.com,work,False,False,False,False,False,https://bluebirdtravel.com,True,,True,False,,false,ambiguous,,false,false
L1611,2026-05-19,Mateo,Gonzalez,mateo_gonzalez@summitdentalgroup.com,Marketing Manager,Summit Dental Group,,11-50,,DE,google,cpc,brand-search-q3,no,Mateo  ,GONZALEZ,Summit Dental Group,Marketing Manager,Deutschland,False,no,false,google,False,cpc,False,brand-search-q3,False,mateo_gonzalez@summitdentalgroup.com,mateo_gonzalez@summitdentalgroup.com,work,False,False,False,False,False,,False,,True,False,,true,verified_out,,false,false
L1807,2026-05-07,Andrew,Baker,baker.andrew@modelry.ai,AI Engineer,Modelry,modelry.ai,1-10,,,newsletter,email,weekly-digest,,Andrew,baker,Modelry,AI Engineer,,False,,unknown,newsletter,False,email,False,weekly-digest,False,baker.andrew@modelry.ai,baker.andrew@modelry.ai,work,False,False,False,False,False,https://modelry.ai,True,,True,False,,false,ambiguous,,false,false
L2094,2026-05-28,Linda,Allen,LALLEN@CENTRALPOLY.EDU,Graduate Student,central polytechnic,centralpoly.edu,1000+,Education,JP,newsletter,email,weekly-digest,unknown, Linda,Allen,central polytechnic,Graduate Student,japan,False,unknown,unknown,newsletter,False,email,False,weekly-digest,False,LALLEN@CENTRALPOLY.EDU,lallen@centralpoly.edu,work,False,False,True,False,False,https://centralpoly.edu,True,,True,False,,false,ambiguous,,false,false
L2688,2026-06-29,Matthew,Hoffmann,matthew.hoffmann@legalmind.ai,Senior ML Engineer,LegalMind AI,,201-500,,,,,,,Matthew,Hoffmann,LegalMind AI, Senior ML Engineer,,False,,unknown,null,True,null,True,null,True,matthew.hoffmann@legalmind.ai,matthew.hoffmann@legalmind.ai,work,False,False,False,False,False,,False,,True,False,,false,verified_in,,false,false
L2909,2026-06-02,Christine,King,christinek+1@securexsystems.com,Computer Vision Engineer,Securex Systems,,1-10,,BR,google,cpc,brand-search-q3,, Christine, King,Securex Systems  ,Computer Vision Engineer,BR,False,,unknown,google,False,cpc,False,brand-search-q3,False,christinek+1@securexsystems.com,christinek+1@securexsystems.com,work,False,False,False,False,False,,False,,True,False,,false,verified_in,,false,true
L1650,2026-05-15,Amara,Weber,amara_weber@agentstack.dev,NLP Engineer,AgentStack,agentstack.dev,,AI/ML software,CA,newsletter,email,weekly-digest,,Amara, weber,AgentStack, NLP Engineer,CA,False,,unknown,newsletter,False,email,False,weekly-digest,False,amara_weber@agentstack.dev,amara_weber@agentstack.dev,work,False,False,False,False,False,https://agentstack.dev,True,,True,False,,false,ambiguous,,false,false
L2587,2026-04-19,Zara,Park,zarap@outlook.com,Sr. Data Scientist,Quantum Nails Salon,quantumnails.com,51-200,Beauty,GB,google,cpc,gpu-cloud-nonbrand,,ZARA,Park,Quantum Nails Salon,Sr. Data Scientist,UK,False,,unknown,google,False,cpc,False,gpu-cloud-nonbrand,False,zarap@outlook.com,zarap@outlook.com,freemail,False,False,False,False,False,https://quantumnails.com,True,,True,False,,false,ambiguous,,false,false
L2535,2026-05-14,Chris,Rivera,chris_rivera@tensorloop.io,CTO,TensorLoop,tensorloop.io,51-200,,CA,twitter,social,launch-week,,chris,Rivera,TensorLoop,CTO,CA,False,,unknown,twitter,False,social,False,launch-week,False,chris_rivera@tensorloop.io,chris_rivera@tensorloop.io,work,False,False,False,False,False,https://tensorloop.io,True,,True,False,,false,verified_out,,false,false
L1599,2026-05-22,Ryan,Baker,rbaker@gridforge.cloud,CEO,GRIDFORGE CLOUD,gridforge.cloud,201-500,,BR,youtube,video,tutorial-series,TRUE,Ryan,Baker,GRIDFORGE CLOUD,CEO,Brazil,False,TRUE,true,youtube,False,video,False,tutorial-series,False,rbaker@gridforge.cloud,rbaker@gridforge.cloud,work,True,False,False,False,False,www.gridforge.cloud,True,,True,False,,false,verified_in,,false,false
L1140,2026-05-27,Gregory,Jones,gregory_jones@quantavision.io,Senior ML Engineer,QUANTA VISION,,1-10,AI/ML software,US,google,cpc,brand-search-q3,unknown,Gregory,Jones,QUANTA VISION,Senior ML Engineer,USA,False,unknown,unknown,google,False,cpc,False,brand-search-q3,False,gregory_jones@quantavision.io,gregory_jones@quantavision.io,work,False,False,False,False,False,,False,,True,False,,false,verified_in,,false,false
L2059,2026-05-23,David,Flores,davidf@instech.edu,PhD Student,,,,,IN,github,referral,docs-cta,,David,Flores,,PhD Student,India,False,,unknown,github,False,referral,False,docs-cta,False,davidf@instech.edu,davidf@instech.edu,work,False,False,True,False,False,,False,,True,False,,false,ambiguous,,false,false
L1634,2026-06-01,Ronald,Ali,ronalda@modelry.ai,,Modelry,modelry.ai,1-10,,SG,twitter,social,launch-week,,ronald  ,Ali,Modelry,,SG,False,,unknown,twitter,False,social,False,launch-week,False,ronalda@modelry.ai,ronalda@modelry.ai,work,False,False,False,False,False,www.modelry.ai,True,,True,False,,false,ambiguous,,false,false
L2560,2026-05-28,Debra,Singh,debra.singh@evalhouse.ai,MLOps Engineer,EvalHouse,evalhouse.ai,1-10,AI/ML software,CA,newsletter,email,weekly-digest,yes,Debra,Singh,EvalHouse,MLOps Engineer,Canada,False,yes,true,newsletter,False,email,False,weekly-digest,False,debra.singh@evalhouse.ai,debra.singh@evalhouse.ai,work,False,False,False,False,False,www.evalhouse.ai,True,,True,False,,false,verified_in,,false,false
L1744,2026-04-03,Hans,Kowalski,hkowalski@apptide.com,Senior ML Engineer,Apptide,apptide.com,501-1000,,BR,blog,referral,pricing-post,true,Hans,Kowalski  ,Apptide,Senior ML Engineer,brazil,False,true,true,blog,False,referral,False,pricing-post,False,hkowalski@apptide.com,hkowalski@apptide.com,work,False,False,False,False,False,https://apptide.com,True,,True,False,,false,verified_in,,false,false
L1862,2026-06-19,Donna,Thomas,thomas.donna@apexautoparts.com,Executive Assistant,Apex Auto Parts,apexautoparts.com,201-500,Automotive,,linkedin,paid_social,serverless-launch,unknown,Donna,Thomas,Apex Auto Parts,Executive Assistant,,False,unknown,unknown,linkedin,False,paid_social,False,serverless-launch,False,thomas.donna@apexautoparts.com,thomas.donna@apexautoparts.com,work,False,False,False,False,False,www.apexautoparts.com,True,,True,False,,false,ambiguous,,false,false
L1625,2026-05-04,Linda,Johnson,LINDAJ@SYNTHWORKS.AI,Head of AI,synthworks ai,,11-50,,US,,,,unknown,Linda,Johnson,synthworks ai,Head of AI,US,False,unknown,unknown,undefined,True,undefined,True,,True,LINDAJ@SYNTHWORKS.AI,lindaj@synthworks.ai,work,False,False,False,False,False,,False,,True,False,,false,verified_in,,false,true
L1530,2026-06-16,Anna,Schulz,annas@cornerstoneins.com,Project Manager,,,,,GB,google,cpc,brand-search-q3,pending,ANNA,Schulz,,Project Manager  ,GB,False,pending,unknown,google,False,cpc,False,brand-search-q3,False,annas@cornerstoneins.com,annas@cornerstoneins.com,work,False,False,False,False,False,,False,,True,False,,false,verified_in,,false,true
L1617,2026-06-11,Robert,Miller,ROBERT.MILLER@HARBORVIEWLOGISTICS.COM,Independent Consultant,Harborview Logistics,harborviewlogistics.com,201-500,Logistics,PL,newsletter,email,weekly-digest,true,Robert,Miller,Harborview Logistics,Independent Consultant,Poland,False,true,true,newsletter,False,email,False,weekly-digest,False,ROBERT.MILLER@HARBORVIEWLOGISTICS.COM,robert.miller@harborviewlogistics.com,work,False,False,False,False,False,https://harborviewlogistics.com,True,,True,False,,true,verified_in,,false,false
L1581,2026-05-28,Cynthia,Fischer,fischer.cynthia@vectorly.ai,Senior ML Engineer,Vectorly AI,vectorly.ai,11-50,,DE,,,,true,Cynthia,FISCHER,Vectorly AI,Senior ML Engineer,DE,False,true,true,test,True,test,True,test-campaign-DELETE,True,fischer.cynthia@vectorly.ai,fischer.cynthia@vectorly.ai,work,False,False,False,False,False,https://vectorly.ai,True,,True,False,,true,verified_in,,false,false
L1207,2026-06-17,Sarah,Adams,ADAMS.SARAH@EVALHOUSE.AI,,EvalHouse,evalhouse.ai,1-10,AI/ML software,AU,google,cpc,gpu-cloud-nonbrand,unknown,Sarah,Adams,EvalHouse,,australia,False,unknown,unknown,google,False,cpc,False,gpu-cloud-nonbrand,False,ADAMS.SARAH@EVALHOUSE.AI,adams.sarah@evalhouse.ai,work,False,False,False,False,False,https://evalhouse.ai,True,,True,False,,false,ambiguous,,false,false
L1667,2026-04-07,Barbara,Keller,barbarak@cascade-ai.com,VP of AI Infrastructure,Cascade AI,cascade-ai.com,51-200,,SE,facebook,paid,fb_q3,1,barbara,Keller,Cascade AI,VP of AI Infrastructure,SE,False,1,true,FB,False,paid,False,fb_q3,False,barbarak@cascade-ai.com,barbarak@cascade-ai.com,work,False,False,False,False,False,www.cascade-ai.com,True,,True,False,,true,verified_in,,false,false
L1787,2026-04-14,Daniel,Moore,dmoore@cornerstoneins.com,Marketing Manager,Cornerstone Insurance,cornerstoneins.com,11-50,,CA,newsletter,email,weekly-digest,TRUE,Daniel,Moore,Cornerstone Insurance,Marketing Manager,CA,False,TRUE,true,newsletter,False,email,False,weekly-digest,False,dmoore@cornerstoneins.com,dmoore@cornerstoneins.com,work,False,False,False,False,False,www.cornerstoneins.com,True,,True,False,,false,verified_in,,false,false
L1539,2026-04-28,Pamela,Torres,pamelat@paytrellis.com,Infrastructure Engineer,paytrellis,paytrellis.com,51-200,Software,IN,youtube,video,tutorial-series,opted_in,Pamela,TORRES,paytrellis,Infrastructure Engineer,India,False,opted_in,true,youtube,False,video,False,tutorial-series,False,pamelat@paytrellis.com,pamelat@paytrellis.com,work,False,False,False,False,False,www.paytrellis.com,True,,True,False,,false,verified_in,,false,false
L1004,2026-05-03,Samuel,White,SAMUEL.WHITE@STACKLINESOFTWARE.COM,Consultant,Stackline Software,stacklinesoftware.com,11-50,Software,SG,google,cpc,brand-search-q3,pending,SAMUEL,White,Stackline Software,Consultant,SG,False,pending,unknown,google,False,cpc,False,brand-search-q3,False,SAMUEL.WHITE@STACKLINESOFTWARE.COM,samuel.white@stacklinesoftware.com,work,False,False,False,False,False,https://stacklinesoftware.com,True,samuel.white@stacklinesoftware.com,True,False,,false,verified_in,,false,true
L2202,2026-04-26,Janet,Campbell,jcampbell@inferralabs.com,software engineer,Inferra Labs,inferralabs.com,1000+,,FR,linkedin,paid_social,serverless-launch,granted,Janet,Campbell,Inferra Labs, software engineer,FR,False,granted,true,linkedin,False,paid_social,False,serverless-launch,False,jcampbell@inferralabs.com,jcampbell@inferralabs.com,work,False,False,False,False,False,https://inferralabs.com,True,,True,False,,true,verified_in,,false,false
L1527,2026-05-04,Lisa,Johansson,johansson.lisa@voiceforge.ai,software engineer,VoiceForge,voiceforge.ai,,AI/ML software,IN,google,cpc,gpu-cloud-nonbrand,,Lisa,johansson,VoiceForge,software engineer,IN,False,,unknown,google,False,cpc,False,gpu-cloud-nonbrand,False,johansson.lisa@voiceforge.ai,johansson.lisa@voiceforge.ai,work,False,False,False,False,False,www.voiceforge.ai,True,,True,False,,false,ambiguous,,false,false
L2166,2026-04-10,Edward,Harris,edward_harris@roboticsone.ai,NLP Engineer,RoboticsOne,roboticsone.ai,501-1000,AI/ML software,SG,producthunt,referral,launch,,Edward,HARRIS,RoboticsOne,NLP Engineer,SG,False,,unknown,producthunt,False,referral,False,launch,False,edward_harris@roboticsone.ai,edward_harris@roboticsone.ai,work,False,False,False,False,False,www.roboticsone.ai,True,,True,False,,false,verified_in,,false,false
L2644,2026-04-15,Helen,Weber,hweber@legalmind.ai,SVP Engineering,LegalMind AI,legalmind.ai,201-500,AI/ML software,SG,linkedin,paid_social,serverless-launch,,Helen,Weber  ,LegalMind AI,SVP Engineering,Singapore,False,,unknown,linkedin,False,paid_social,False,serverless-launch,False,hweber@legalmind.ai,hweber@legalmind.ai,work,False,False,False,False,False,https://legalmind.ai,True,,True,False,,false,verified_in,,false,false
L1844,2026-04-23,Patrick,Torres,patrickt@corticon.ai,Data Scientist,Corticon AI,corticon.ai,501-1000,AI/ML software,NL,google,organic,,TRUE,Patrick,Torres,Corticon AI,Data Scientist,netherlands,False,TRUE,true,google,False,organic,False,,True,patrickt@corticon.ai,patrickt@corticon.ai,work,False,False,False,False,False,https://corticon.ai,True,,True,False,,true,verified_in,,false,false
L1739,2026-06-27,Jessica,Chen,jessica_chen@signalfold.com,Chief Technology Officer,Signalfold,signalfold.com,1000+,AI/ML software,AU,producthunt,referral,launch,,Jessica,Chen,Signalfold,Chief Technology Officer,australia,False,,unknown,producthunt,False,referral,False,launch,False,jessica_chen@signalfold.com,jessica_chen@signalfold.com,work,False,False,False,False,False,https://signalfold.com,True,,True,False,,false,ambiguous,,false,false
L1221,2026-05-05,Richard,Martin,richard_martin@mistletoeml.com,Advisor,Mistletoe ML,mistletoeml.com,1000+,AI/ML software,CA,google,cpc,brand-search-q3,,Richard,Martin,Mistletoe ML,Advisor,CA,False,,unknown,google,False,cpc,False,brand-search-q3,False,richard_martin@mistletoeml.com,richard_martin@mistletoeml.com,work,False,False,False,False,False,https://mistletoeml.com,True,,True,False,,false,verified_in,,false,false
L1258,2026-05-13,Astrid,Sato,asato@synthworks.ai,Senior Software Engineer,SynthWorks AI,,11-50,AI/ML software,JP,docs,referral,quickstart,NULL,ASTRID,Sato, SynthWorks AI,Senior Software Engineer,japan,False,NULL,unknown,docs,False,referral,False,quickstart,False,asato@synthworks.ai,asato@synthworks.ai,work,False,False,False,False,False,,False,,True,False,,false,ambiguous,,false,false
L1628,2026-04-28,Pamela,Muller,pamelam@roboticsone.ai,Founder & CEO,RoboticsOne,roboticsone.ai,501-1000,AI/ML software,IE,,,,pending,Pamela,Muller, RoboticsOne,Founder & CEO,ireland,False,pending,unknown,test,True,test,True,test-campaign-DELETE,True,pamelam@roboticsone.ai,pamelam@roboticsone.ai,work,False,False,False,False,False,https://roboticsone.ai,True,,True,False,,true,ambiguous,EU / Consent Verification Needed,false,false
L1514,2026-06-09,Jennifer,Flores,jennifer.flores@gmail.com,Machine Learning Engineer,Securex Systems,securexsystems.com,1-10,Software,BR,youtube,video,tutorial-series,TRUE,jennifer,Flores,Securex Systems,Machine Learning Engineer,brazil,False,TRUE,true,youtube,False,video,False,tutorial-series,False,jennifer.flores@gmail.com,jennifer.flores@gmail.com,freemail,False,False,False,False,False,https://securexsystems.com,True,,True,False,,false,verified_in,,false,false
L2569,2026-04-25,Benjamin,Jackson,bjackson@promptline.ai,AI Engineer,promptline,promptline.ai,11-50,AI/ML software,IE,github,referral,docs-cta,unknown,Benjamin,Jackson,promptline,AI Engineer,IE,False,unknown,unknown,github,False,referral,False,docs-cta,False,bjackson@promptline.ai,bjackson@promptline.ai,work,False,False,False,False,False,https://promptline.ai,True,,True,False,,true,ambiguous,EU / Consent Verification Needed,false,false
L1592,2026-06-09,Laura,Rossi,laura.rossi@relaymesh.io,"vp, engineering",Relaymesh,relaymesh.io,51-200,,DE,linkedin,paid_social,serverless-launch,false,laura,Rossi,Relaymesh,"vp, engineering",Germany,False,false,false,linkedin,False,paid_social,False,serverless-launch,False,laura.rossi@relaymesh.io,laura.rossi@relaymesh.io,work,False,False,False,False,False,www.relaymesh.io,True,,True,False,,true,verified_out,,false,false
L1113,2026-04-06,Sandra,Sanchez,sandra.sanchez@copilothealth.ai,software engineer,Copilot Health AI,copilothealth.ai,1-10,AI/ML software,JP,docs,referral,quickstart,NULL,Sandra,Sanchez,Copilot Health AI,software engineer,JP,False,NULL,unknown,docs,False,referral,False,quickstart,False,sandra.sanchez@copilothealth.ai,sandra.sanchez@copilothealth.ai,work,False,False,False,False,False,www.copilothealth.ai,True,,True,False,,false,ambiguous,,false,false
L2538,2026-05-08,Zara,Miller,zaram@icloud.com,Postdoc,CENTRAL POLYTECHNIC,centralpoly.edu,1000+,Education,CA,producthunt,referral,launch,opted_in,zara,Miller,CENTRAL POLYTECHNIC,Postdoc,Canada,False,opted_in,true,producthunt,False,referral,False,launch,False,zaram@icloud.com,zaram@icloud.com,freemail,False,False,False,False,False,https://centralpoly.edu,True,,True,False,,false,verified_in,,true,false
L1301,2026-04-18,Rebecca,Andersson,rebeccaa@gmail.com,Customer Success Manager,Nimbus ERP,,1000+,Software,IN,linkedin,paid_social,serverless-launch,unknown,Rebecca,Andersson,Nimbus ERP  ,Customer Success Manager,India,False,unknown,unknown,linkedin,False,paid_social,False,serverless-launch,False,rebeccaa@gmail.com,rebeccaa@gmail.com,freemail,False,False,False,False,False,,False,,True,False,,false,ambiguous,,false,false
L2730,2026-04-27,Nicole,Larsen,nicole.larsen@yahoo.com,Graduate Student,State University,stateuniv.edu,1000+,Education,IN,reddit,social,r-machinelearning,,Nicole,Larsen,State University,Graduate Student,India,False,,unknown,reddit,False,social,False,r-machinelearning,False,nicole.larsen@yahoo.com,nicole.larsen@yahoo.com,freemail,False,False,False,False,False,www.stateuniv.edu,True,,True,False,,false,verified_in,,true,false
L2548,2026-06-13,Nicole,Wright,wright.nicole@paytrellis.com,SWE,PayTrellis,paytrellis.com,51-200,Software,AU,docs,referral,quickstart,NULL,Nicole,wright,PayTrellis,SWE  ,australia,False,NULL,unknown,docs,False,referral,False,quickstart,False,wright.nicole@paytrellis.com,wright.nicole@paytrellis.com,work,False,False,False,False,False,www.paytrellis.com,True,,True,False,,false,ambiguous,,false,false
L1721,2026-04-22,Angela,Fischer,afischer@cornerstoneins.com,Fractional CTO,CORNERSTONE INSURANCE,,11-50,,US,reddit,social,r-machinelearning,,ANGELA,Fischer,CORNERSTONE INSURANCE,Fractional CTO,U.S.,False,,unknown,reddit,False,social,False,r-machinelearning,False,afischer@cornerstoneins.com,afischer@cornerstoneins.com,work,False,False,False,False,False,,False,,True,False,,false,ambiguous,,false,false
L1289,2026-04-07,Anthony,Jackson,jackson.anthony@neuralight.io,ML Engineer,NEURALIGHT,,201-500,AI/ML software,GB,docs,referral,quickstart,,Anthony,Jackson, NEURALIGHT,ML Engineer,UK,False,,unknown,docs,False,referral,False,quickstart,False,jackson.anthony@neuralight.io,jackson.anthony@neuralight.io,work,False,False,False,False,False,,False,,True,False,,false,verified_in,,true,false
L1900,2026-06-03,Stephen,Ali,stephen.ali@ledgerworks.com,Business Analyst,LEDGERWORKS,,51-200,Software,IN,facebook,paid,fb_q3,, Stephen,Ali, LEDGERWORKS,Business Analyst,India,False,,unknown,FB,False,paid,False,fb_q3,False,stephen.ali@ledgerworks.com,stephen.ali@ledgerworks.com,work,False,False,False,False,False,,False,,True,False,,false,ambiguous,,false,false
L2217,2026-05-29,Jessica,Anderson,jessica.anderson@synthworks.ai,Recruiter,SynthWorks AI,synthworks.ai,11-50,AI/ML software,IN,youtube,video,tutorial-series,Yes,Jessica,Anderson,SynthWorks AI,Recruiter,India,False,Yes,true,youtube,False,video,False,tutorial-series,False,jessica.anderson@synthworks.ai,jessica.anderson@synthworks.ai,work,False,False,False,False,False,www.synthworks.ai,True,,True,False,,false,verified_in,,false,false
L1570,2026-04-22,Kwame,Brown,kwame.brown@peakfitnessstudios.com,Principal,Peak Fitness Studios,peakfitnessstudios.com,,Fitness,ES,github,referral,docs-cta,unknown,Kwame,Brown,Peak Fitness Studios,Principal,España,False,unknown,unknown,github,False,referral,False,docs-cta,False,kwame.brown@peakfitnessstudios.com,kwame.brown@peakfitnessstudios.com,work,False,False,False,False,False,https://peakfitnessstudios.com,True,,True,False,,true,ambiguous,EU / Consent Verification Needed,false,false
L2642,2026-06-02,Jonathan,Novak,jonathann@cascade-ai.com,Founder,Cascade AI,cascade-ai.com,51-200,AI/ML software,IN,twitter,social,launch-week,1,Jonathan,Novak,Cascade AI,Founder,India,False,1,true,twitter,False,social,False,launch-week,False,jonathann@cascade-ai.com,jonathann@cascade-ai.com,work,False,False,False,False,False,https://cascade-ai.com,True,,True,False,,false,verified_in,,false,false
L2519,2026-05-09,Benjamin,Sanchez,sanchez.benjamin@shipmate.io,CEO,shipmate,shipmate.io,,,,,,,unknown,Benjamin,Sanchez,shipmate,CEO,,False,unknown,unknown,{{utm_source}},True,{{utm_medium}},True,{{utm_campaign}},True,sanchez.benjamin@shipmate.io,sanchez.benjamin@shipmate.io,work,False,False,False,False,False,https://shipmate.io,True,,True,False,,false,ambiguous,,false,false
L1557,2026-06-18,Barbara,Rivera,brivera@roboticsone.ai,,RoboticsOne,roboticsone.ai,501-1000,AI/ML software,AU,docs,referral,quickstart,Yes,BARBARA,Rivera,RoboticsOne,,Australia,False,Yes,true,docs,False,referral,False,quickstart,False,brivera@roboticsone.ai,brivera@roboticsone.ai,work,False,False,False,False,False,www.roboticsone.ai,True,,True,False,,false,verified_in,,false,false
L1730,2026-05-20,Rebecca,Hernandez,rebecca_hernandez@yahoo.com,PhD Candidate,,,,,CA,linkedin,paid_social,serverless-launch,NULL,Rebecca,Hernandez,,PhD Candidate,Canada,False,NULL,unknown,linkedin,False,paid_social,False,serverless-launch,False,rebecca_hernandez@yahoo.com,rebecca_hernandez@yahoo.com,freemail,False,False,False,False,False,,False,,True,False,,false,ambiguous,,false,false
L1526,2026-06-28,Mateo,Weber,mateo.weber@cornerstoneins.com,Operations Manager,Cornerstone Insurance,cornerstoneins.com,11-50,,IN,,,,NULL,mateo  ,Weber,Cornerstone Insurance,Operations Manager,india,False,NULL,unknown,(direct),True,(none),True,,True,mateo.weber@cornerstoneins.com,mateo.weber@cornerstoneins.com,work,False,False,False,False,False,www.cornerstoneins.com,True,,True,False,,false,ambiguous,,false,false
L2216,2026-06-01,Pamela,Harris,pharris@cloudspan.dev,Backend Engineer,Cloudspan,cloudspan.dev,,Software,US,producthunt,referral,launch,unknown,Pamela,Harris,Cloudspan,Backend Engineer  ,USA,False,unknown,unknown,producthunt,False,referral,False,launch,False,pharris@cloudspan.dev,pharris@cloudspan.dev,work,False,False,False,False,False,https://cloudspan.dev,True,,True,False,,false,verified_in,,false,false
L2200,2026-04-27,Barbara,King,bking@greenleaflandscaping.com,Recruiter,GREENLEAF LANDSCAPING,,,Services,SG,facebook,cpc,fb-q3-conversions,, Barbara,KING,GREENLEAF LANDSCAPING,Recruiter,Singapore,False,,unknown,Facebook Ads,False,cpc,False,fb-q3-conversions,False,bking@greenleaflandscaping.com,bking@greenleaflandscaping.com,work,False,False,False,False,False,,False,,True,False,,false,ambiguous,,false,false
L2042,2026-04-13,Stephen,Sharma,stephens@cascade-ai.com,CTO,cascade ai,cascade-ai.com,51-200,AI/ML software,SE,google,cpc,brand-search-q3,TRUE,Stephen,Sharma,cascade ai,CTO,sweden,False,TRUE,true,google,False,cpc,False,brand-search-q3,False,stephens@cascade-ai.com,stephens@cascade-ai.com,work,False,False,False,False,False,https://cascade-ai.com,True,,True,False,,true,verified_in,,false,false
L1585,2026-06-03,Samuel,Wright,samuel.wright@signalfold.com,,Signalfold,signalfold.com,1000+,AI/ML software,GB,youtube,video,tutorial-series,pending,Samuel,Wright,Signalfold,,United Kingdom,False,pending,unknown,youtube,False,video,False,tutorial-series,False,samuel.wright@signalfold.com,samuel.wright@signalfold.com,work,False,False,False,False,False,www.signalfold.com,True,,True,False,,false,ambiguous,,false,false
L2079,2026-04-23,Edward,Hernandez,edward.hernandez@proton.me,Chief Technology Officer,Apex Auto Parts,apexautoparts.com,,,GB,facebook,cpc,fb-q3-conversions,true, EDWARD,Hernandez,Apex Auto Parts,Chief Technology Officer,UK,False,true,true,Facebook Ads,False,cpc,False,fb-q3-conversions,False,edward.hernandez@proton.me,edward.hernandez@proton.me,freemail,False,False,False,False,False,https://apexautoparts.com,True,,True,False,,false,verified_in,,false,false
L1170,2026-05-09,Amara,Hoffmann,ahoffmann@evalhouse.ai,"vp, engineering",EvalHouse,evalhouse.ai,,AI/ML software,SE,youtube,video,tutorial-series,yes, Amara,Hoffmann,EvalHouse,"vp, engineering  ",sweden,False,yes,true,youtube,False,video,False,tutorial-series,False,ahoffmann@evalhouse.ai,ahoffmann@evalhouse.ai,work,False,False,False,False,False,https://evalhouse.ai,True,,True,False,,true,verified_in,,false,true
L2706,2026-06-21,Robert,Becker,becker.robert@voiceforge.ai,Applied Scientist,VoiceForge,voiceforge.ai,51-200,AI/ML software,GB,reddit,social,r-machinelearning,,Robert,Becker,VoiceForge,Applied Scientist  ,UK,False,,unknown,reddit,False,social,False,r-machinelearning,False,becker.robert@voiceforge.ai,becker.robert@voiceforge.ai,work,False,False,False,False,False,www.voiceforge.ai,True,,True,False,,false,verified_in,,false,false
L2436,2026-06-30,Amara,Rossi,AROSSI@ROBOTICSONE.AI,SVP Engineering,RoboticsOne,roboticsone.ai,501-1000,AI/ML software,DE,twitter,social,launch-week,opted_in,Amara, Rossi,RoboticsOne, SVP Engineering,DEU,False,opted_in,true,twitter,False,social,False,launch-week,False,AROSSI@ROBOTICSONE.AI,arossi@roboticsone.ai,work,False,False,False,False,False,www.roboticsone.ai,True,,True,False,,true,verified_in,,false,false
L2651,2026-06-29,David,Muller,muller.david@signalfold.com,sre,signalfold,signalfold.com,1000+,AI/ML software,NL,docs,referral,quickstart,unsubscribed,DAVID,Muller,signalfold,sre,Netherlands,False,unsubscribed,false,docs,False,referral,False,quickstart,False,muller.david@signalfold.com,muller.david@signalfold.com,work,False,False,False,False,False,https://signalfold.com,True,,True,False,,true,verified_out,,false,false
L1669,2026-05-01,George,Green,GEORGE.GREEN@AGENTSTACK.DEV,SVP Engineering,AgentStack,agentstack.dev,1000+,AI/ML software,SE,,,,TRUE,GEORGE,Green,AgentStack,SVP Engineering,sweden,False,TRUE,true,undefined,True,undefined,True,,True,GEORGE.GREEN@AGENTSTACK.DEV,george.green@agentstack.dev,work,False,False,False,False,False,www.agentstack.dev,True,,True,False,,true,verified_in,,false,false
L2188,2026-05-24,Emma,Young,emmay@orbitalmind.ai,Technologist,Orbital Mind,orbitalmind.ai,201-500,,US,github,referral,docs-cta,,Emma,Young,Orbital Mind,Technologist,US,False,,unknown,github,False,referral,False,docs-cta,False,emmay@orbitalmind.ai,emmay@orbitalmind.ai,work,False,False,False,False,False,www.orbitalmind.ai,True,,True,False,,false,ambiguous,,false,false
L2705,2026-04-06,Frank,Robinson,frank_robinson@quantumnails.com,Product Marketing Manager,Quantum Nails Salon,quantumnails.com,51-200,,ES,google,cpc,brand-search-q3,,frank,Robinson,Quantum Nails Salon,Product Marketing Manager,spain,False,,unknown,google,False,cpc,False,brand-search-q3,False,frank_robinson@quantumnails.com,frank_robinson@quantumnails.com,work,False,False,False,False,False,www.quantumnails.com,True,,True,False,,true,verified_out,,false,false
L1773,2026-05-04,Wei,Schulz,wei.schulz@voxeldynamics.ai,Owner,Voxel Dynamics,voxeldynamics.ai,51-200,,JP,docs,referral,quickstart,,Wei,Schulz, Voxel Dynamics,Owner,japan,False,,unknown,docs,False,referral,False,quickstart,False,wei.schulz@voxeldynamics.ai,wei.schulz@voxeldynamics.ai,work,False,False,False,False,False,https://voxeldynamics.ai,True,,True,False,,false,ambiguous,,false,false
L2241,2026-04-29,Jacob,Keller,jacob_keller@neuralight.io,Staff Engineer,Neuralight,neuralight.io,201-500,AI/ML software,JP,google,cpc,gpu-cloud-nonbrand,opted_in,Jacob, Keller,Neuralight,Staff Engineer,JP,False,opted_in,true,google,False,cpc,False,gpu-cloud-nonbrand,False,jacob_keller@neuralight.io,jacob_keller@neuralight.io,work,False,False,False,False,False,https://neuralight.io,True,,True,False,,false,verified_in,,false,false
L1525,2026-06-15,Rebecca,Wilson,rebecca_wilson@promptline.ai,Head of Engineering,Promptline,promptline.ai,11-50,AI/ML software,FR,linkedin,paid_social,serverless-launch,1,Rebecca,Wilson,Promptline,Head of Engineering,France,False,1,true,linkedin,False,paid_social,False,serverless-launch,False,rebecca_wilson@promptline.ai,rebecca_wilson@promptline.ai,work,False,False,False,False,False,https://promptline.ai,True,,True,False,,true,verified_in,,true,false
L1555,2026-06-27,Laura,Wilson,lwilson@proton.me,Product Marketing Manager,metricshub,,1000+,Software,GB,google,organic,,,Laura,Wilson,metricshub, Product Marketing Manager,GB,False,,unknown,google,False,organic,False,,True,lwilson@proton.me,lwilson@proton.me,freemail,False,False,False,False,False,,False,,True,False,,false,verified_out,,false,false
L2564,2026-06-26,Betty,Lewis,bettyl@luminaml.com,ML Engineer,Lumina ML,luminaml.com,,AI/ML software,SE,google,cpc,brand-search-q3,Yes,Betty,Lewis,Lumina ML,ML Engineer,sweden,False,Yes,true,google,False,cpc,False,brand-search-q3,False,bettyl@luminaml.com,bettyl@luminaml.com,work,False,False,False,False,False,https://luminaml.com,True,,True,False,,true,verified_in,,false,true
L1215,2026-06-28,Kimberly,Wilson,kimberly_wilson@maplegrovebakery.com,Marketing Manager,maple grove bakery,maplegrovebakery.com,1-10,,FR,google,organic,,NULL,Kimberly,Wilson, maple grove bakery, Marketing Manager,FR,False,NULL,unknown,google,False,organic,False,,True,kimberly_wilson@maplegrovebakery.com,kimberly_wilson@maplegrovebakery.com,work,False,False,False,False,False,www.maplegrovebakery.com,True,kimberly_wilson@maplegrovebakery.com,True,True,job_title,true,ambiguous,EU / Consent Verification Needed,false,false
L2708,2026-05-05,Brian,Smith,brian_smith@shipmate.io,Head of Engineering,Shipmate,shipmate.io,201-500,Software,JP,docs,referral,quickstart,,Brian,Smith,Shipmate,Head of Engineering  ,Japan,False,,unknown,docs,False,referral,False,quickstart,False,brian_smith@shipmate.io,brian_smith@shipmate.io,work,False,False,False,False,False,https://shipmate.io,True,,True,False,,false,verified_in,,false,true
L2297,2026-04-21,Scott,Rodriguez,rodriguez.scott@stacklinesoftware.com,Deep Learning Engineer,STACKLINE SOFTWARE,stacklinesoftware.com,11-50,,,newsletter,email,weekly-digest,,scott,RODRIGUEZ,STACKLINE SOFTWARE,Deep Learning Engineer,,False,,unknown,newsletter,False,email,False,weekly-digest,False,rodriguez.scott@stacklinesoftware.com,rodriguez.scott@stacklinesoftware.com,work,False,False,False,False,False,https://stacklinesoftware.com,True,,True,False,,false,ambiguous,,false,false
L2440,2026-06-21,Amara,Allen,amaraa@apptide.com,Sales Development Rep,APPTIDE,apptide.com,501-1000,Software,JP,github,referral,docs-cta,Yes,amara,Allen,APPTIDE,Sales Development Rep,JP,False,Yes,true,github,False,referral,False,docs-cta,False,amaraa@apptide.com,amaraa@apptide.com,work,False,False,False,False,False,www.apptide.com,True,,True,False,,false,verified_in,,false,false
L1682,2026-06-18,Carol,Thompson,carolt@finetunelabs.com,Director of AI,Finetune Labs,,1-10,AI/ML software,IN,linkedin,paid_social,serverless-launch,unknown,CAROL,Thompson,Finetune Labs,Director of AI,india,False,unknown,unknown,linkedin,False,paid_social,False,serverless-launch,False,carolt@finetunelabs.com,carolt@finetunelabs.com,work,False,False,False,False,False,,False,,True,False,,false,ambiguous,,false,false
L1503,2026-06-22,Zara,Thomas,zarat@modelry.ai,Consultant,Modelry,modelry.ai,,,CA,blog,referral,pricing-post,pending,Zara,Thomas,Modelry,Consultant,CA,False,pending,unknown,blog,False,referral,False,pricing-post,False,zarat@modelry.ai,zarat@modelry.ai,work,False,False,False,False,False,https://modelry.ai,True,,True,False,,false,verified_out,,false,false
L1239,2026-06-18,Ryan,Gonzalez,ryan_gonzalez@apexautoparts.com,Director of Infrastructure,,,,,GB,blog,referral,pricing-post,yes,Ryan  ,Gonzalez,,Director of Infrastructure,UK,False,yes,true,blog,False,referral,False,pricing-post,False,ryan_gonzalez@apexautoparts.com,ryan_gonzalez@apexautoparts.com,work,False,False,False,False,False,,False,,True,False,,false,verified_in,,false,false
L1262,2026-04-01,Kenneth,Sharma,kenneth_sharma@instech.edu,Hobbyist,Institute of Technology,instech.edu,1000+,Education,BR,producthunt,referral,launch,yes,KENNETH,Sharma,Institute of Technology,Hobbyist,Brazil,False,yes,true,producthunt,False,referral,False,launch,False,kenneth_sharma@instech.edu,kenneth_sharma@instech.edu,work,False,False,True,False,False,www.instech.edu,True,,True,False,,false,verified_in,,false,false
L1313,2026-06-04,Anthony,Schmidt,aschmidt@evalhouse.ai,,EvalHouse,evalhouse.ai,1-10,AI/ML software,,youtube,video,tutorial-series,NULL,Anthony,Schmidt,EvalHouse,,,False,NULL,unknown,youtube,False,video,False,tutorial-series,False,aschmidt@evalhouse.ai,aschmidt@evalhouse.ai,work,False,False,False,False,False,www.evalhouse.ai,True,,True,False,,false,verified_in,,false,false
L1797,2026-04-18,Pamela,Wright,pwright@hotmail.com,Head of Platform,Neuralight,neuralight.io,201-500,,AU,blog,referral,pricing-post,NULL,Pamela  , Wright, Neuralight,Head of Platform,Australia,False,NULL,unknown,blog,False,referral,False,pricing-post,False,pwright@hotmail.com,pwright@hotmail.com,freemail,False,False,False,False,False,www.neuralight.io,True,,True,False,,false,ambiguous,,false,false
L1437,2026-06-20,Wei,Singh,singh.wei@paytrellis.com,Platform Engineer,PayTrellis,paytrellis.com,51-200,Software,PL,reddit,social,r-machinelearning,Yes,Wei, SINGH,PayTrellis,Platform Engineer,poland,False,Yes,true,reddit,False,social,False,r-machinelearning,False,singh.wei@paytrellis.com,singh.wei@paytrellis.com,work,False,False,False,False,False,www.paytrellis.com,True,,True,False,,true,verified_in,,false,false
L1692,2026-06-11,Frank,Thomas,frankt@shipmate.io,,Shipmate,,201-500,Software,BR,email_blast,email,july-promo,NULL,Frank,Thomas,Shipmate,,Brazil,False,NULL,unknown,email%20blast,False,e-mail,False,JULY%20PROMO,False,frankt@shipmate.io,frankt@shipmate.io,work,False,False,False,False,False,,False,,True,False,,false,ambiguous,,false,false
L2303,2026-05-11,Rajesh,Baker,rajesh.baker@yahoo.com,Deep Learning Engineer,DIFFUSIA,diffusia.io,1-10,AI/ML software,,twitter,social,launch-week,NULL,RAJESH,Baker,DIFFUSIA,Deep Learning Engineer,,False,NULL,unknown,twitter,False,social,False,launch-week,False,rajesh.baker@yahoo.com,rajesh.baker@yahoo.com,freemail,False,False,False,False,False,https://diffusia.io,True,,True,False,,false,ambiguous,,false,false
L2304,2026-06-03,Michael,Smith,michaels@deepharbor.ai,Managing Partner,deepharbor,,,AI/ML software,SG,github,referral,docs-cta,unknown,Michael,Smith,deepharbor,Managing Partner,Singapore,False,unknown,unknown,github,False,referral,False,docs-cta,False,michaels@deepharbor.ai,michaels@deepharbor.ai,work,False,False,False,False,False,,False,,True,False,,false,verified_in,,true,false
L1583,2026-05-27,Patrick,Rivera,rivera.patrick@gmail.com,Accountant,RIDGEWAY CONSTRUCTION,,11-50,Construction,BR,,,,,Patrick,Rivera,RIDGEWAY CONSTRUCTION,Accountant,Brazil,False,,unknown,test,True,test,True,test-campaign-DELETE,True,rivera.patrick@gmail.com,rivera.patrick@gmail.com,freemail,False,False,False,False,False,,False,,True,False,,false,verified_in,,false,true
L1887,2026-06-21,Nicole,Clark,nicole_clark@ledgerworks.com,Software Engineer,LedgerWorks,ledgerworks.com,51-200,Software,PL,facebook,paid_social,fb_q3,,Nicole,CLARK,LedgerWorks,Software Engineer,PL,False,,unknown,facebook,False,Paid-Social,False,FB_Q3,False,nicole_clark@ledgerworks.com,nicole_clark@ledgerworks.com,work,False,False,False,False,False,www.ledgerworks.com,True,,True,False,,true,verified_in,,false,true
L1774,2026-04-21,David,Patel,patel.david@gradientpeak.ai,Sr. Data Scientist,Gradient Peak,gradientpeak.ai,201-500,,US,reddit,social,r-machinelearning,,David,Patel,Gradient Peak,Sr. Data Scientist,usa,False,,unknown,reddit,False,social,False,r-machinelearning,False,patel.david@gradientpeak.ai,patel.david@gradientpeak.ai,work,False,False,False,False,False,www.gradientpeak.ai,True,,True,False,,false,verified_in,,false,true
L2678,2026-05-15,Daniel,White,daniel.white@nimbuserp.com,Data Scientist,Nimbus ERP,nimbuserp.com,1000+,Software,JP,docs,referral,quickstart,NULL,DANIEL,white,Nimbus ERP,Data Scientist,Japan,False,NULL,unknown,docs,False,referral,False,quickstart,False,daniel.white@nimbuserp.com,daniel.white@nimbuserp.com,work,False,False,False,False,False,https://nimbuserp.com,True,,True,False,,false,verified_in,,false,false
L1021,2026-04-29,Timothy,Walker,walker.timothy@tensorloop.io,Computer Vision Engineer,TensorLoop,tensorloop.io,51-200,,SE,blog,referral,pricing-post,Yes,Timothy,walker,TensorLoop,Computer Vision Engineer,SE,False,Yes,true,blog,False,referral,False,pricing-post,False,walker.timothy@tensorloop.io,walker.timothy@tensorloop.io,work,False,False,False,False,False,www.tensorloop.io,True,,True,False,,true,verified_in,,false,false
L1549,2026-05-28,Mei,Ferrari,meif@instech.edu,Indie hacker,INSTITUTE OF TECHNOLOGY,instech.edu,1000+,Education,AU,producthunt,referral,launch,,Mei,Ferrari,INSTITUTE OF TECHNOLOGY,Indie hacker,australia,False,,unknown,producthunt,False,referral,False,launch,False,meif@instech.edu,meif@instech.edu,work,False,False,True,False,False,https://instech.edu,True,,True,False,,false,ambiguous,,false,false
L1272,2026-06-01,Donna,Lewis,DONNA.LEWIS@RIDGEWAYCONSTRUCTION.COM,Fractional CTO,ridgeway construction,ridgewayconstruction.com,11-50,,SE,twitter,social,launch-week,NULL,Donna,Lewis,ridgeway construction,Fractional CTO,SE,False,NULL,unknown,twitter,False,social,False,launch-week,False,DONNA.LEWIS@RIDGEWAYCONSTRUCTION.COM,donna.lewis@ridgewayconstruction.com,work,False,False,False,False,False,www.ridgewayconstruction.com,True,,True,False,,true,verified_in,,false,false
L1217,2026-04-09,Astrid,Novak,novak.astrid@tokenworks.io,Social Media Manager,TokenWorks,,1000+,AI/ML software,IE,producthunt,referral,launch,TRUE,Astrid,Novak,TokenWorks,Social Media Manager,Ireland,False,TRUE,true,producthunt,False,referral,False,launch,False,novak.astrid@tokenworks.io,novak.astrid@tokenworks.io,work,False,False,False,False,False,,False,,True,False,,true,verified_in,,false,false
L1281,2026-06-16,Richard,Andersson,richard.andersson@centralpoly.edu,Enthusiast,Central Polytechnic,centralpoly.edu,1000+,Education,BR,facebook,paid_social,fb_q3,Yes,Richard,Andersson,Central Polytechnic,Enthusiast,brazil,False,Yes,true,facebook,False,Paid-Social,False,FB_Q3,False,richard.andersson@centralpoly.edu,richard.andersson@centralpoly.edu,work,False,False,True,False,False,https://centralpoly.edu,True,,True,False,,false,verified_in,,false,false
L2762,2026-05-14,Lars,Rodriguez,larsr@neuralight.io,ML Engineer,Neuralight,neuralight.io,201-500,,CA,newsletter,email,weekly-digest,granted,Lars,rodriguez,Neuralight  ,ML Engineer,Canada,False,granted,true,newsletter,False,email,False,weekly-digest,False,larsr@neuralight.io,larsr@neuralight.io,work,False,False,False,False,False,www.neuralight.io,True,,True,False,,false,verified_in,,false,false
L2503,2026-04-07,Kevin,Hernandez,kevin.hernandez@cornerstoneins.com,Customer Success Manager,Cornerstone Insurance,cornerstoneins.com,11-50,Insurance,,facebook,social,q3,pending,KEVIN,Hernandez  ,Cornerstone Insurance,Customer Success Manager,,False,pending,unknown,fb_paid,False,social,False,q3,False,kevin.hernandez@cornerstoneins.com,kevin.hernandez@cornerstoneins.com,work,False,False,False,False,False,www.cornerstoneins.com,True,,True,False,,false,verified_out,,false,false
L2508,2026-05-29,Donald,Sharma,DONALD.SHARMA@TOKENWORKS.IO,,TokenWorks,tokenworks.io,,AI/ML software,GB,google,cpc,gpu-cloud-nonbrand,pending,Donald,Sharma,TokenWorks,,UK,False,pending,unknown,google,False,cpc,False,gpu-cloud-nonbrand,False,DONALD.SHARMA@TOKENWORKS.IO,donald.sharma@tokenworks.io,work,False,False,False,False,False,https://tokenworks.io,True,,True,False,,false,verified_in,,false,false
L1855,2026-06-20,Sarah,Hill,hill.sarah@voiceforge.ai,Director of Infrastructure,VoiceForge,voiceforge.ai,51-200,AI/ML software,US,docs,referral,quickstart,yes,Sarah,Hill,VoiceForge,Director of Infrastructure,USA,False,yes,true,docs,False,referral,False,quickstart,False,hill.sarah@voiceforge.ai,hill.sarah@voiceforge.ai,work,False,False,False,False,False,https://voiceforge.ai,True,,True,False,,false,verified_in,,false,false
L1110,2026-04-12,John,Campbell,john_campbell@databarn.io,founder/ceo,DataBarn,databarn.io,,,NL,google,organic,,unsubscribed,John,Campbell,DataBarn,founder/ceo,NL,False,unsubscribed,false,google,False,organic,False,,True,john_campbell@databarn.io,john_campbell@databarn.io,work,False,False,False,False,False,https://databarn.io,True,,True,False,,true,verified_out,,false,false
L2299,2026-04-28,Pamela,Johnson,pamelaj@stateuniv.edu,Enthusiast,State University,stateuniv.edu,1000+,Education,FR,newsletter,email,weekly-digest,opted_in,Pamela,Johnson,State University,Enthusiast,FR,False,opted_in,true,newsletter,False,email,False,weekly-digest,False,pamelaj@stateuniv.edu,pamelaj@stateuniv.edu,work,False,False,True,False,False,https://stateuniv.edu,True,,True,False,,true,verified_in,,false,false
L1018,2026-06-23,Donald,Robinson,drobinson@tensorloop.io,VP Engineering,TensorLoop,tensorloop.io,51-200,AI/ML software,SG,facebook,social,q3,unknown,Donald,Robinson,TensorLoop,VP Engineering  ,SG,False,unknown,unknown,fb_paid,False,social,False,q3,False,drobinson@tensorloop.io,drobinson@tensorloop.io,work,False,False,False,False,False,www.tensorloop.io,True,,True,False,,false,ambiguous,,false,false
L1926,2026-06-18,Rachel,Park,park.rachel@pipelinelabs.io,Owner,pipeline labs,pipelinelabs.io,1000+,Software,SG,blog,referral,pricing-post,pending,Rachel,Park,pipeline labs,Owner,Singapore,False,pending,unknown,blog,False,referral,False,pricing-post,False,park.rachel@pipelinelabs.io,park.rachel@pipelinelabs.io,work,False,False,False,False,False,https://pipelinelabs.io,True,park.rachel@pipelinelabs.io,True,True,job_title,false,verified_in,,false,false
L1790,2026-05-05,Helen,Park,helenp@stateuniv.edu,Indie hacker,State University,stateuniv.edu,,Education,IT,twitter,social,launch-week,Yes, Helen,Park,State University  ,Indie hacker,Italy,False,Yes,true,twitter,False,social,False,launch-week,False,helenp@stateuniv.edu,helenp@stateuniv.edu,work,False,False,True,False,False,https://stateuniv.edu,True,,True,False,,true,verified_in,,false,false
L2718,2026-04-01,Joshua,Schulz,jschulz@paytrellis.com,VP of Engineering,PayTrellis,,51-200,Software,JP,reddit,social,r-machinelearning,1, Joshua,Schulz,PayTrellis,VP of Engineering,japan,False,1,true,reddit,False,social,False,r-machinelearning,False,jschulz@paytrellis.com,jschulz@paytrellis.com,work,False,False,False,False,False,,False,,True,False,,false,verified_in,,false,false
L2579,2026-05-07,Timothy,Smith,timothys@copilothealth.ai,Head of Platform,Copilot Health AI,copilothealth.ai,1-10,AI/ML software,SE,github,referral,docs-cta,NULL,Timothy  ,Smith, Copilot Health AI, Head of Platform,sweden,False,NULL,unknown,github,False,referral,False,docs-cta,False,timothys@copilothealth.ai,timothys@copilothealth.ai,work,False,False,False,False,False,https://copilothealth.ai,True,,True,False,,true,ambiguous,EU / Consent Verification Needed,false,false
L1360,2026-04-30,Zara,Hassan,zara_hassan@peakfitnessstudios.com,HR Manager,Peak Fitness Studios,peakfitnessstudios.com,,,CA,linkedin,paid_social,serverless-launch,,Zara,Hassan,Peak Fitness Studios, HR Manager,CA,False,,unknown,linkedin,False,paid_social,False,serverless-launch,False,zara_hassan@peakfitnessstudios.com,zara_hassan@peakfitnessstudios.com,work,False,False,False,False,False,www.peakfitnessstudios.com,True,,True,False,,false,verified_in,,false,false
L1828,2026-04-29,Kwame,Ramirez,kwamer@harborviewlogistics.com,Operations Manager,Harborview Logistics,harborviewlogistics.com,201-500,Logistics,US,google,cpc,brand-search-q3,unknown,Kwame, Ramirez,Harborview Logistics,Operations Manager,united states,False,unknown,unknown,google,False,cpc,False,brand-search-q3,False,kwamer@harborviewlogistics.com,kwamer@harborviewlogistics.com,work,False,False,False,False,False,https://harborviewlogistics.com,True,,True,False,,false,ambiguous,,false,false
L1590,2026-04-07,Amy,Singh,asingh@metricshub.com,Sr. Data Scientist,MetricsHub,metricshub.com,1000+,Software,AU,google,organic,,NULL,Amy,Singh,MetricsHub,Sr. Data Scientist  ,australia,False,NULL,unknown,google,False,organic,False,,True,asingh@metricshub.com,asingh@metricshub.com,work,False,False,False,False,False,https://metricshub.com,True,,True,False,,false,verified_in,,false,false
L1754,2026-05-22,Dorothy,Rodriguez,dorothy.rodriguez@tensorloop.io,Data Scientist,TensorLoop,tensorloop.io,,,JP,,,,pending,Dorothy,Rodriguez,TensorLoop,Data Scientist,Japan,False,pending,unknown,test,True,test,True,test-campaign-DELETE,True,dorothy.rodriguez@tensorloop.io,dorothy.rodriguez@tensorloop.io,work,False,False,False,False,False,https://tensorloop.io,True,,True,False,,false,verified_in,,true,false
L2133,2026-05-07,Patrick,Weber,PATRICKW@RELAYMESH.IO,,RELAYMESH,,51-200,,AU,youtube,video,tutorial-series,,Patrick,Weber,RELAYMESH,,AU,False,,unknown,youtube,False,video,False,tutorial-series,False,PATRICKW@RELAYMESH.IO,patrickw@relaymesh.io,work,False,False,False,False,False,,False,,True,False,,false,ambiguous,,false,false
L1857,2026-05-07,Lisa,Roberts,lisar@formcraft.com,Head of AI,Formcraft,formcraft.com,1000+,Software,,google,cpc,brand-search,,Lisa,Roberts,Formcraft,Head of AI,,False,,unknown,google ,False, cpc,False,brand search,False,lisar@formcraft.com,lisar@formcraft.com,work,False,False,False,False,False,https://formcraft.com,True,,True,False,,false,ambiguous,,false,false
L2711,2026-05-19,Joseph,Harris,josephh@hotmail.com,MS Student,NORTHERN UNIVERSITY,northernuni.edu,1000+,Education,US,docs,referral,quickstart,NULL,Joseph,Harris,NORTHERN UNIVERSITY,MS Student,USA,False,NULL,unknown,docs,False,referral,False,quickstart,False,josephh@hotmail.com,josephh@hotmail.com,freemail,False,False,False,False,False,www.northernuni.edu,True,,True,False,,false,ambiguous,,false,false
L2599,2026-06-20,Emily,Muller,emily_muller@quantumnails.com,Executive Assistant,Quantum Nails Salon,quantumnails.com,51-200,,JP,blog,referral,pricing-post,opted_in,Emily,muller,Quantum Nails Salon,Executive Assistant,JP,False,opted_in,true,blog,False,referral,False,pricing-post,False,emily_muller@quantumnails.com,emily_muller@quantumnails.com,work,False,False,False,False,False,https://quantumnails.com,True,,True,False,,false,verified_in,,false,false
L2256,2026-06-15,Katherine,Robinson,katherine_robinson@nimbuserp.com,Social Media Manager,Nimbus ERP,nimbuserp.com,1000+,Software,BR,github,referral,docs-cta,opted_in,Katherine,Robinson,Nimbus ERP,Social Media Manager,Brazil,False,opted_in,true,github,False,referral,False,docs-cta,False,katherine_robinson@nimbuserp.com,katherine_robinson@nimbuserp.com,work,False,False,False,False,False,www.nimbuserp.com,True,,True,False,,false,verified_in,,false,false
L1320,2026-06-27,Frank,Taylor,frank_taylor@centralpoly.edu,MS Student,central polytechnic,centralpoly.edu,1000+,Education,GB,producthunt,referral,launch,,Frank,Taylor,central polytechnic,MS Student,United Kingdom,False,,unknown,producthunt,False,referral,False,launch,False,frank_taylor@centralpoly.edu,frank_taylor@centralpoly.edu,work,False,False,True,False,False,https://centralpoly.edu,True,,True,False,,false,verified_in,,true,false
L2741,2026-04-27,Richard,Rodriguez,rrodriguez@stacklinesoftware.com,Project Manager,STACKLINE SOFTWARE,stacklinesoftware.com,11-50,Software,US,github,referral,docs-cta,unknown,Richard  ,Rodriguez,STACKLINE SOFTWARE,Project Manager,united states,False,unknown,unknown,github,False,referral,False,docs-cta,False,rrodriguez@stacklinesoftware.com,rrodriguez@stacklinesoftware.com,work,False,False,False,False,False,www.stacklinesoftware.com,True,,True,False,,false,ambiguous,,false,false
L2287,2026-06-20,Emma,Lopez,elopez@finetunelabs.com,Principal,Finetune Labs,finetunelabs.com,1-10,,DE,facebook,cpc,fb-q3-conversions,unsubscribed,Emma,Lopez,Finetune Labs,Principal,DE,False,unsubscribed,false,Facebook Ads,False,cpc,False,fb-q3-conversions,False,elopez@finetunelabs.com,elopez@finetunelabs.com,work,False,False,False,False,False,https://finetunelabs.com,True,,True,False,,true,verified_out,,false,false
L1168,2026-04-09,Katherine,Taylor,ktaylor@ledgerworks.com,Sr. Data Scientist,LedgerWorks,,51-200,Software,BR,google,cpc,gpu-cloud-nonbrand,,Katherine,Taylor,LedgerWorks,Sr. Data Scientist,BR,False,,unknown,google,False,cpc,False,gpu-cloud-nonbrand,False,ktaylor@ledgerworks.com,ktaylor@ledgerworks.com,work,False,False,False,False,False,,False,,True,False,,false,verified_in,,false,true
L1097,2026-06-09,Dorothy,Kowalski,dorothy_kowalski@hotmail.com,VP of AI Infrastructure,Harborview Logistics,,201-500,Logistics,BR,docs,referral,quickstart,TRUE,Dorothy,Kowalski,Harborview Logistics,VP of AI Infrastructure,brazil,False,TRUE,true,docs,False,referral,False,quickstart,False,dorothy_kowalski@hotmail.com,dorothy_kowalski@hotmail.com,freemail,False,False,False,False,False,,False,,True,False,,false,verified_in,,false,false
L1333,2026-06-27,Michelle,Harris,harris.michelle@hotmail.com,CEO,,,,,JP,github,referral,docs-cta,,michelle,Harris,,CEO,japan,False,,unknown,github,False,referral,False,docs-cta,False,harris.michelle@hotmail.com,harris.michelle@hotmail.com,freemail,False,False,False,False,False,,False,,True,False,,false,ambiguous,,false,false
L1335,2026-06-14,Gary,Rivera,gary.rivera@agentstack.dev,Computer Vision Engineer,AgentStack,agentstack.dev,1000+,AI/ML software,AU,twitter,social,launch-week,,gary,Rivera,AgentStack,Computer Vision Engineer,Australia,False,,unknown,twitter,False,social,False,launch-week,False,gary.rivera@agentstack.dev,gary.rivera@agentstack.dev,work,False,False,False,False,False,https://agentstack.dev,True,,True,False,,false,verified_in,,false,false
L2026,2026-06-25,Mateo,Walker,mateo_walker@yahoo.com,Financial Analyst,Summit Dental Group,summitdentalgroup.com,,Healthcare,IT,,,,,MATEO,Walker,Summit Dental Group,Financial Analyst,Italia,False,,unknown,(direct),True,(none),True,,True,mateo_walker@yahoo.com,mateo_walker@yahoo.com,freemail,False,False,False,False,False,www.summitdentalgroup.com,True,,True,False,,true,ambiguous,EU / Consent Verification Needed,false,false
L1837,2026-06-17,Scott,Rivera,srivera@tokenworks.io,Independent Consultant,TokenWorks,tokenworks.io,,AI/ML software,JP,producthunt,referral,launch,,SCOTT,Rivera,TokenWorks,Independent Consultant,Japan,False,,unknown,producthunt,False,referral,False,launch,False,srivera@tokenworks.io,srivera@tokenworks.io,work,False,False,False,False,False,https://tokenworks.io,True,,True,False,,false,ambiguous,,false,false
L1477,2026-04-15,Betty,Schulz,bschulz@yahoo.com,Director of AI,Loopware,,1000+,Software,NL,docs,referral,quickstart,unknown,betty,Schulz,Loopware,Director of AI,netherlands,False,unknown,unknown,docs,False,referral,False,quickstart,False,bschulz@yahoo.com,bschulz@yahoo.com,freemail,False,False,False,False,False,,False,,True,False,,true,ambiguous,EU / Consent Verification Needed,false,false
L1236,2026-04-23,Raymond,Ali,ali.raymond@cloudspan.dev,ML Engineer,Cloudspan,,51-200,Software,IE,linkedin,paid_social,serverless-launch,,RAYMOND,ALI,Cloudspan,ML Engineer,IE,False,,unknown,linkedin,False,paid_social,False,serverless-launch,False,ali.raymond@cloudspan.dev,ali.raymond@cloudspan.dev,work,False,False,False,False,False,,False,,True,False,,true,verified_in,,false,false
L2067,2026-06-16,Yuki,Moore,ymoore@roboticsone.ai,Computer Vision Engineer,RoboticsOne,roboticsone.ai,501-1000,AI/ML software,JP,docs,referral,quickstart,pending,Yuki,Moore,RoboticsOne,Computer Vision Engineer  ,JP,False,pending,unknown,docs,False,referral,False,quickstart,False,ymoore@roboticsone.ai,ymoore@roboticsone.ai,work,False,False,False,False,False,www.roboticsone.ai,True,,True,False,,false,ambiguous,,false,false
L2862,2026-05-12,Emily,Johnson,JOHNSON.EMILY@STREAMLYNE.IO,Applied Scientist,streamlyne,streamlyne.io,11-50,,BR,blog,referral,pricing-post,yes,Emily,johnson,streamlyne,Applied Scientist,Brazil,False,yes,true,blog,False,referral,False,pricing-post,False,JOHNSON.EMILY@STREAMLYNE.IO,johnson.emily@streamlyne.io,work,False,False,False,False,False,www.streamlyne.io,True,johnson.emily@streamlyne.io,True,True,job_title,false,verified_in,,false,false
L2649,2026-04-17,Nicole,Okafor,okafor.nicole@pipelinelabs.io,MLOps Engineer,Pipeline Labs,pipelinelabs.io,1000+,Software,BR,google,organic,,,Nicole,Okafor,Pipeline Labs,MLOps Engineer,BR,False,,unknown,google,False,organic,False,,True,okafor.nicole@pipelinelabs.io,okafor.nicole@pipelinelabs.io,work,False,False,False,False,False,https://pipelinelabs.io,True,,True,False,,false,verified_out,,false,false
L2498,2026-06-25,Nicole,Jackson,nicole_jackson@tensorhive.ai,Deep Learning Engineer,TensorHive,tensorhive.ai,201-500,AI/ML software,IN,blog,referral,pricing-post,,Nicole,Jackson  ,TensorHive,Deep Learning Engineer,india,False,,unknown,blog,False,referral,False,pricing-post,False,nicole_jackson@tensorhive.ai,nicole_jackson@tensorhive.ai,work,True,False,False,False,False,https://tensorhive.ai,True,,True,False,,false,ambiguous,,false,false
L2607,2026-05-20,William,Weber,williamw@maplegrovebakery.com,Product Marketing Manager,Maple Grove Bakery,,1-10,Food and beverage,NL,producthunt,referral,launch,unknown,William,Weber,Maple Grove Bakery,Product Marketing Manager,The Netherlands,False,unknown,unknown,producthunt,False,referral,False,launch,False,williamw@maplegrovebakery.com,williamw@maplegrovebakery.com,work,False,False,False,False,False,,False,,True,False,,true,ambiguous,EU / Consent Verification Needed,false,false
L1187,2026-05-27,Mateo,Tanaka,mateo.tanaka@streamlyne.io,,STREAMLYNE,streamlyne.io,,,GB,,,,unknown,Mateo,Tanaka,STREAMLYNE,,uk,False,unknown,unknown,undefined,True,undefined,True,,True,mateo.tanaka@streamlyne.io,mateo.tanaka@streamlyne.io,work,False,False,False,False,False,www.streamlyne.io,True,,True,False,,false,ambiguous,,false,false
L2309,2026-05-03,Timothy,Kowalski,tkowalski@orbitalmind.ai,Sr. Data Scientist,Orbital Mind,orbitalmind.ai,201-500,AI/ML software,,facebook,paid,fb_q3,pending,TIMOTHY,Kowalski,Orbital Mind,Sr. Data Scientist,,False,pending,unknown,FB,False,paid,False,fb_q3,False,tkowalski@orbitalmind.ai,tkowalski@orbitalmind.ai,work,False,False,False,False,False,https://orbitalmind.ai,True,,True,False,,false,ambiguous,,false,false
L2449,2026-05-21,Kathleen,Hassan,hassan.kathleen@proton.me,SWE,VoiceForge,voiceforge.ai,51-200,,US,email_blast,email,july-promo,,Kathleen,Hassan,VoiceForge,SWE,usa,False,,unknown,email%20blast,False,e-mail,False,JULY%20PROMO,False,hassan.kathleen@proton.me,hassan.kathleen@proton.me,freemail,False,False,False,False,False,https://voiceforge.ai,True,,True,False,,false,verified_in,,false,false
L1681,2026-04-21,Daniel,Rossi,DANIEL_ROSSI@BLUEBIRDTRAVEL.COM,Financial Analyst,,,,,DE,google,cpc,brand-search-q3,1,Daniel,Rossi,,Financial Analyst,DE,False,1,true,google,False,cpc,False,brand-search-q3,False,DANIEL_ROSSI@BLUEBIRDTRAVEL.COM,daniel_rossi@bluebirdtravel.com,work,False,False,False,False,False,,False,,True,False,,true,verified_in,,false,false
L1350,2026-06-19,Ronald,White,RONALD.WHITE@NORTHERNUNI.EDU,Hobbyist,Northern University,northernuni.edu,1000+,Education,SE,github,referral,docs-cta,yes,Ronald,White,Northern University,Hobbyist,SE,False,yes,true,github,False,referral,False,docs-cta,False,RONALD.WHITE@NORTHERNUNI.EDU,ronald.white@northernuni.edu,work,False,False,True,False,False,www.northernuni.edu,True,,True,False,,true,verified_in,,false,false
L2737,2026-06-22,Emma,Rivera,erivera@codewharf.dev,Recruiter,Codewharf,,1000+,Software,BR,facebook,cpc,fb-q3-conversions,granted,Emma,RIVERA,Codewharf,Recruiter,BR,False,granted,true,Facebook Ads,False,cpc,False,fb-q3-conversions,False,erivera@codewharf.dev,erivera@codewharf.dev,work,False,False,False,False,False,,False,,True,False,,false,verified_in,,false,false
L1969,2026-05-06,Samantha,Sanchez,samanthas@harborviewlogistics.com,Fractional CTO,Harborview Logistics,harborviewlogistics.com,201-500,Logistics,JP,linkedin,paid_social,serverless-launch,unknown,SAMANTHA,Sanchez,Harborview Logistics,Fractional CTO,japan,False,unknown,unknown,linkedin,False,paid_social,False,serverless-launch,False,samanthas@harborviewlogistics.com,samanthas@harborviewlogistics.com,work,False,False,False,False,False,www.harborviewlogistics.com,True,,True,False,,false,ambiguous,,false,false
L2368,2026-04-24,Lars,Thomas,lars.thomas@orbitalmind.ai,Machine Learning Engineer,Orbital Mind,orbitalmind.ai,201-500,AI/ML software,JP,facebook,social,q3,pending,Lars,Thomas,Orbital Mind, Machine Learning Engineer,Japan,False,pending,unknown,fb_paid,False,social,False,q3,False,lars.thomas@orbitalmind.ai,lars.thomas@orbitalmind.ai,work,False,False,False,False,False,https://orbitalmind.ai,True,,True,False,,false,verified_in,,true,false
L1122,2026-05-21,Mary,Robinson,mary_robinson@promptline.ai,Data Scientist,promptline,promptline.ai,,AI/ML software,ES,producthunt,referral,launch,yes,MARY,Robinson,promptline,Data Scientist,spain,False,yes,true,producthunt,False,referral,False,launch,False,mary_robinson@promptline.ai,mary_robinson@promptline.ai,work,False,False,False,False,False,www.promptline.ai,True,,True,False,,true,verified_in,,false,false
L1460,2026-05-20,Brian,Harris,bharris@voiceforge.ai,Data Scientist,VoiceForge,voiceforge.ai,51-200,AI/ML software,IN,newsletter,email,weekly-digest,,Brian,HARRIS,VoiceForge,Data Scientist,india,False,,unknown,newsletter,False,email,False,weekly-digest,False,bharris@voiceforge.ai,bharris@voiceforge.ai,work,False,False,False,False,False,www.voiceforge.ai,True,,True,False,,false,verified_in,,false,false
L2746,2026-05-04,Patricia,Wagner,patriciaw@outlook.com,Account Executive,Streamlyne,streamlyne.io,11-50,,SG,newsletter,email,weekly-digest,TRUE,patricia,Wagner,Streamlyne,Account Executive,singapore,False,TRUE,true,newsletter,False,email,False,weekly-digest,False,patriciaw@outlook.com,patriciaw@outlook.com,freemail,False,False,False,False,False,https://streamlyne.io,True,,True,False,,false,verified_in,,false,false
L1528,2026-04-04,Elizabeth,Muller,elizabethm@tokenworks.io,,,,,,,github,referral,docs-cta,TRUE,Elizabeth,MULLER,,,,False,TRUE,true,github,False,referral,False,docs-cta,False,elizabethm@tokenworks.io,elizabethm@tokenworks.io,work,False,False,False,False,False,,False,,True,False,,false,verified_in,,false,false
L2580,2026-05-30,Larry,Ali,larry.ali@vectorly.ai,AI Engineer,Vectorly AI,vectorly.ai,11-50,AI/ML software,GB,github,referral,docs-cta,1,Larry,ALI,Vectorly AI,AI Engineer,uk,False,1,true,github,False,referral,False,docs-cta,False,larry.ali@vectorly.ai,larry.ali@vectorly.ai,work,False,False,False,False,False,www.vectorly.ai,True,,True,False,,false,verified_in,,false,false
L2767,2026-05-09,Ronald,Robinson,ronaldr@outlook.com,Head of Engineering,Cloudspan,cloudspan.dev,51-200,Software,SG,newsletter,email,weekly-digest,,ronald,Robinson,Cloudspan,Head of Engineering,singapore,False,,unknown,newsletter,False,email,False,weekly-digest,False,ronaldr@outlook.com,ronaldr@outlook.com,freemail,False,False,False,False,False,www.cloudspan.dev,True,,True,False,,false,ambiguous,,false,false
L2918,2026-05-21,Frank,Nelson,fnelson+test@neuralight.io,Research Scientist,,,,,JP,facebook,paid_social,fb_q3,pending,Frank,Nelson,,Research Scientist  ,JP,False,pending,unknown,facebook,False,Paid-Social,False,FB_Q3,False,fnelson+test@neuralight.io,fnelson+test@neuralight.io,work,False,False,False,False,False,,False,,True,False,,false,verified_in,,false,false
L2013,2026-05-02,Brian,Schmidt,brians@yahoo.com,Student,State University,stateuniv.edu,1000+,Education,BR,blog,referral,pricing-post,,Brian,Schmidt,State University,Student,BR,False,,unknown,blog,False,referral,False,pricing-post,False,brians@yahoo.com,brians@yahoo.com,freemail,False,False,False,False,False,https://stateuniv.edu,True,,True,False,,false,verified_in,,false,true
L1489,2026-04-22,Deborah,Kim,deborah_kim@luminaml.com,Backend Engineer,Lumina ML,luminaml.com,11-50,,SG,,,,unknown,Deborah,Kim, Lumina ML, Backend Engineer,Singapore,False,unknown,unknown,(direct),True,(none),True,,True,deborah_kim@luminaml.com,deborah_kim@luminaml.com,work,False,False,False,False,False,www.luminaml.com,True,,True,False,,false,verified_out,,false,true
L1196,2026-06-13,Amanda,Perez,perez.amanda@vectorly.ai,,Vectorly AI,vectorly.ai,11-50,AI/ML software,,google,organic,,,Amanda,Perez,Vectorly AI,,,False,,unknown,google,False,organic,False,,True,perez.amanda@vectorly.ai,perez.amanda@vectorly.ai,work,False,False,False,False,False,https://vectorly.ai,True,,True,False,,false,ambiguous,,false,false
L2284,2026-06-17,Brenda,Wilson,BRENDA.WILSON@CORNERSTONEINS.COM,Fractional CTO,Cornerstone Insurance,cornerstoneins.com,11-50,Insurance,CA,docs,referral,quickstart,,Brenda,WILSON,Cornerstone Insurance,Fractional CTO  ,Canada,False,,unknown,docs,False,referral,False,quickstart,False,BRENDA.WILSON@CORNERSTONEINS.COM,brenda.wilson@cornerstoneins.com,work,False,False,False,False,False,www.cornerstoneins.com,True,,True,False,,false,ambiguous,,false,false
L2339,2026-04-15,Margaret,Taylor,margaret_taylor@embediq.ai,Head of Engineering,EmbedIQ,embediq.ai,1000+,AI/ML software,SG,facebook,paid,fb_q3,opted_in,Margaret,taylor,EmbedIQ,Head of Engineering,Singapore,False,opted_in,true,FB,False,paid,False,fb_q3,False,margaret_taylor@embediq.ai,margaret_taylor@embediq.ai,work,False,False,False,False,False,www.embediq.ai,True,,True,False,,false,verified_in,,false,false
L2105,2026-04-02,Brenda,Clark,brenda_clark@paytrellis.com,Research Scientist,PayTrellis,,51-200,Software,IN,twitter,social,launch-week,unknown,Brenda,Clark,PayTrellis,Research Scientist,India,False,unknown,unknown,twitter,False,social,False,launch-week,False,brenda_clark@paytrellis.com,brenda_clark@paytrellis.com,work,False,False,False,False,False,,False,,True,False,,false,verified_in,,false,false
L2661,2026-06-07,Nicole,Nelson,nicole_nelson@proton.me,Consultant,PayTrellis,paytrellis.com,51-200,,AU,github,referral,docs-cta,,Nicole,Nelson,PayTrellis,Consultant  ,australia,False,,unknown,github,False,referral,False,docs-cta,False,nicole_nelson@proton.me,nicole_nelson@proton.me,freemail,False,False,False,False,False,https://paytrellis.com,True,,True,False,,false,ambiguous,,false,false
L2745,2026-05-24,Emma,Schmidt,eschmidt@yahoo.com,Co-Founder & CTO,Apptide,apptide.com,,Software,JP,docs,referral,quickstart,1,Emma,schmidt,Apptide,Co-Founder & CTO,japan,False,1,true,docs,False,referral,False,quickstart,False,eschmidt@yahoo.com,eschmidt@yahoo.com,freemail,False,False,False,False,False,www.apptide.com,True,,True,False,,false,verified_in,,false,false
L1090,2026-05-16,Carolyn,Hansen,chansen@mistletoeml.com,Managing Partner,Mistletoe ML,mistletoeml.com,,,SE,docs,referral,quickstart,opted_in,Carolyn,Hansen,Mistletoe ML,Managing Partner,sweden,False,opted_in,true,docs,False,referral,False,quickstart,False,chansen@mistletoeml.com,chansen@mistletoeml.com,work,False,False,False,False,False,https://mistletoeml.com,True,,True,False,,true,verified_in,,false,false
L2022,2026-06-27,Stephen,Sharma,sharma.stephen@yahoo.com,Owner,GreenLeaf Landscaping,greenleaflandscaping.com,,,AU,google,organic,,NULL,Stephen,Sharma,GreenLeaf Landscaping,Owner,australia,False,NULL,unknown,google,False,organic,False,,True,sharma.stephen@yahoo.com,sharma.stephen@yahoo.com,freemail,False,False,False,False,False,www.greenleaflandscaping.com,True,,True,False,,false,ambiguous,,false,false
L1564,2026-05-27,Amara,Hall,amara_hall@pipelinelabs.io,Head of ML,Pipeline Labs,pipelinelabs.io,1000+,Software,JP,github,referral,docs-cta,,Amara,hall,Pipeline Labs,Head of ML,japan,False,,unknown,github,False,referral,False,docs-cta,False,amara_hall@pipelinelabs.io,amara_hall@pipelinelabs.io,work,False,False,False,False,False,www.pipelinelabs.io,True,,True,False,,false,ambiguous,,false,false
L1273,2026-05-21,Dennis,Miller,dmiller@roboticsone.ai,Principal,roboticsone,roboticsone.ai,501-1000,,AU,reddit,social,r-machinelearning,NULL,DENNIS,Miller,roboticsone,Principal,Australia,False,NULL,unknown,reddit,False,social,False,r-machinelearning,False,dmiller@roboticsone.ai,dmiller@roboticsone.ai,work,False,False,False,False,False,www.roboticsone.ai,True,,True,False,,false,ambiguous,,false,false
L1337,2026-06-14,Thomas,Patel,thomas.patel@outlook.com,Research Scientist,LedgerWorks,ledgerworks.com,,Software,SG,google,cpc,gpu-cloud-nonbrand,,Thomas,PATEL,LedgerWorks,Research Scientist,SG,False,,unknown,google,False,cpc,False,gpu-cloud-nonbrand,False,thomas.patel@outlook.com,thomas.patel@outlook.com,freemail,False,False,False,False,False,www.ledgerworks.com,True,,True,False,,false,verified_in,,false,true
L1604,2026-06-08,Elena,Hernandez,elenah@cascade-ai.com,Research Scientist,CASCADE AI,cascade-ai.com,51-200,,AU,docs,referral,quickstart,unknown,Elena,HERNANDEZ,CASCADE AI,Research Scientist,AU,False,unknown,unknown,docs,False,referral,False,quickstart,False,elenah@cascade-ai.com,elenah@cascade-ai.com,work,False,False,False,False,False,https://cascade-ai.com,True,,True,False,,false,ambiguous,,false,false
L2047,2026-04-15,Carol,Perez,perez.carol@bellavistarealty.com,Operations Manager,Bella Vista Realty,bellavistarealty.com,,Real estate,IE,newsletter,email,weekly-digest,,CAROL, Perez,Bella Vista Realty,Operations Manager,Ireland,False,,unknown,newsletter,False,email,False,weekly-digest,False,perez.carol@bellavistarealty.com,perez.carol@bellavistarealty.com,work,False,False,False,False,False,https://bellavistarealty.com,True,,True,False,,true,ambiguous,EU / Consent Verification Needed,false,false
L1382,2026-06-01,Daniel,Becker,becker.daniel@fieldstonetech.com,Principal,Fieldstone Tech,fieldstonetech.com,501-1000,Software,SG,blog,referral,pricing-post,NULL,Daniel,Becker,Fieldstone Tech,Principal,singapore,False,NULL,unknown,blog,False,referral,False,pricing-post,False,becker.daniel@fieldstonetech.com,becker.daniel@fieldstonetech.com,work,False,False,False,False,False,www.fieldstonetech.com,True,,True,False,,false,ambiguous,,false,false
L2882,2026-05-12,Kathleen,Sharma,kathleen.sharma+signup@orbitalmind.ai,Sr. Data Scientist,Orbital Mind,,,AI/ML software,PL,facebook,paid,fb_q3,granted,Kathleen,sharma,Orbital Mind,Sr. Data Scientist,poland,False,granted,true,FB,False,paid,False,fb_q3,False,kathleen.sharma+signup@orbitalmind.ai,kathleen.sharma+signup@orbitalmind.ai,work,False,False,False,False,False,,False,,True,False,,true,verified_in,,true,false
L2441,2026-04-23,Janet,Becker,jbecker@proton.me,Chief Technology Officer,DeepHarbor,deepharbor.ai,201-500,AI/ML software,SG,newsletter,email,weekly-digest,,Janet,BECKER,DeepHarbor,Chief Technology Officer,Singapore,False,,unknown,newsletter,False,email,False,weekly-digest,False,jbecker@proton.me,jbecker@proton.me,freemail,False,False,False,False,False,https://deepharbor.ai,True,,True,False,,false,ambiguous,,false,false
L1031,2026-06-29,Sharon,Thompson,sharont@paytrellis.com,VP Engineering,paytrellis,paytrellis.com,51-200,,IN,twitter,social,launch-week,,Sharon,Thompson,paytrellis,VP Engineering,IN,False,,unknown,twitter,False,social,False,launch-week,False,sharont@paytrellis.com,sharont@paytrellis.com,work,False,False,False,False,False,https://paytrellis.com,True,,True,False,,false,ambiguous,,false,false
L2768,2026-06-24,Paul,Baker,paulb@gradientpeak.ai,Infrastructure Engineer,Gradient Peak,gradientpeak.ai,201-500,AI/ML software,CA,docs,referral,quickstart,unknown,Paul,Baker,Gradient Peak,Infrastructure Engineer,canada,False,unknown,unknown,docs,False,referral,False,quickstart,False,paulb@gradientpeak.ai,paulb@gradientpeak.ai,work,False,False,False,False,False,www.gradientpeak.ai,True,,True,False,,false,ambiguous,,false,false
L2211,2026-05-26,Patricia,Taylor,taylor.patricia@roboticsone.ai,Deep Learning Engineer,ROBOTICSONE,,501-1000,,GB,google,cpc,brand-search-q3,unknown,Patricia,TAYLOR,ROBOTICSONE,Deep Learning Engineer,UK,False,unknown,unknown,google,False,cpc,False,brand-search-q3,False,taylor.patricia@roboticsone.ai,taylor.patricia@roboticsone.ai,work,False,False,False,False,False,,False,,True,False,,false,ambiguous,,false,false
L2275,2026-04-06,Stephen,Ferrari,stephenf@ridgewayconstruction.com,,Ridgeway Construction,ridgewayconstruction.com,11-50,,IT,linkedin,paid_social,serverless-launch,1,Stephen,Ferrari,Ridgeway Construction,,Italy,False,1,true,linkedin,False,paid_social,False,serverless-launch,False,stephenf@ridgewayconstruction.com,stephenf@ridgewayconstruction.com,work,False,False,False,False,False,https://ridgewayconstruction.com,True,,True,False,,true,verified_in,,false,false
L1698,2026-06-05,Hans,Tanaka,hans_tanaka@neuralight.io,Head of ML,Neuralight,,201-500,AI/ML software,GB,google,organic,,pending,HANS,Tanaka,Neuralight,Head of ML,United Kingdom,False,pending,unknown,google,False,organic,False,,True,hans_tanaka@neuralight.io,hans_tanaka@neuralight.io,work,False,False,False,False,False,,False,,True,False,,false,verified_in,,true,false
L2588,2026-04-30,Mateo,Andersson,mateo.andersson@stateuniv.edu,Undergraduate,State University,stateuniv.edu,1000+,Education,ES,producthunt,referral,launch,TRUE,Mateo,ANDERSSON,State University,Undergraduate,ES,False,TRUE,true,producthunt,False,referral,False,launch,False,mateo.andersson@stateuniv.edu,mateo.andersson@stateuniv.edu,work,False,False,True,False,False,https://stateuniv.edu,True,,True,False,,true,verified_in,,false,false
L1290,2026-05-13,Margaret,Torres,margaret_torres@orbitalmind.ai,Senior Software Engineer,,,,,GB,twitter,social,launch-week,1,Margaret,Torres,,Senior Software Engineer,uk,False,1,true,twitter,False,social,False,launch-week,False,margaret_torres@orbitalmind.ai,margaret_torres@orbitalmind.ai,work,False,False,False,False,False,,False,margaret_torres@orbitalmind.ai,True,False,,false,verified_in,,true,false
L2779,2026-05-24,Rachel,Nguyen,rnguyen@hotmail.com,AI Engineer,Corticon AI,corticon.ai,501-1000,AI/ML software,BR,,,,NULL,Rachel,NGUYEN,Corticon AI,AI Engineer,Brazil,False,NULL,unknown,test,True,test,True,test-campaign-DELETE,True,rnguyen@hotmail.com,rnguyen@hotmail.com,freemail,False,False,False,False,False,https://corticon.ai,True,,True,False,,false,verified_out,,false,true
L1071,2026-05-22,Richard,Torres,richard_torres@legalmind.ai,Founder & CEO,LegalMind AI,legalmind.ai,201-500,AI/ML software,AU,producthunt,referral,launch,true,RICHARD,Torres, LegalMind AI,Founder & CEO,Australia,False,true,true,producthunt,False,referral,False,launch,False,richard_torres@legalmind.ai,richard_torres@legalmind.ai,work,False,False,False,False,False,https://legalmind.ai,True,,True,False,,false,verified_in,,false,false
L1229,2026-04-16,Nancy,Brown,brown.nancy@signalfold.com,Technical Consultant,Signalfold,,1000+,AI/ML software,GB,google,cpc,brand-search-q3,NULL,Nancy,Brown,Signalfold,Technical Consultant,UK,False,NULL,unknown,google,False,cpc,False,brand-search-q3,False,brown.nancy@signalfold.com,brown.nancy@signalfold.com,work,False,False,False,False,False,,False,,True,False,,false,ambiguous,,false,false
L1975,2026-04-22,Kathleen,Baker,kathleenb@formcraft.com,Computer Vision Engineer,Formcraft,formcraft.com,1000+,Software,GB,linkedin,paid_social,serverless-launch,NULL,Kathleen,Baker,Formcraft,Computer Vision Engineer,UK,False,NULL,unknown,linkedin,False,paid_social,False,serverless-launch,False,kathleenb@formcraft.com,kathleenb@formcraft.com,work,False,False,False,False,False,https://formcraft.com,True,,True,False,,false,verified_in,,false,false
L1724,2026-05-11,Deborah,Young,deborah_young@tensorloop.io,Account Executive,TensorLoop,,51-200,,SE,,,,true,deborah,Young,TensorLoop,Account Executive,sweden,False,true,true,null,True,null,True,null,True,deborah_young@tensorloop.io,deborah_young@tensorloop.io,work,False,False,False,False,False,,False,,True,False,,true,verified_in,,false,false
L2646,2026-06-29,Sofia,Taylor,sofia_taylor@roboticsone.ai,Senior Software Engineer,RoboticsOne,,501-1000,AI/ML software,BR,docs,referral,quickstart,granted,Sofia,taylor, RoboticsOne,Senior Software Engineer,brazil,False,granted,true,docs,False,referral,False,quickstart,False,sofia_taylor@roboticsone.ai,sofia_taylor@roboticsone.ai,work,False,False,False,False,False,,False,,True,False,,false,verified_in,,false,false
L1524,2026-05-09,Hans,Clark,clark.hans@diffusia.io,Data Scientist,diffusia,,1-10,AI/ML software,US,,,,unknown,Hans,Clark, diffusia,Data Scientist,united states,False,unknown,unknown,null,True,null,True,null,True,clark.hans@diffusia.io,clark.hans@diffusia.io,work,False,False,False,False,False,,False,,True,False,,false,ambiguous,,false,false
L1851,2026-04-15,Patrick,Brown,brown.patrick@neuralight.io,Computer Vision Engineer,NEURALIGHT,neuralight.io,201-500,AI/ML software,IN,,,,NULL,Patrick,Brown,NEURALIGHT,Computer Vision Engineer,IN,False,NULL,unknown,null,True,null,True,null,True,brown.patrick@neuralight.io,brown.patrick@neuralight.io,work,False,False,False,False,False,https://neuralight.io,True,,True,False,,false,ambiguous,,false,false
L1201,2026-05-18,Barbara,Walker,bwalker@yahoo.com,Undergraduate,State University,stateuniv.edu,1000+,Education,AU,,,,,Barbara,Walker,State University,Undergraduate,australia,False,,unknown,test,True,test,True,test-campaign-DELETE,True,bwalker@yahoo.com,bwalker@yahoo.com,freemail,False,False,False,False,False,https://stateuniv.edu,True,,True,False,,false,verified_in,,false,false
L2151,2026-06-27,Brandon,Ferrari,brandon_ferrari@modelry.ai,"Director, Machine Learning",MODELRY,modelry.ai,1-10,AI/ML software,AU,google,cpc,brand-search-q3,1,Brandon,Ferrari,MODELRY,"Director, Machine Learning",australia,False,1,true,google,False,cpc,False,brand-search-q3,False,brandon_ferrari@modelry.ai,brandon_ferrari@modelry.ai,work,False,False,False,False,False,https://modelry.ai,True,,True,False,,false,verified_in,,false,false
L2055,2026-06-27,Gary,Flores,garyf@summitdentalgroup.com,software engineer,summit dental group,,,Healthcare,DE,,,,0,Gary,Flores,summit dental group,software engineer,germany,False,0,false,{{utm_source}},True,{{utm_medium}},True,{{utm_campaign}},True,garyf@summitdentalgroup.com,garyf@summitdentalgroup.com,work,False,False,False,False,False,,False,,True,False,,true,verified_out,,false,false
L2237,2026-05-26,Wei,Novak,wnovak@voiceforge.ai,Software Engineer,VoiceForge,,51-200,AI/ML software,SE,google,cpc,gpu-cloud-nonbrand,true,Wei,Novak,VoiceForge, Software Engineer,sweden,False,true,true,google,False,cpc,False,gpu-cloud-nonbrand,False,wnovak@voiceforge.ai,wnovak@voiceforge.ai,work,False,False,False,False,False,,False,,True,False,,true,verified_out,,false,false
L1652,2026-06-12,Wei,King,king.wei@yahoo.com,Data Scientist,Modelry,,1-10,AI/ML software,ES,,,,NULL,wei,King,Modelry  ,Data Scientist,Spain,False,NULL,unknown,null,True,null,True,null,True,king.wei@yahoo.com,king.wei@yahoo.com,freemail,False,False,False,False,False,,False,,True,False,,true,ambiguous,EU / Consent Verification Needed,false,false
L2771,2026-05-12,Frank,Tanaka,frank.tanaka@maplegrovebakery.com,Content Writer,Maple Grove Bakery,maplegrovebakery.com,1-10,Food and beverage,BR,linkedin,paid_social,serverless-launch,,Frank,Tanaka,Maple Grove Bakery,Content Writer,BR,False,,unknown,linkedin,False,paid_social,False,serverless-launch,False,frank.tanaka@maplegrovebakery.com,frank.tanaka@maplegrovebakery.com,work,False,False,False,False,False,https://maplegrovebakery.com,True,,True,False,,false,ambiguous,,false,false
L2350,2026-06-03,Sandra,Flores,sandra.flores@northernuni.edu,MS Student,Northern University,northernuni.edu,1000+,Education,AU,twitter,social,launch-week,1,SANDRA,flores,Northern University,MS Student,australia,False,1,true,twitter,False,social,False,launch-week,False,sandra.flores@northernuni.edu,sandra.flores@northernuni.edu,work,False,False,True,False,False,www.northernuni.edu,True,,True,False,,false,verified_in,,false,false
L2910,2026-05-01,Amara,Clark,amara.clark@mistletoeml.com,Head of Engineering,Mistletoe ML Inc,mistletoeml.com,1000+,,DE,twitter,social,launch-week,yes,Amara,Clark,Mistletoe ML Inc,Head of Engineering,DE,False,yes,true,twitter,False,social,False,launch-week,False,amara.clark@mistletoeml.com,amara.clark@mistletoeml.com,work,False,False,False,False,False,https://mistletoeml.com,True,amara.clark@mistletoeml.com,True,True,company,true,verified_in,,false,false
L2064,2026-05-02,Fatima,Perez,fatimap@tokenworks.io,Research Engineer,TokenWorks,tokenworks.io,1000+,AI/ML software,PL,github,referral,docs-cta,pending,Fatima,Perez,TokenWorks,Research Engineer,Poland,False,pending,unknown,github,False,referral,False,docs-cta,False,fatimap@tokenworks.io,fatimap@tokenworks.io,work,False,False,False,False,False,https://tokenworks.io,True,,True,False,,true,ambiguous,EU / Consent Verification Needed,false,false
L1626,2026-04-02,Brandon,Hansen,brandon.hansen@yahoo.com,Director of Platform Engineering,Shipmate,shipmate.io,201-500,Software,JP,facebook,paid_social,fb_q3,,Brandon,hansen, Shipmate, Director of Platform Engineering,japan,False,,unknown,facebook,False,Paid-Social,False,FB_Q3,False,brandon.hansen@yahoo.com,brandon.hansen@yahoo.com,freemail,False,False,False,False,False,www.shipmate.io,True,,True,False,,false,ambiguous,,false,false
L1371,2026-04-27,Larry,Schmidt,larrys@voxeldynamics.ai,ML Engineer,Voxel Dynamics,voxeldynamics.ai,51-200,,AU,youtube,video,tutorial-series,pending,Larry,Schmidt,Voxel Dynamics,ML Engineer,Australia,False,pending,unknown,youtube,False,video,False,tutorial-series,False,larrys@voxeldynamics.ai,larrys@voxeldynamics.ai,work,False,False,False,False,False,www.voxeldynamics.ai,True,,True,False,,false,verified_in,,true,false
L1291,2026-06-19,Emily,Clark,clark.emily@nimbuserp.com,Product Marketing Manager,Nimbus ERP,nimbuserp.com,1000+,Software,FR,email_blast,email,july-promo,Yes,Emily,Clark,Nimbus ERP, Product Marketing Manager,France,False,Yes,true,email%20blast,False,e-mail,False,JULY%20PROMO,False,clark.emily@nimbuserp.com,clark.emily@nimbuserp.com,work,False,False,False,False,False,www.nimbuserp.com,True,,True,False,,true,verified_in,,true,false
L2040,2026-05-02,Kenneth,Muller,kmuller@evalhouse.ai,Data Scientist,EvalHouse,evalhouse.ai,1-10,AI/ML software,SG,reddit,social,r-machinelearning,,Kenneth,Muller,EvalHouse  ,Data Scientist,singapore,False,,unknown,reddit,False,social,False,r-machinelearning,False,kmuller@evalhouse.ai,kmuller@evalhouse.ai,work,False,False,False,False,False,https://evalhouse.ai,True,,True,False,,false,ambiguous,,false,false
L1104,2026-04-19,Brian,Anderson,brian.anderson@ridgewayconstruction.com,Project Manager,RIDGEWAY CONSTRUCTION,ridgewayconstruction.com,11-50,,CA,linkedin,paid_social,serverless-launch,NULL,BRIAN,Anderson,RIDGEWAY CONSTRUCTION,Project Manager,canada,False,NULL,unknown,linkedin,False,paid_social,False,serverless-launch,False,brian.anderson@ridgewayconstruction.com,brian.anderson@ridgewayconstruction.com,work,False,False,False,False,False,https://ridgewayconstruction.com,True,,True,False,,false,verified_in,,true,false
L2509,2026-06-10,Melissa,Campbell,MELISSA.CAMPBELL@RIDGEWAYCONSTRUCTION.COM,Independent Consultant,Ridgeway Construction,,11-50,Construction,IE,producthunt,referral,launch,true,Melissa,Campbell,Ridgeway Construction,Independent Consultant,Ireland,False,true,true,producthunt,False,referral,False,launch,False,MELISSA.CAMPBELL@RIDGEWAYCONSTRUCTION.COM,melissa.campbell@ridgewayconstruction.com,work,False,False,False,False,False,,False,,True,False,,true,verified_in,,false,true
L1354,2026-06-17,Chris,Brown,chrisb@peakfitnessstudios.com,,Peak Fitness Studios,peakfitnessstudios.com,,Fitness,AU,linkedin,paid_social,serverless-launch,unknown,Chris,Brown,Peak Fitness Studios,,australia,False,unknown,unknown,linkedin,False,paid_social,False,serverless-launch,False,chrisb@peakfitnessstudios.com,chrisb@peakfitnessstudios.com,work,False,False,False,False,False,www.peakfitnessstudios.com,True,,True,False,,false,ambiguous,,false,false
L1353,2026-05-01,Lisa,Kowalski,lisak@apptide.com,SWE,Apptide,apptide.com,,Software,IN,google,cpc,brand-search-q3,,Lisa  ,Kowalski,Apptide,SWE,IN,False,,unknown,google,False,cpc,False,brand-search-q3,False,lisak@apptide.com,lisak@apptide.com,work,False,False,False,False,False,www.apptide.com,True,lisak@apptide.com,True,False,,false,verified_in,,true,false
L2383,2026-06-11,Rachel,Young,ryoung@loopware.io,,Loopware,loopware.io,1000+,,JP,blog,referral,pricing-post,NULL,Rachel,YOUNG,Loopware,,JP,False,NULL,unknown,blog,False,referral,False,pricing-post,False,ryoung@loopware.io,ryoung@loopware.io,work,False,False,False,False,False,www.loopware.io,True,,True,False,,false,verified_out,,false,false
L1394,2026-05-24,Cynthia,Torres,torres.cynthia@ridgewayconstruction.com,Recruiter,Ridgeway Construction,ridgewayconstruction.com,11-50,,CA,producthunt,referral,launch,,Cynthia,Torres,Ridgeway Construction,Recruiter,Canada,False,,unknown,producthunt,False,referral,False,launch,False,torres.cynthia@ridgewayconstruction.com,torres.cynthia@ridgewayconstruction.com,work,False,False,False,False,False,https://ridgewayconstruction.com,True,,True,False,,false,verified_in,,false,false
L1141,2026-04-21,Laura,Lopez,llopez@stateuniv.edu,PhD Student,State University,stateuniv.edu,1000+,Education,CA,blog,referral,pricing-post,pending,Laura,lopez,State University,PhD Student,Canada,False,pending,unknown,blog,False,referral,False,pricing-post,False,llopez@stateuniv.edu,llopez@stateuniv.edu,work,False,False,True,False,False,www.stateuniv.edu,True,,True,False,,false,verified_in,,false,false
L2485,2026-06-25,Ronald,Gonzalez,ronald_gonzalez@neuralight.io,Co-Founder & CTO,Neuralight,,201-500,AI/ML software,BR,docs,referral,quickstart,pending,Ronald,Gonzalez  ,Neuralight,Co-Founder & CTO,Brazil,False,pending,unknown,docs,False,referral,False,quickstart,False,ronald_gonzalez@neuralight.io,ronald_gonzalez@neuralight.io,work,False,False,False,False,False,,False,,True,False,,false,ambiguous,,false,false
L2050,2026-04-02,Yuki,Hall,yukih@promptline.ai,SWE,Promptline,promptline.ai,11-50,AI/ML software,CA,google,cpc,gpu-cloud-nonbrand,yes,Yuki,hall,Promptline,SWE,Canada,False,yes,true,google,False,cpc,False,gpu-cloud-nonbrand,False,yukih@promptline.ai,yukih@promptline.ai,work,False,False,False,False,False,www.promptline.ai,True,,True,False,,false,verified_in,,false,true
L1084,2026-06-07,Lisa,Hassan,lisa.hassan@pipelinelabs.io,Backend Engineer,Pipeline Labs,,1000+,Software,,producthunt,referral,launch,true,Lisa,Hassan,Pipeline Labs,Backend Engineer,,False,true,true,producthunt,False,referral,False,launch,False,lisa.hassan@pipelinelabs.io,lisa.hassan@pipelinelabs.io,work,False,False,False,False,False,,False,,True,False,,false,verified_in,,false,false
L2323,2026-05-05,Helen,Scott,scott.helen@northernuni.edu,,,,,,IN,youtube,video,tutorial-series,, HELEN,Scott,,,india,False,,unknown,youtube,False,video,False,tutorial-series,False,scott.helen@northernuni.edu,scott.helen@northernuni.edu,work,False,False,True,False,False,,False,,True,False,,false,ambiguous,,false,false
L2263,2026-04-01,Helen,Ferrari,helen.ferrari@apptide.com,Backend Engineer,Apptide,apptide.com,501-1000,Software,PL,,,,TRUE,Helen,FERRARI,Apptide,Backend Engineer,Poland,False,TRUE,true,test,True,test,True,test-campaign-DELETE,True,helen.ferrari@apptide.com,helen.ferrari@apptide.com,work,False,False,False,False,False,https://apptide.com,True,,True,False,,true,verified_in,,false,false
L2556,2026-04-16,Alexander,Lopez,lopez.alexander@yahoo.com,MLOps Engineer,formcraft,formcraft.com,1000+,Software,GB,,,,NULL,Alexander,Lopez,formcraft,MLOps Engineer,United Kingdom,False,NULL,unknown,(direct),True,(none),True,,True,lopez.alexander@yahoo.com,lopez.alexander@yahoo.com,freemail,False,False,False,False,False,https://formcraft.com,True,,True,False,,false,verified_in,,false,false
L2567,2026-05-05,Larry,Martinez,larrym@brightqueue.io,NLP Engineer,brightqueue,brightqueue.io,51-200,Software,ES,blog,referral,pricing-post,no,Larry,martinez,brightqueue,NLP Engineer,España,False,no,false,blog,False,referral,False,pricing-post,False,larrym@brightqueue.io,larrym@brightqueue.io,work,False,False,False,False,False,https://brightqueue.io,True,,True,False,,true,verified_out,,true,false
L2045,2026-04-29,David,Ali,david.ali@yahoo.com,Data Scientist,Stackline Software,stacklinesoftware.com,11-50,Software,CA,google,organic,,,David,Ali,Stackline Software,Data Scientist,CA,False,,unknown,google,False,organic,False,,True,david.ali@yahoo.com,david.ali@yahoo.com,freemail,False,False,False,False,False,www.stacklinesoftware.com,True,,True,False,,false,verified_in,,false,true
L2528,2026-05-14,William,Nelson,william_nelson@opsfleet.com,Staff Engineer,Opsfleet,opsfleet.com,1000+,,GB,,,,,William,Nelson,Opsfleet,Staff Engineer,GB,False,,unknown,null,True,null,True,null,True,william_nelson@opsfleet.com,william_nelson@opsfleet.com,work,False,False,False,False,False,https://opsfleet.com,True,,True,False,,false,ambiguous,,false,false
L1504,2026-06-12,Kwame,Allen,kwamea@voxeldynamics.ai,Recruiter,Voxel Dynamics,,51-200,,SG,github,referral,docs-cta,unknown,Kwame,Allen,Voxel Dynamics,Recruiter  ,singapore,False,unknown,unknown,github,False,referral,False,docs-cta,False,kwamea@voxeldynamics.ai,kwamea@voxeldynamics.ai,work,False,False,False,False,False,,False,,True,False,,false,verified_out,,true,false
L1492,2026-05-21,Emily,Becker,becker.emily@agentstack.dev,Director of Infrastructure,AgentStack,agentstack.dev,1000+,AI/ML software,FR,google,cpc,gpu-cloud-nonbrand,0,Emily,Becker,AgentStack,Director of Infrastructure,France,False,0,false,google,False,cpc,False,gpu-cloud-nonbrand,False,becker.emily@agentstack.dev,becker.emily@agentstack.dev,work,False,False,False,False,False,https://agentstack.dev,True,,True,False,,true,verified_out,,false,false
L1853,2026-04-10,Amara,Brown,brown.amara@shipmate.io,Technical Consultant,Shipmate,shipmate.io,201-500,Software,CA,google,organic,,,Amara,Brown,Shipmate,Technical Consultant,CA,False,,unknown,google,False,organic,False,,True,brown.amara@shipmate.io,brown.amara@shipmate.io,work,False,False,False,False,False,https://shipmate.io,True,,True,False,,false,ambiguous,,false,false
L2233,2026-04-26,Elena,Hoffmann,hoffmann.elena@proton.me,Deep Learning Engineer,LegalMind AI,legalmind.ai,201-500,AI/ML software,IT,twitter,social,launch-week,pending,Elena,Hoffmann,LegalMind AI,Deep Learning Engineer,italy,False,pending,unknown,twitter,False,social,False,launch-week,False,hoffmann.elena@proton.me,hoffmann.elena@proton.me,freemail,False,False,False,False,False,www.legalmind.ai,True,,True,False,,true,verified_in,,false,false
L1994,2026-05-20,Elizabeth,Taylor,elizabetht@cornerstoneins.com,NLP Engineer,Cornerstone Insurance,,11-50,Insurance,JP,newsletter,email,weekly-digest,NULL,Elizabeth,Taylor,Cornerstone Insurance,NLP Engineer,JP,False,NULL,unknown,newsletter,False,email,False,weekly-digest,False,elizabetht@cornerstoneins.com,elizabetht@cornerstoneins.com,work,False,False,False,False,False,,False,,True,False,,false,ambiguous,,false,false
L2031,2026-05-04,Steven,Becker,STEVEN.BECKER@PROMPTLINE.AI,VP of AI Infrastructure,Promptline,promptline.ai,11-50,AI/ML software,IN,google,cpc,brand-search-q3,pending,Steven,Becker,Promptline,VP of AI Infrastructure  ,IN,False,pending,unknown,google,False,cpc,False,brand-search-q3,False,STEVEN.BECKER@PROMPTLINE.AI,steven.becker@promptline.ai,work,False,False,False,False,False,www.promptline.ai,True,,True,False,,false,ambiguous,,false,false
L2003,2026-04-10,Carol,Tanaka,tanaka.carol@voxeldynamics.ai,Accountant,voxel dynamics,voxeldynamics.ai,51-200,,CA,producthunt,referral,launch,Yes,Carol,Tanaka,voxel dynamics,Accountant,canada,False,Yes,true,producthunt,False,referral,False,launch,False,tanaka.carol@voxeldynamics.ai,tanaka.carol@voxeldynamics.ai,work,False,False,False,False,False,https://voxeldynamics.ai,True,,True,False,,false,verified_in,,false,false
L1297,2026-05-10,Andrew,Jackson,andrewj@streamlyne.io,CTO,Streamlyne,streamlyne.io,11-50,Software,US,google,cpc,gpu-cloud-nonbrand,granted,Andrew,JACKSON,Streamlyne,CTO,US,False,granted,true,google,False,cpc,False,gpu-cloud-nonbrand,False,andrewj@streamlyne.io,andrewj@streamlyne.io,work,False,False,False,False,False,www.streamlyne.io,True,,True,False,,false,verified_in,,false,true
L1202,2026-06-08,Gregory,Ali,gali@tensorloop.io,SVP Engineering,TensorLoop,tensorloop.io,51-200,,US,google,organic,,,Gregory,Ali,TensorLoop  ,SVP Engineering,united states,False,,unknown,google,False,organic,False,,True,gali@tensorloop.io,gali@tensorloop.io,work,False,False,False,False,False,https://tensorloop.io,True,,True,False,,false,ambiguous,,false,false
L2859,2026-05-21,Kimberly,Scott,scott.kimberly@opsfleet.com,Director of Platform Engineering,Opsfleet,opsfleet.com,1000+,Software,,blog,referral,pricing-post,,Kimberly,Scott,Opsfleet,Director of Platform Engineering,,False,,unknown,blog,False,referral,False,pricing-post,False,scott.kimberly@opsfleet.com,scott.kimberly@opsfleet.com,work,False,False,False,False,False,https://opsfleet.com,True,scott.kimberly@opsfleet.com,True,True,job_title,false,verified_in,,false,false
L2554,2026-06-02,Justin,Okafor,justin.okafor@voxeldynamics.ai,Owner,voxel dynamics,voxeldynamics.ai,51-200,AI/ML software,,linkedin,paid_social,serverless-launch,,Justin,Okafor,voxel dynamics,Owner,,False,,unknown,linkedin,False,paid_social,False,serverless-launch,False,justin.okafor@voxeldynamics.ai,justin.okafor@voxeldynamics.ai,work,False,False,False,False,False,www.voxeldynamics.ai,True,,True,False,,false,ambiguous,,false,false
L2752,2026-06-03,Jessica,Wilson,wilson.jessica@formcraft.com,Software Engineer,Formcraft,formcraft.com,1000+,Software,PL,,,,,Jessica,Wilson,Formcraft,Software Engineer,PL,False,,unknown,test,True,test,True,test-campaign-DELETE,True,wilson.jessica@formcraft.com,wilson.jessica@formcraft.com,work,False,False,False,False,False,https://formcraft.com,True,,True,False,,true,verified_in,,false,false
L2371,2026-05-05,Donald,Brown,dbrown@quantavision.io,,Quanta Vision,,1-10,,,youtube,video,tutorial-series,,Donald,Brown,Quanta Vision,,,False,,unknown,youtube,False,video,False,tutorial-series,False,dbrown@quantavision.io,dbrown@quantavision.io,work,False,False,False,False,False,,False,,True,False,,false,ambiguous,,false,false
L1026,2026-04-07,Carol,Walker,carol.walker@embediq.ai,Data Scientist,embediq,embediq.ai,1000+,AI/ML software,IN,youtube,video,tutorial-series,pending,Carol,Walker,embediq,Data Scientist,India,False,pending,unknown,youtube,False,video,False,tutorial-series,False,carol.walker@embediq.ai,carol.walker@embediq.ai,work,False,False,False,False,False,https://embediq.ai,True,,True,False,,false,ambiguous,,false,false
L1906,2026-06-23,Margaret,Fischer,margaretf@hotmail.com,MS Student,Northern University,northernuni.edu,1000+,Education,IN,google,cpc,brand-search-q3,unknown,Margaret,Fischer,Northern University,MS Student,IN,False,unknown,unknown,google,False,cpc,False,brand-search-q3,False,margaretf@hotmail.com,margaretf@hotmail.com,freemail,False,False,False,False,False,www.northernuni.edu,True,,True,False,,false,ambiguous,,false,false
L2601,2026-05-23,Jeffrey,Rodriguez,jeffrey_rodriguez@northernuni.edu,Graduate Student,Northern University,northernuni.edu,1000+,Education,CA,newsletter,email,weekly-digest,,Jeffrey,RODRIGUEZ,Northern University,Graduate Student  ,Canada,False,,unknown,newsletter,False,email,False,weekly-digest,False,jeffrey_rodriguez@northernuni.edu,jeffrey_rodriguez@northernuni.edu,work,False,False,True,False,False,www.northernuni.edu,True,,True,False,,false,verified_in,,false,true
L1167,2026-06-26,David,Larsen,DAVIDL@GMAIL.COM,DevOps Engineer,Mistletoe ML,mistletoeml.com,1000+,,SG,google,cpc,brand-search-q3,NULL,David,Larsen, Mistletoe ML,DevOps Engineer,SG,False,NULL,unknown,google,False,cpc,False,brand-search-q3,False,DAVIDL@GMAIL.COM,davidl@gmail.com,freemail,False,False,False,False,False,www.mistletoeml.com,True,,True,False,,false,verified_in,,false,false
L2714,2026-05-03,Michelle,Wright,michelle_wright@instech.edu,MS Student,,,,,SE,google,organic,,,Michelle,wright,,MS Student,sweden,False,,unknown,google,False,organic,False,,True,michelle_wright@instech.edu,michelle_wright@instech.edu,work,False,False,True,False,False,,False,,True,False,,true,ambiguous,EU / Consent Verification Needed,false,false
L1341,2026-06-14,Jason,Rodriguez,rodriguez.jason@apexautoparts.com,Project Manager,apex auto parts,apexautoparts.com,201-500,Automotive,SG,reddit,social,r-machinelearning,NULL,Jason, Rodriguez,apex auto parts,Project Manager,singapore,False,NULL,unknown,reddit,False,social,False,r-machinelearning,False,rodriguez.jason@apexautoparts.com,rodriguez.jason@apexautoparts.com,work,False,False,False,False,False,https://apexautoparts.com,True,,True,False,,false,ambiguous,,false,false
L1482,2026-05-07,Carol,Flores,carol_flores@loopware.io,Builder,,,,,CA,reddit,social,r-machinelearning,pending,Carol,Flores,,Builder,Canada,False,pending,unknown,reddit,False,social,False,r-machinelearning,False,carol_flores@loopware.io,carol_flores@loopware.io,work,False,False,False,False,False,,False,,True,False,,false,ambiguous,,false,false
L1545,2026-04-30,Linda,Kumar,linda.kumar@axonresearch.ai,NLP Engineer,Axon Research,axonresearch.ai,11-50,AI/ML software,IT,google,organic,,true,Linda,Kumar,Axon Research,NLP Engineer,Italy,False,true,true,google,False,organic,False,,True,linda.kumar@axonresearch.ai,linda.kumar@axonresearch.ai,work,False,False,False,False,False,www.axonresearch.ai,True,,True,False,,true,verified_in,,false,false
L1193,2026-06-06,Sandra,Moore,smoore@vectorly.ai,VP Engineering,Vectorly AI,vectorly.ai,,,GB,docs,referral,quickstart,pending,Sandra,Moore,Vectorly AI,VP Engineering,uk,False,pending,unknown,docs,False,referral,False,quickstart,False,smoore@vectorly.ai,smoore@vectorly.ai,work,False,False,False,False,False,www.vectorly.ai,True,,True,False,,false,ambiguous,,false,false
L1414,2026-04-27,Robert,Scott,rscott@tokenworks.io,Freelancer,TokenWorks,tokenworks.io,,,US,linkedin,paid_social,serverless-launch,pending,Robert,Scott,TokenWorks,Freelancer,USA,False,pending,unknown,linkedin,False,paid_social,False,serverless-launch,False,rscott@tokenworks.io,rscott@tokenworks.io,work,False,False,False,False,False,www.tokenworks.io,True,,True,False,,false,ambiguous,,false,false
L1427,2026-06-21,Wei,Hall,whall@brightqueue.io,Project Manager,BrightQueue,brightqueue.io,51-200,,JP,twitter,social,launch-week,1,Wei,Hall,BrightQueue,Project Manager,Japan,False,1,true,twitter,False,social,False,launch-week,False,whall@brightqueue.io,whall@brightqueue.io,work,False,False,False,False,False,https://brightqueue.io,True,,True,False,,false,verified_in,,false,false
L2691,2026-05-26,Karen,Rivera,KARENR@HOTMAIL.COM,Deep Learning Engineer,MetricsHub,metricshub.com,1000+,Software,PL,producthunt,referral,launch,true,Karen, Rivera,MetricsHub,Deep Learning Engineer,PL,False,true,true,producthunt,False,referral,False,launch,False,KARENR@HOTMAIL.COM,karenr@hotmail.com,freemail,False,False,False,False,False,https://metricshub.com,True,,True,False,,true,verified_in,,false,false
L2370,2026-06-26,Elena,Perez,eperez@centralpoly.edu,Student,central polytechnic,centralpoly.edu,1000+,,CA,newsletter,email,weekly-digest,unknown,Elena,Perez,central polytechnic,Student,Canada,False,unknown,unknown,newsletter,False,email,False,weekly-digest,False,eperez@centralpoly.edu,eperez@centralpoly.edu,work,False,False,True,False,False,www.centralpoly.edu,True,,True,False,,false,ambiguous,,false,false
L1668,2026-05-30,Sarah,Ferrari,ferrari.sarah@stacklinesoftware.com,Customer Success Manager,Stackline Software,stacklinesoftware.com,11-50,Software,DE,newsletter,email,weekly-digest,granted,Sarah,ferrari,Stackline Software,Customer Success Manager,Germany,False,granted,true,newsletter,False,email,False,weekly-digest,False,ferrari.sarah@stacklinesoftware.com,ferrari.sarah@stacklinesoftware.com,work,False,False,False,False,False,www.stacklinesoftware.com,True,,True,False,,true,verified_in,,false,false
L2610,2026-06-02,Mateo,Sanchez,mateo.sanchez@cornerstoneins.com,Chief AI Officer,Cornerstone Insurance,cornerstoneins.com,11-50,Insurance,SG,producthunt,referral,launch,Yes,mateo,Sanchez,Cornerstone Insurance,Chief AI Officer,singapore,False,Yes,true,producthunt,False,referral,False,launch,False,mateo.sanchez@cornerstoneins.com,mateo.sanchez@cornerstoneins.com,work,False,False,False,False,False,www.cornerstoneins.com,True,,True,False,,false,verified_in,,false,false
L1479,2026-05-05,Mateo,White,mateow@signalfold.com,Research Engineer,Signalfold,signalfold.com,1000+,,,facebook,paid_social,fb_q3,TRUE, Mateo,White,Signalfold,Research Engineer,,False,TRUE,true,facebook,False,Paid-Social,False,FB_Q3,False,mateow@signalfold.com,mateow@signalfold.com,work,False,False,False,False,False,https://signalfold.com,True,,True,False,,false,verified_in,,false,false
L1473,2026-06-04,Jonathan,Chen,jonathan.chen@databarn.io,CEO,DataBarn,databarn.io,11-50,,AU,docs,referral,quickstart,,Jonathan,Chen,DataBarn,CEO,australia,False,,unknown,docs,False,referral,False,quickstart,False,jonathan.chen@databarn.io,jonathan.chen@databarn.io,work,False,False,False,False,False,www.databarn.io,True,,True,False,,false,ambiguous,,false,false
L2619,2026-06-18,Andrew,Jackson,jackson.andrew@apptide.com,Head of AI,Apptide,apptide.com,501-1000,Software,GB,newsletter,email,weekly-digest,,Andrew,jackson,Apptide  ,Head of AI,GB,False,,unknown,newsletter,False,email,False,weekly-digest,False,jackson.andrew@apptide.com,jackson.andrew@apptide.com,work,False,False,False,False,False,www.apptide.com,True,,True,False,,false,ambiguous,,false,false
L1246,2026-04-18,Stephanie,Park,STEPHANIE_PARK@MISTLETOEML.COM,ml engineer,Mistletoe ML,mistletoeml.com,1000+,AI/ML software,ES,facebook,paid_social,fb_q3,0,Stephanie,Park,Mistletoe ML,ml engineer,España,False,0,false,facebook,False,Paid-Social,False,FB_Q3,False,STEPHANIE_PARK@MISTLETOEML.COM,stephanie_park@mistletoeml.com,work,False,False,False,False,False,https://mistletoeml.com,True,,True,False,,true,verified_out,,false,false
L1180,2026-06-08,Joseph,Garcia,garcia.joseph@opsfleet.com,SWE,Opsfleet,opsfleet.com,1000+,Software,SE,docs,referral,quickstart,granted,Joseph,Garcia, Opsfleet,SWE,Sweden,False,granted,true,docs,False,referral,False,quickstart,False,garcia.joseph@opsfleet.com,garcia.joseph@opsfleet.com,work,False,False,False,False,False,www.opsfleet.com,True,,True,False,,true,verified_in,,false,false
L2395,2026-04-07,Zara,Nguyen,znguyen@securexsystems.com,Research Scientist,Securex Systems,securexsystems.com,1-10,Software,BR,blog,referral,pricing-post,unknown,Zara,Nguyen,Securex Systems,Research Scientist,BR,False,unknown,unknown,blog,False,referral,False,pricing-post,False,znguyen@securexsystems.com,znguyen@securexsystems.com,work,False,False,False,False,False,www.securexsystems.com,True,,True,False,,false,verified_in,,false,false
L2411,2026-05-15,Mateo,Lopez,mateol@cascade-ai.com,Senior ML Engineer,Cascade AI,cascade-ai.com,51-200,AI/ML software,CA,reddit,social,r-machinelearning,,Mateo,Lopez,Cascade AI,Senior ML Engineer,Canada,False,,unknown,reddit,False,social,False,r-machinelearning,False,mateol@cascade-ai.com,mateol@cascade-ai.com,work,False,False,False,False,False,www.cascade-ai.com,True,,True,False,,false,verified_in,,true,false
L2357,2026-04-26,George,Martinez,georgem@corticon.ai,Business Analyst,CORTICON AI,corticon.ai,501-1000,,,facebook,paid_social,fb_q3,NULL,George,MARTINEZ,CORTICON AI,Business Analyst,,False,NULL,unknown,facebook,False,Paid-Social,False,FB_Q3,False,georgem@corticon.ai,georgem@corticon.ai,work,False,False,False,False,False,www.corticon.ai,True,,True,False,,false,ambiguous,,false,false
L2290,2026-04-21,Carol,Kumar,ckumar@yahoo.com,Student,State University,stateuniv.edu,,,IN,google,organic,,unknown,Carol,Kumar,State University,Student,india,False,unknown,unknown,google,False,organic,False,,True,ckumar@yahoo.com,ckumar@yahoo.com,freemail,False,False,False,False,False,https://stateuniv.edu,True,,True,False,,false,ambiguous,,false,false
L1182,2026-04-19,Scott,Andersson,scott_andersson@proton.me,MS Student,Institute of Technology,instech.edu,1000+,Education,FR,facebook,paid,fb_q3,NULL,Scott, Andersson,Institute of Technology,MS Student,FRA,False,NULL,unknown,FB,False,paid,False,fb_q3,False,scott_andersson@proton.me,scott_andersson@proton.me,freemail,False,False,False,False,False,www.instech.edu,True,,True,False,,true,ambiguous,EU / Consent Verification Needed,false,false
L2057,2026-05-22,Larry,Miller,larrym@opsfleet.com,,Opsfleet,opsfleet.com,1000+,Software,IN,twitter,social,launch-week,unknown,larry,Miller,Opsfleet  ,,India,False,unknown,unknown,twitter,False,social,False,launch-week,False,larrym@opsfleet.com,larrym@opsfleet.com,work,False,False,False,False,False,www.opsfleet.com,True,,True,False,,false,verified_in,,false,false
L2150,2026-06-27,Diego,Torres,diegot@loopware.io,Office Manager,loopware,loopware.io,1000+,,,google,organic,,pending,Diego,Torres,loopware,Office Manager,,False,pending,unknown,google,False,organic,False,,True,diegot@loopware.io,diegot@loopware.io,work,False,False,False,False,False,https://loopware.io,True,,True,False,,false,verified_in,,false,false
L1232,2026-06-11,Yuki,Tanaka,tanaka.yuki@icloud.com,Office Manager,APEX AUTO PARTS,apexautoparts.com,201-500,Automotive,AU,,,,unknown, Yuki,Tanaka,APEX AUTO PARTS,Office Manager,Australia,False,unknown,unknown,undefined,True,undefined,True,,True,tanaka.yuki@icloud.com,tanaka.yuki@icloud.com,freemail,False,False,False,False,False,www.apexautoparts.com,True,,True,False,,false,verified_in,,false,false
L2808,2026-06-22,Kathleen,Hernandez,kathleen_hernandez@fieldstonetech.com,Co-founder,Fieldstone Tech,fieldstonetech.com,501-1000,Software,CA,newsletter,email,weekly-digest,NULL,Kathleen,Hernandez,Fieldstone Tech,Co-founder,canada,False,NULL,unknown,newsletter,False,email,False,weekly-digest,False,kathleen_hernandez@fieldstonetech.com,kathleen_hernandez@fieldstonetech.com,work,False,False,False,False,False,https://fieldstonetech.com,True,kathleen_hernandez@fieldstonetech.com,True,False,,false,verified_in,,true,false
L2020,2026-04-17,Thomas,Scott,tscott@neuralight.io,Director of AI,NEURALIGHT,neuralight.io,201-500,AI/ML software,IE,google,cpc,gpu-cloud-nonbrand,,THOMAS,Scott,NEURALIGHT,Director of AI,IE,False,,unknown,google,False,cpc,False,gpu-cloud-nonbrand,False,tscott@neuralight.io,tscott@neuralight.io,work,False,False,False,False,False,www.neuralight.io,True,,True,False,,true,ambiguous,EU / Consent Verification Needed,false,false
L2083,2026-04-08,Justin,Okafor,jokafor@signalfold.com,Infrastructure Engineer,Signalfold,signalfold.com,1000+,AI/ML software,CA,producthunt,referral,launch,unknown,Justin,Okafor,Signalfold,Infrastructure Engineer,Canada,False,unknown,unknown,producthunt,False,referral,False,launch,False,jokafor@signalfold.com,jokafor@signalfold.com,work,False,False,False,False,False,www.signalfold.com,True,,True,False,,false,ambiguous,,false,false
L2448,2026-05-25,Katherine,Thompson,KTHOMPSON@BELLAVISTAREALTY.COM,Social Media Manager,BELLA VISTA REALTY,,201-500,Real estate,SG,facebook,paid,fb_q3,1,Katherine  ,Thompson,BELLA VISTA REALTY,Social Media Manager,singapore,False,1,true,FB,False,paid,False,fb_q3,False,KTHOMPSON@BELLAVISTAREALTY.COM,kthompson@bellavistarealty.com,work,False,False,False,False,False,,False,,True,False,,false,verified_in,,false,false
L2776,2026-04-26,Chris,Hansen,chrish@luminaml.com,Staff Engineer,Lumina ML,luminaml.com,11-50,AI/ML software,BR,google,cpc,brand-search,pending,Chris,Hansen,Lumina ML,Staff Engineer,BR,False,pending,unknown,google ,False, cpc,False,brand search,False,chrish@luminaml.com,chrish@luminaml.com,work,False,False,False,False,False,https://luminaml.com,True,,True,False,,false,verified_in,,true,false
L2108,2026-04-18,Amara,Clark,clark.amara@proton.me,Research Engineer,Summit Dental Group,summitdentalgroup.com,11-50,Healthcare,SG,youtube,video,tutorial-series,,Amara,Clark  ,Summit Dental Group,Research Engineer,SG,False,,unknown,youtube,False,video,False,tutorial-series,False,clark.amara@proton.me,clark.amara@proton.me,freemail,False,False,False,False,False,www.summitdentalgroup.com,True,,True,False,,false,verified_in,,false,false
L2500,2026-06-14,Lars,Scott,lars_scott@agentstack.dev,NLP Engineer,AgentStack,agentstack.dev,,AI/ML software,US,google,cpc,gpu-cloud-nonbrand,,Lars,SCOTT  ,AgentStack,NLP Engineer,USA,False,,unknown,google,False,cpc,False,gpu-cloud-nonbrand,False,lars_scott@agentstack.dev,lars_scott@agentstack.dev,work,False,False,False,False,False,https://agentstack.dev,True,,True,False,,false,ambiguous,,false,false
L1498,2026-06-15,Emma,Ferrari,emma_ferrari@ragpipe.dev,Content Writer,RagPipe,ragpipe.dev,501-1000,AI/ML software,IN,github,referral,docs-cta,NULL,Emma,ferrari,RagPipe,Content Writer,IN,False,NULL,unknown,github,False,referral,False,docs-cta,False,emma_ferrari@ragpipe.dev,emma_ferrari@ragpipe.dev,work,False,False,False,False,False,www.ragpipe.dev,True,,True,False,,false,ambiguous,,false,false
L1175,2026-06-20,Daniel,Wagner,dwagner@legalmind.ai,SWE,LegalMind AI,legalmind.ai,201-500,,US,google,organic,,Yes,DANIEL, Wagner,LegalMind AI,SWE,usa,False,Yes,true,google,False,organic,False,,True,dwagner@legalmind.ai,dwagner@legalmind.ai,work,False,False,False,False,False,www.legalmind.ai,True,,True,False,,false,verified_in,,false,false
L2213,2026-04-16,Laura,Sanchez,sanchez.laura@mistletoeml.com,MLOps Engineer,,,,,JP,youtube,video,tutorial-series,,Laura,Sanchez,,MLOps Engineer,Japan,False,,unknown,youtube,False,video,False,tutorial-series,False,sanchez.laura@mistletoeml.com,sanchez.laura@mistletoeml.com,work,False,False,False,False,False,,False,,True,False,,false,ambiguous,,false,false
L1551,2026-04-25,Patrick,Wilson,wilson.patrick@stateuniv.edu,Indie hacker,State University,stateuniv.edu,1000+,Education,IE,github,referral,docs-cta,true,Patrick  ,Wilson,State University, Indie hacker,IE,False,true,true,github,False,referral,False,docs-cta,False,wilson.patrick@stateuniv.edu,wilson.patrick@stateuniv.edu,work,False,False,True,False,False,https://stateuniv.edu,True,,True,False,,true,verified_in,,false,false
L2477,2026-04-30,Sofia,Rodriguez,srodriguez@evalhouse.ai,Research Engineer,EvalHouse,evalhouse.ai,1-10,AI/ML software,GB,,,,,Sofia, Rodriguez,EvalHouse,Research Engineer,United Kingdom,False,,unknown,test,True,test,True,test-campaign-DELETE,True,srodriguez@evalhouse.ai,srodriguez@evalhouse.ai,work,False,False,False,False,False,www.evalhouse.ai,True,,True,False,,false,ambiguous,,false,false
L2424,2026-04-24,Emily,Rossi,emily_rossi@proton.me,Postdoc,Northern University,northernuni.edu,,Education,GB,producthunt,referral,launch,NULL, Emily,Rossi,Northern University, Postdoc,UK,False,NULL,unknown,producthunt,False,referral,False,launch,False,emily_rossi@proton.me,emily_rossi@proton.me,freemail,False,False,False,False,False,https://northernuni.edu,True,,True,False,,false,ambiguous,,false,false
L2049,2026-06-12,Edward,Thompson,thompson.edward@pipelinelabs.io,,Pipeline Labs,pipelinelabs.io,1000+,Software,IN,reddit,social,r-machinelearning,,Edward,Thompson,Pipeline Labs,,IN,False,,unknown,reddit,False,social,False,r-machinelearning,False,thompson.edward@pipelinelabs.io,thompson.edward@pipelinelabs.io,work,False,False,False,False,False,https://pipelinelabs.io,True,,True,False,,false,ambiguous,,false,false
L2162,2026-04-02,Zara,Andersson,zara.andersson@outlook.com,PhD Candidate,Institute of Technology,instech.edu,1000+,Education,BR,newsletter,email,weekly-digest,NULL,ZARA,Andersson,Institute of Technology,PhD Candidate,Brazil,False,NULL,unknown,newsletter,False,email,False,weekly-digest,False,zara.andersson@outlook.com,zara.andersson@outlook.com,freemail,False,False,False,False,False,www.instech.edu,True,,True,False,,false,ambiguous,,false,false
L1735,2026-06-28,Rachel,Sanchez,rachel.sanchez@outlook.com,Founder,Harborview Logistics,harborviewlogistics.com,,,US,newsletter,email,weekly-digest,,Rachel  ,Sanchez,Harborview Logistics, Founder,US,False,,unknown,newsletter,False,email,False,weekly-digest,False,rachel.sanchez@outlook.com,rachel.sanchez@outlook.com,freemail,False,False,False,False,False,www.harborviewlogistics.com,True,,True,False,,false,ambiguous,,false,false
L1977,2026-06-24,Scott,Wright,swright@gradientpeak.ai,Applied Scientist,Gradient Peak,gradientpeak.ai,201-500,AI/ML software,US,google,cpc,gpu-cloud-nonbrand,unknown,SCOTT,Wright,Gradient Peak,Applied Scientist,usa,False,unknown,unknown,google,False,cpc,False,gpu-cloud-nonbrand,False,swright@gradientpeak.ai,swright@gradientpeak.ai,work,False,False,False,False,False,https://gradientpeak.ai,True,,True,False,,false,ambiguous,,false,false
L1419,2026-06-09,Angela,Baker,angela.baker@opsfleet.com,Sr. Data Scientist,,,,,SG,github,referral,docs-cta,NULL,angela,Baker,,Sr. Data Scientist,singapore,False,NULL,unknown,github,False,referral,False,docs-cta,False,angela.baker@opsfleet.com,angela.baker@opsfleet.com,work,False,False,False,False,False,,False,,True,False,,false,verified_in,,true,false
L1411,2026-04-06,Stephen,Wagner,swagner@mistletoeml.com,Computer Vision Engineer,Mistletoe ML,mistletoeml.com,1000+,AI/ML software,PL,,,,granted,Stephen,Wagner,Mistletoe ML,Computer Vision Engineer,poland,False,granted,true,undefined,True,undefined,True,,True,swagner@mistletoeml.com,swagner@mistletoeml.com,work,False,False,False,False,False,https://mistletoeml.com,True,,True,False,,true,verified_in,,false,false
L2353,2026-04-22,Katherine,Harris,harris.katherine@summitdentalgroup.com,Builder,Summit Dental Group,,11-50,Healthcare,ES,docs,referral,quickstart,,Katherine,Harris,Summit Dental Group,Builder,España,False,,unknown,docs,False,referral,False,quickstart,False,harris.katherine@summitdentalgroup.com,harris.katherine@summitdentalgroup.com,work,False,False,False,False,False,,False,,True,False,,true,ambiguous,EU / Consent Verification Needed,false,false
L1709,2026-06-28,Sandra,Singh,sandra_singh@peakfitnessstudios.com,Managing Partner,Peak Fitness Studios,peakfitnessstudios.com,51-200,Fitness,AU,twitter,social,launch-week,pending,Sandra,singh,Peak Fitness Studios,Managing Partner,australia,False,pending,unknown,twitter,False,social,False,launch-week,False,sandra_singh@peakfitnessstudios.com,sandra_singh@peakfitnessstudios.com,work,False,False,False,False,False,www.peakfitnessstudios.com,True,,True,False,,false,ambiguous,,false,false
L2152,2026-04-08,Amanda,Martin,martin.amanda@peakfitnessstudios.com,Product Marketing Manager,,,,,US,twitter,social,launch-week,,Amanda,Martin,,Product Marketing Manager,U.S.,False,,unknown,twitter,False,social,False,launch-week,False,martin.amanda@peakfitnessstudios.com,martin.amanda@peakfitnessstudios.com,work,False,False,False,False,False,,False,,True,False,,false,verified_in,,false,false
L1399,2026-06-06,Karen,Taylor,karen.taylor@modelry.ai,Applied Scientist,,,,,AU,youtube,video,tutorial-series,,Karen,taylor,,Applied Scientist,Australia,False,,unknown,youtube,False,video,False,tutorial-series,False,karen.taylor@modelry.ai,karen.taylor@modelry.ai,work,False,False,False,False,False,,False,,True,False,,false,ambiguous,,false,false
L1536,2026-06-17,Paul,Singh,paul.singh@corticon.ai,NLP Engineer,Corticon AI,,501-1000,AI/ML software,ES,email_blast,email,july-promo,,Paul,singh,Corticon AI,NLP Engineer,Spain,False,,unknown,email%20blast,False,e-mail,False,JULY%20PROMO,False,paul.singh@corticon.ai,paul.singh@corticon.ai,work,False,False,False,False,False,,False,,True,False,,true,ambiguous,EU / Consent Verification Needed,false,false
L2699,2026-05-03,Susan,Perez,susan.perez@stateuniv.edu,Postdoc,State University,stateuniv.edu,1000+,,US,,,,,Susan,Perez,State University,Postdoc,USA,False,,unknown,test,True,test,True,test-campaign-DELETE,True,susan.perez@stateuniv.edu,susan.perez@stateuniv.edu,work,False,False,True,False,False,www.stateuniv.edu,True,,True,False,,false,verified_in,,false,false
L1535,2026-06-26,Shirley,Kowalski,kowalski.shirley@summitdentalgroup.com,Customer Success Manager,Summit Dental Group,summitdentalgroup.com,11-50,Healthcare,JP,twitter,social,launch-week,pending, Shirley,Kowalski  ,Summit Dental Group,Customer Success Manager,JP,False,pending,unknown,twitter,False,social,False,launch-week,False,kowalski.shirley@summitdentalgroup.com,kowalski.shirley@summitdentalgroup.com,work,False,False,False,False,False,https://summitdentalgroup.com,True,,True,False,,false,verified_in,,false,false
L2442,2026-06-08,Sharon,Thomas,sharon_thomas@diffusia.io,Director of Platform Engineering,Diffusia,diffusia.io,,AI/ML software,NL,,,,yes,Sharon,Thomas,Diffusia,Director of Platform Engineering,The Netherlands,False,yes,true,test,True,test,True,test-campaign-DELETE,True,sharon_thomas@diffusia.io,sharon_thomas@diffusia.io,work,False,False,False,False,False,www.diffusia.io,True,,True,False,,true,verified_in,,false,false
L1421,2026-04-01,Samantha,Okafor,samantha_okafor@databarn.io,Head of Engineering,DATABARN,,11-50,Software,AU,reddit,social,r-machinelearning,,SAMANTHA,Okafor,DATABARN,Head of Engineering,AU,False,,unknown,reddit,False,social,False,r-machinelearning,False,samantha_okafor@databarn.io,samantha_okafor@databarn.io,work,False,False,False,False,False,,False,,True,False,,false,ambiguous,,false,false
L1962,2026-05-15,Raymond,Sanchez,sanchez.raymond@synthworks.ai,"vp, engineering",SynthWorks AI,,,AI/ML software,IT,linkedin,paid_social,serverless-launch,yes,RAYMOND,Sanchez,SynthWorks AI,"vp, engineering",italy,False,yes,true,linkedin,False,paid_social,False,serverless-launch,False,sanchez.raymond@synthworks.ai,sanchez.raymond@synthworks.ai,work,False,False,False,False,False,,False,,True,False,,true,verified_in,,false,true
L2600,2026-04-21,Frank,Roberts,frank.roberts@orbitalmind.ai,Founder & CEO,Orbital Mind,orbitalmind.ai,201-500,AI/ML software,SE,google,cpc,gpu-cloud-nonbrand,yes,FRANK,Roberts,Orbital Mind,Founder & CEO,Sweden,False,yes,true,google,False,cpc,False,gpu-cloud-nonbrand,False,frank.roberts@orbitalmind.ai,frank.roberts@orbitalmind.ai,work,False,False,False,False,False,www.orbitalmind.ai,True,,True,False,,true,verified_in,,false,false
L1685,2026-05-24,Stephen,Ferrari,stephen_ferrari@inferralabs.com,founder/ceo,Inferra Labs,inferralabs.com,1000+,AI/ML software,IN,google,organic,,1,Stephen,Ferrari, Inferra Labs,founder/ceo,IN,False,1,true,google,False,organic,False,,True,stephen_ferrari@inferralabs.com,stephen_ferrari@inferralabs.com,work,False,False,False,False,False,www.inferralabs.com,True,,True,False,,false,verified_in,,false,false
L1225,2026-05-17,Steven,Park,park.steven@quantumnails.com,Chief AI Officer,quantum nails salon,,51-200,Beauty,IN,blog,referral,pricing-post,NULL,Steven,Park,quantum nails salon,Chief AI Officer,India,False,NULL,unknown,blog,False,referral,False,pricing-post,False,park.steven@quantumnails.com,park.steven@quantumnails.com,work,False,False,False,False,False,,False,,True,False,,false,ambiguous,,false,false
L2196,2026-06-08,Karen,Carter,carter.karen@quantumnails.com,Owner,Quantum Nails Salon,quantumnails.com,,,AU,google,organic,,,Karen,Carter,Quantum Nails Salon,Owner,Australia,False,,unknown,google,False,organic,False,,True,carter.karen@quantumnails.com,carter.karen@quantumnails.com,work,False,False,False,False,False,www.quantumnails.com,True,,True,False,,false,verified_in,,true,false
L1786,2026-06-06,Stephanie,Jackson,sjackson@copilothealth.ai,Applied Scientist,Copilot Health AI,copilothealth.ai,,AI/ML software,GB,twitter,social,launch-week,unknown,Stephanie,jackson,Copilot Health AI,Applied Scientist,United Kingdom,False,unknown,unknown,twitter,False,social,False,launch-week,False,sjackson@copilothealth.ai,sjackson@copilothealth.ai,work,False,False,False,False,False,www.copilothealth.ai,True,,True,False,,false,verified_in,,false,false
L2451,2026-04-23,Hans,Adams,hans_adams@voiceforge.ai,Deep Learning Engineer,VoiceForge,voiceforge.ai,51-200,AI/ML software,CA,google,cpc,gpu-cloud-nonbrand,pending,hans,Adams,VoiceForge, Deep Learning Engineer,CA,False,pending,unknown,google,False,cpc,False,gpu-cloud-nonbrand,False,hans_adams@voiceforge.ai,hans_adams@voiceforge.ai,work,False,False,False,False,False,www.voiceforge.ai,True,,True,False,,false,ambiguous,,false,false
L2201,2026-06-18,Thomas,Ali,thomas_ali@proton.me,Hobbyist,State University,stateuniv.edu,1000+,Education,,youtube,video,tutorial-series,TRUE,Thomas  ,ali, State University,Hobbyist,,False,TRUE,true,youtube,False,video,False,tutorial-series,False,thomas_ali@proton.me,thomas_ali@proton.me,freemail,False,False,False,False,False,https://stateuniv.edu,True,,True,False,,false,verified_in,,false,false
L1749,2026-04-13,Sandra,Jones,sjones@proton.me,Head of ML,Peak Fitness Studios,,51-200,Fitness,AU,,,,unknown,Sandra,Jones, Peak Fitness Studios,Head of ML  ,australia,False,unknown,unknown,undefined,True,undefined,True,,True,sjones@proton.me,sjones@proton.me,freemail,False,False,False,False,False,,False,,True,False,,false,verified_in,,false,false
L1531,2026-04-22,Jack,Ferrari,jferrari@hotmail.com,Co-Founder & CTO,Cornerstone Insurance,cornerstoneins.com,11-50,Insurance,,reddit,social,r-machinelearning,TRUE,Jack,FERRARI,Cornerstone Insurance,Co-Founder & CTO  ,,False,TRUE,true,reddit,False,social,False,r-machinelearning,False,jferrari@hotmail.com,jferrari@hotmail.com,freemail,False,False,False,False,False,www.cornerstoneins.com,True,,True,False,,false,verified_in,,false,false
L2563,2026-05-01,Mark,Hoffmann,mark.hoffmann@codewharf.dev,ML Engineer,Codewharf,codewharf.dev,,,IN,linkedin,paid_social,serverless-launch,,Mark,Hoffmann,Codewharf,ML Engineer,india,False,,unknown,linkedin,False,paid_social,False,serverless-launch,False,mark.hoffmann@codewharf.dev,mark.hoffmann@codewharf.dev,work,False,False,False,False,False,https://codewharf.dev,True,,True,False,,false,ambiguous,,false,false
L2278,2026-06-25,Steven,Nelson,snelson@codewharf.dev,AI Engineer,CODEWHARF,codewharf.dev,1000+,,AU,reddit,social,r-machinelearning,pending,Steven,Nelson,CODEWHARF,AI Engineer,AU,False,pending,unknown,reddit,False,social,False,r-machinelearning,False,snelson@codewharf.dev,snelson@codewharf.dev,work,False,False,False,False,False,www.codewharf.dev,True,,True,False,,false,verified_out,,false,false
L1056,2026-05-23,Larry,Wagner,LARRY_WAGNER@VECTORLY.AI,Backend Engineer,Vectorly AI,vectorly.ai,11-50,,SE,producthunt,referral,launch,Yes,LARRY,Wagner,Vectorly AI,Backend Engineer,sweden,False,Yes,true,producthunt,False,referral,False,launch,False,LARRY_WAGNER@VECTORLY.AI,larry_wagner@vectorly.ai,work,False,False,False,False,False,https://vectorly.ai,True,larry_wagner@vectorly.ai,True,False,,true,verified_in,,false,false
L1282,2026-05-10,Samantha,Mitchell,samantha_mitchell@instech.edu,Freelancer,INSTITUTE OF TECHNOLOGY,,1000+,Education,SG,twitter,social,launch-week,NULL,Samantha  ,Mitchell,INSTITUTE OF TECHNOLOGY,Freelancer,SG,False,NULL,unknown,twitter,False,social,False,launch-week,False,samantha_mitchell@instech.edu,samantha_mitchell@instech.edu,work,False,False,True,False,False,,False,,True,False,,false,ambiguous,,false,false
L2348,2026-06-08,Paul,Sharma,paul_sharma@ledgerworks.com,Operations Manager,ledgerworks,ledgerworks.com,51-200,Software,AU,newsletter,email,weekly-digest,pending,paul,Sharma,ledgerworks,Operations Manager,australia,False,pending,unknown,newsletter,False,email,False,weekly-digest,False,paul_sharma@ledgerworks.com,paul_sharma@ledgerworks.com,work,False,False,False,False,False,https://ledgerworks.com,True,,True,False,,false,ambiguous,,false,false
L1158,2026-04-02,Janet,Andersson,janet.andersson@cornerstoneins.com,Business Analyst,Cornerstone Insurance,,11-50,Insurance,GB,reddit,social,r-machinelearning,,Janet,Andersson,Cornerstone Insurance,Business Analyst,GB,False,,unknown,reddit,False,social,False,r-machinelearning,False,janet.andersson@cornerstoneins.com,janet.andersson@cornerstoneins.com,work,False,False,False,False,False,,False,,True,False,,false,ambiguous,,false,false
L1726,2026-05-15,Amara,Larsen,larsen.amara@roboticsone.ai,,RoboticsOne,roboticsone.ai,,AI/ML software,CA,twitter,social,launch-week,NULL,Amara  ,Larsen,RoboticsOne,,CA,False,NULL,unknown,twitter,False,social,False,launch-week,False,larsen.amara@roboticsone.ai,larsen.amara@roboticsone.ai,work,False,False,False,False,False,https://roboticsone.ai,True,,True,False,,false,verified_out,,false,false
L1462,2026-06-16,Ronald,Muller,ronald_muller@icloud.com,DevOps Engineer,LedgerWorks,ledgerworks.com,51-200,,CA,facebook,cpc,fb-q3-conversions,NULL,Ronald,Muller,LedgerWorks,DevOps Engineer,Canada,False,NULL,unknown,Facebook Ads,False,cpc,False,fb-q3-conversions,False,ronald_muller@icloud.com,ronald_muller@icloud.com,freemail,False,False,False,False,False,https://ledgerworks.com,True,,True,False,,false,ambiguous,,false,false
L2458,2026-05-04,Kevin,Andersson,andersson.kevin@apptide.com,Co-Founder & CTO,Apptide,apptide.com,,Software,GB,google,cpc,gpu-cloud-nonbrand,,kevin,andersson,Apptide,Co-Founder & CTO,uk,False,,unknown,google,False,cpc,False,gpu-cloud-nonbrand,False,andersson.kevin@apptide.com,andersson.kevin@apptide.com,work,False,False,False,False,False,https://apptide.com,True,,True,False,,false,verified_in,,false,true
L1348,2026-06-10,Katherine,Young,young.katherine@centralpoly.edu,PhD Student,CENTRAL POLYTECHNIC,centralpoly.edu,1000+,Education,SG,facebook,paid,fb_q3,pending,Katherine,Young,CENTRAL POLYTECHNIC,PhD Student,singapore,False,pending,unknown,FB,False,paid,False,fb_q3,False,young.katherine@centralpoly.edu,young.katherine@centralpoly.edu,work,False,False,True,False,False,www.centralpoly.edu,True,,True,False,,false,ambiguous,,false,false
L1023,2026-05-31,Patrick,Flores,patrick.flores@bluebirdtravel.com,Owner,Bluebird Travel,bluebirdtravel.com,,Travel,US,facebook,paid,fb_q3,pending,PATRICK,Flores,Bluebird Travel,Owner,united states,False,pending,unknown,FB,False,paid,False,fb_q3,False,patrick.flores@bluebirdtravel.com,patrick.flores@bluebirdtravel.com,work,False,False,False,False,False,www.bluebirdtravel.com,True,,True,False,,false,verified_out,,false,false
L1040,2026-05-14,Janet,Jackson,janet_jackson@codewharf.dev,DevOps Engineer,,,,,IN,facebook,cpc,fb-q3-conversions,pending,Janet,jackson,,DevOps Engineer,india,False,pending,unknown,Facebook Ads,False,cpc,False,fb-q3-conversions,False,janet_jackson@codewharf.dev,janet_jackson@codewharf.dev,work,False,False,False,False,False,,False,,True,False,,false,ambiguous,,false,false
L1255,2026-06-29,Richard,Thompson,richardt@gmail.com,VP Engineering,,,,,AU,facebook,paid,fb_q3,Yes,RICHARD,Thompson,,VP Engineering,AU,False,Yes,true,FB,False,paid,False,fb_q3,False,richardt@gmail.com,richardt@gmail.com,freemail,False,False,False,False,False,,False,,True,False,,false,verified_in,,false,false
L1870,2026-06-19,Daniel,Kowalski,DANIEL.KOWALSKI@TENSORLOOP.IO,,TENSORLOOP,tensorloop.io,51-200,AI/ML software,JP,docs,referral,quickstart,NULL,Daniel,KOWALSKI  ,TENSORLOOP,,JP,False,NULL,unknown,docs,False,referral,False,quickstart,False,DANIEL.KOWALSKI@TENSORLOOP.IO,daniel.kowalski@tensorloop.io,work,False,False,False,False,False,https://tensorloop.io,True,,True,False,,false,ambiguous,,false,false
L2019,2026-05-31,Nicholas,Ferrari,nicholasf@formcraft.com,SWE,Formcraft,formcraft.com,,Software,ES,newsletter,email,weekly-digest,Yes,nicholas,Ferrari,Formcraft,SWE,spain,False,Yes,true,newsletter,False,email,False,weekly-digest,False,nicholasf@formcraft.com,nicholasf@formcraft.com,work,False,False,False,False,False,www.formcraft.com,True,,True,False,,true,verified_in,,false,false
L1365,2026-06-20,Rajesh,Weber,rweber@neuralight.io,Head of MLOps,NEURALIGHT,neuralight.io,201-500,AI/ML software,US,google,cpc,brand-search-q3,,rajesh,Weber,NEURALIGHT,Head of MLOps,United States,False,,unknown,google,False,cpc,False,brand-search-q3,False,rweber@neuralight.io,rweber@neuralight.io,work,False,False,False,False,False,https://neuralight.io,True,,True,False,,false,ambiguous,,false,false
L2321,2026-05-29,Robert,Taylor,rtaylor@icloud.com,Undergraduate,Central Polytechnic,centralpoly.edu,1000+,,US,github,referral,docs-cta,,Robert,Taylor,Central Polytechnic,Undergraduate,U.S.,False,,unknown,github,False,referral,False,docs-cta,False,rtaylor@icloud.com,rtaylor@icloud.com,freemail,False,False,False,False,False,https://centralpoly.edu,True,,True,False,,false,verified_in,,false,true
L2073,2026-04-19,Sandra,Becker,becker.sandra@apptide.com,sre,APPTIDE,apptide.com,501-1000,Software,SG,producthunt,referral,launch,unknown,SANDRA,becker,APPTIDE  ,sre,SG,False,unknown,unknown,producthunt,False,referral,False,launch,False,becker.sandra@apptide.com,becker.sandra@apptide.com,work,False,False,False,False,False,https://apptide.com,True,,True,False,,false,verified_in,,false,false
L1043,2026-04-18,Jeffrey,White,jeffreyw@orbitalmind.ai,Deep Learning Engineer,,,,,CA,facebook,paid,fb_q3,,Jeffrey,White,,Deep Learning Engineer,canada,False,,unknown,FB,False,paid,False,fb_q3,False,jeffreyw@orbitalmind.ai,jeffreyw@orbitalmind.ai,work,False,False,False,False,False,,False,,True,False,,false,verified_in,,true,false
L1891,2026-05-07,Debra,Campbell,debra.campbell@diffusia.io,Head of Engineering,diffusia,diffusia.io,1-10,,IN,twitter,social,launch-week,,Debra,CAMPBELL,diffusia,Head of Engineering,india,False,,unknown,twitter,False,social,False,launch-week,False,debra.campbell@diffusia.io,debra.campbell@diffusia.io,work,False,False,False,False,False,www.diffusia.io,True,,True,False,,false,ambiguous,,false,false
L1059,2026-04-16,Carolyn,Young,carolyn_young@centralpoly.edu,PhD Candidate,Central Polytechnic,centralpoly.edu,1000+,Education,BR,reddit,social,r-machinelearning,unknown,CAROLYN,Young,Central Polytechnic,PhD Candidate,Brazil,False,unknown,unknown,reddit,False,social,False,r-machinelearning,False,carolyn_young@centralpoly.edu,carolyn_young@centralpoly.edu,work,False,False,True,False,False,https://centralpoly.edu,True,,True,False,,false,verified_in,,false,false
L2225,2026-06-04,Justin,Davis,justin.davis@evalhouse.ai,MLOps Engineer,EvalHouse,evalhouse.ai,1-10,,SE,google,cpc,gpu-cloud-nonbrand,granted,justin,DAVIS  ,EvalHouse,MLOps Engineer,sweden,False,granted,true,google,False,cpc,False,gpu-cloud-nonbrand,False,justin.davis@evalhouse.ai,justin.davis@evalhouse.ai,work,False,False,False,False,False,https://evalhouse.ai,True,,True,False,,true,verified_in,,false,false
L1516,2026-04-06,Gregory,Ali,gregorya@loopware.io,ML Engineer,Loopware,,1000+,,AU,youtube,video,tutorial-series,Yes,Gregory,ALI  ,Loopware,ML Engineer,australia,False,Yes,true,youtube,False,video,False,tutorial-series,False,gregorya@loopware.io,gregorya@loopware.io,work,False,False,False,False,False,,False,,True,False,,false,verified_in,,true,false
L2376,2026-06-23,Kwame,Becker,becker.kwame@proton.me,software engineer,VoiceForge,voiceforge.ai,51-200,AI/ML software,US,blog,referral,pricing-post,,Kwame,Becker,VoiceForge,software engineer,US,False,,unknown,blog,False,referral,False,pricing-post,False,becker.kwame@proton.me,becker.kwame@proton.me,freemail,False,False,False,False,False,https://voiceforge.ai,True,,True,False,,false,verified_in,,false,false
L2780,2026-06-20,Stephanie,Allen,allen.stephanie@ragpipe.dev,SVP Engineering,RAGPIPE,ragpipe.dev,501-1000,,US,twitter,social,launch-week,unknown,Stephanie,Allen,RAGPIPE,SVP Engineering,USA,False,unknown,unknown,twitter,False,social,False,launch-week,False,allen.stephanie@ragpipe.dev,allen.stephanie@ragpipe.dev,work,False,False,False,False,False,www.ragpipe.dev,True,,True,False,,false,ambiguous,,false,false
L2154,2026-05-09,Emily,Brown,ebrown@synapsefoundry.com,Founder & CEO,Synapse Foundry,synapsefoundry.com,11-50,AI/ML software,SG,docs,referral,quickstart,,EMILY,Brown,Synapse Foundry,Founder & CEO,singapore,False,,unknown,docs,False,referral,False,quickstart,False,ebrown@synapsefoundry.com,ebrown@synapsefoundry.com,work,False,False,False,False,False,www.synapsefoundry.com,True,,True,False,,false,ambiguous,,false,false
L1796,2026-06-26,Debra,Lee,debral@hotmail.com,ML Engineer,Stackline Software,stacklinesoftware.com,11-50,Software,SG,twitter,social,launch-week,,Debra,Lee,Stackline Software,ML Engineer,singapore,False,,unknown,twitter,False,social,False,launch-week,False,debral@hotmail.com,debral@hotmail.com,freemail,False,False,False,False,False,www.stacklinesoftware.com,True,,True,False,,false,ambiguous,,false,false
L1768,2026-05-11,Justin,Garcia,justing@metricshub.com,,MetricsHub,,1000+,Software,IN,,,,NULL,Justin,garcia,MetricsHub,,india,False,NULL,unknown,{{utm_source}},True,{{utm_medium}},True,{{utm_campaign}},True,justing@metricshub.com,justing@metricshub.com,work,False,False,False,False,False,,False,,True,False,,false,verified_in,,false,true
L1227,2026-04-28,Jennifer,Ferrari,JENNIFER.FERRARI@MODELRY.AI,Consultant,,,,,JP,linkedin,paid_social,serverless-launch,,Jennifer,FERRARI,, Consultant,Japan,False,,unknown,linkedin,False,paid_social,False,serverless-launch,False,JENNIFER.FERRARI@MODELRY.AI,jennifer.ferrari@modelry.ai,work,False,False,False,False,False,,False,,True,False,,false,ambiguous,,false,false
L2345,2026-05-17,Dennis,Jones,DENNIS_JONES@BLUEBIRDTRAVEL.COM,Technologist,Bluebird Travel,bluebirdtravel.com,51-200,Travel,JP,reddit,social,r-machinelearning,granted,Dennis,Jones,Bluebird Travel  ,Technologist,japan,False,granted,true,reddit,False,social,False,r-machinelearning,False,DENNIS_JONES@BLUEBIRDTRAVEL.COM,dennis_jones@bluebirdtravel.com,work,False,False,False,False,False,https://bluebirdtravel.com,True,,True,False,,false,verified_in,,false,false
L2227,2026-05-11,Ingrid,Sharma,sharma.ingrid@harborviewlogistics.com,Managing Partner,HARBORVIEW LOGISTICS,,201-500,,SG,google,organic,,,Ingrid,sharma,HARBORVIEW LOGISTICS,Managing Partner  ,singapore,False,,unknown,google,False,organic,False,,True,sharma.ingrid@harborviewlogistics.com,sharma.ingrid@harborviewlogistics.com,work,False,False,False,False,False,,False,,True,False,,false,verified_in,,true,false
L1852,2026-05-26,Christine,Schmidt,christine.schmidt@copilothealth.ai,Staff Engineer,COPILOT HEALTH AI,copilothealth.ai,1-10,AI/ML software,IN,youtube,video,tutorial-series,unknown,Christine,SCHMIDT,COPILOT HEALTH AI,Staff Engineer,india,False,unknown,unknown,youtube,False,video,False,tutorial-series,False,christine.schmidt@copilothealth.ai,christine.schmidt@copilothealth.ai,work,False,False,False,False,False,www.copilothealth.ai,True,,True,False,,false,verified_out,,true,false
L1280,2026-04-29,Kevin,Fischer,fischer.kevin@northernuni.edu,Student,northern university,northernuni.edu,,Education,IN,github,referral,docs-cta,,Kevin  ,Fischer,northern university,Student,IN,False,,unknown,github,False,referral,False,docs-cta,False,fischer.kevin@northernuni.edu,fischer.kevin@northernuni.edu,work,False,False,True,False,False,www.northernuni.edu,True,,True,False,,false,ambiguous,,false,false
L2269,2026-04-06,Sandra,Jackson,JACKSON.SANDRA@PROTON.ME,VP of AI Infrastructure,EvalHouse,evalhouse.ai,1-10,AI/ML software,IE,google,cpc,brand-search-q3,FALSE,Sandra,Jackson,EvalHouse,VP of AI Infrastructure,Ireland,False,FALSE,false,google,False,cpc,False,brand-search-q3,False,JACKSON.SANDRA@PROTON.ME,jackson.sandra@proton.me,freemail,False,False,False,False,False,https://evalhouse.ai,True,,True,False,,true,verified_out,,false,false
L2195,2026-06-18,Debra,Hansen,dhansen@orbitalmind.ai,Research Scientist,Orbital Mind,orbitalmind.ai,201-500,AI/ML software,BR,reddit,social,r-machinelearning,,Debra,Hansen,Orbital Mind,Research Scientist,Brazil,False,,unknown,reddit,False,social,False,r-machinelearning,False,dhansen@orbitalmind.ai,dhansen@orbitalmind.ai,work,False,False,False,False,False,https://orbitalmind.ai,True,,True,False,,false,ambiguous,,false,false
L1839,2026-06-05,Emma,Wagner,EMMA.WAGNER@ICLOUD.COM,Platform Engineer,Gridbase,,11-50,,JP,youtube,video,tutorial-series,pending,Emma,Wagner,Gridbase,Platform Engineer,JP,False,pending,unknown,youtube,False,video,False,tutorial-series,False,EMMA.WAGNER@ICLOUD.COM,emma.wagner@icloud.com,freemail,False,False,False,False,False,,False,,True,False,,false,ambiguous,,false,false
L2510,2026-06-27,Priya,Campbell,priya_campbell@quantumnails.com,Project Manager,Quantum Nails Salon,quantumnails.com,,Beauty,IN,twitter,social,launch-week,,Priya,Campbell,Quantum Nails Salon,Project Manager,India,False,,unknown,twitter,False,social,False,launch-week,False,priya_campbell@quantumnails.com,priya_campbell@quantumnails.com,work,False,False,False,False,False,www.quantumnails.com,True,,True,False,,false,ambiguous,,false,false
L1993,2026-05-29,Rajesh,Lopez,LOPEZ.RAJESH@MODELRY.AI,,MODELRY,modelry.ai,1-10,AI/ML software,GB,youtube,video,tutorial-series,NULL,rajesh,LOPEZ,MODELRY,,United Kingdom,False,NULL,unknown,youtube,False,video,False,tutorial-series,False,LOPEZ.RAJESH@MODELRY.AI,lopez.rajesh@modelry.ai,work,False,False,False,False,False,https://modelry.ai,True,,True,False,,false,verified_in,,false,false
L1328,2026-05-13,Priya,Anderson,priyaa@instech.edu,Student,Institute of Technology,instech.edu,1000+,Education,CA,reddit,social,r-machinelearning,yes,PRIYA,anderson,Institute of Technology,Student,Canada,False,yes,true,reddit,False,social,False,r-machinelearning,False,priyaa@instech.edu,priyaa@instech.edu,work,False,False,True,False,False,www.instech.edu,True,priyaa@instech.edu,True,True,"job_title,country,consent_normalized",false,verified_out,,true,false
L2103,2026-04-24,Mark,Hill,hill.mark@yahoo.com,Content Writer,DataBarn,databarn.io,11-50,Software,JP,youtube,video,tutorial-series,,Mark,hill,DataBarn,Content Writer,Japan,False,,unknown,youtube,False,video,False,tutorial-series,False,hill.mark@yahoo.com,hill.mark@yahoo.com,freemail,False,False,False,False,False,www.databarn.io,True,,True,False,,false,verified_in,,false,false
L1747,2026-05-15,Carol,Sharma,CAROLS@APPTIDE.COM,Head of AI,Apptide,,501-1000,,US,google,cpc,brand-search-q3,unknown,Carol,SHARMA,Apptide,Head of AI,United States,False,unknown,unknown,google,False,cpc,False,brand-search-q3,False,CAROLS@APPTIDE.COM,carols@apptide.com,work,False,False,False,False,False,,False,,True,False,,false,ambiguous,,false,false
L2205,2026-04-19,Sandra,Williams,sandraw@mistletoeml.com,Director of Platform Engineering,,,,,BR,google,organic,,pending,Sandra,Williams,,Director of Platform Engineering,brazil,False,pending,unknown,google,False,organic,False,,True,sandraw@mistletoeml.com,sandraw@mistletoeml.com,work,False,False,False,False,False,,False,,True,False,,false,verified_out,,false,true
L1738,2026-06-04,Kwame,Robinson,kwamer@shipmate.io,Business Analyst,Shipmate,,201-500,Software,GB,docs,referral,quickstart,unknown,KWAME,Robinson,Shipmate,Business Analyst,UK,False,unknown,unknown,docs,False,referral,False,quickstart,False,kwamer@shipmate.io,kwamer@shipmate.io,work,False,False,False,False,False,,False,,True,False,,false,verified_out,,false,false
L2608,2026-06-27,Lisa,Schmidt,schmidt.lisa@vectorly.ai,Director of Platform Engineering,,,,,NL,youtube,video,tutorial-series,unsubscribed,lisa,Schmidt,,Director of Platform Engineering,The Netherlands,False,unsubscribed,false,youtube,False,video,False,tutorial-series,False,schmidt.lisa@vectorly.ai,schmidt.lisa@vectorly.ai,work,False,False,False,False,False,,False,,True,False,,true,verified_out,,true,false
L2231,2026-06-24,George,Nguyen,george_nguyen@voiceforge.ai,Machine Learning Engineer,VoiceForge,,51-200,AI/ML software,IN,blog,referral,pricing-post,pending,george,Nguyen,VoiceForge,Machine Learning Engineer,india,False,pending,unknown,blog,False,referral,False,pricing-post,False,george_nguyen@voiceforge.ai,george_nguyen@voiceforge.ai,work,False,False,False,False,False,,False,,True,False,,false,ambiguous,,false,false
L1778,2026-05-08,Michael,Clark,michael_clark@gmail.com,Hobbyist,state university,stateuniv.edu,1000+,Education,US,,,,pending,Michael,Clark,state university, Hobbyist,U.S.,False,pending,unknown,undefined,True,undefined,True,,True,michael_clark@gmail.com,michael_clark@gmail.com,freemail,False,False,False,False,False,https://stateuniv.edu,True,,True,False,,false,verified_in,,false,true
L2736,2026-06-14,Sandra,Chen,chen.sandra@icloud.com,MLOps Engineer,Stackline Software,stacklinesoftware.com,11-50,Software,SG,producthunt,referral,launch,,SANDRA,Chen,Stackline Software,MLOps Engineer,SG,False,,unknown,producthunt,False,referral,False,launch,False,chen.sandra@icloud.com,chen.sandra@icloud.com,freemail,False,False,False,False,False,https://stacklinesoftware.com,True,,True,False,,false,ambiguous,,false,false
L2140,2026-06-21,Amanda,Garcia,amandag@gradientpeak.ai,Customer Success Manager,Gradient Peak,gradientpeak.ai,201-500,AI/ML software,AU,google,organic,,pending,AMANDA,Garcia,Gradient Peak,Customer Success Manager,australia,False,pending,unknown,google,False,organic,False,,True,amandag@gradientpeak.ai,amandag@gradientpeak.ai,work,False,False,False,False,False,www.gradientpeak.ai,True,,True,False,,false,verified_in,,false,false
L2615,2026-06-01,Jacob,Smith,smith.jacob@loopware.io,Backend Engineer,Loopware,loopware.io,1000+,Software,ES,github,referral,docs-cta,unsubscribed,Jacob,Smith,Loopware,Backend Engineer,Spain,False,unsubscribed,false,github,False,referral,False,docs-cta,False,smith.jacob@loopware.io,smith.jacob@loopware.io,work,False,False,False,False,False,https://loopware.io,True,,True,False,,true,verified_out,,false,false
L1538,2026-04-01,Brandon,Andersson,brandon_andersson@summitdentalgroup.com,Managing Partner,SUMMIT DENTAL GROUP,summitdentalgroup.com,11-50,Healthcare,JP,twitter,social,launch-week,,Brandon,Andersson,SUMMIT DENTAL GROUP,Managing Partner,Japan,False,,unknown,twitter,False,social,False,launch-week,False,brandon_andersson@summitdentalgroup.com,brandon_andersson@summitdentalgroup.com,work,False,False,False,False,False,www.summitdentalgroup.com,True,,True,False,,false,verified_out,,false,true
L2110,2026-04-04,Carol,Larsen,caroll@stacklinesoftware.com,Computer Vision Engineer,Stackline Software,stacklinesoftware.com,11-50,Software,JP,google,cpc,gpu-cloud-nonbrand,granted,Carol,Larsen,Stackline Software,Computer Vision Engineer,japan,False,granted,true,google,False,cpc,False,gpu-cloud-nonbrand,False,caroll@stacklinesoftware.com,caroll@stacklinesoftware.com,work,False,False,False,False,False,https://stacklinesoftware.com,True,,True,False,,false,verified_in,,false,false
L2674,2026-05-19,Alexander,Lee,alexander_lee@cornerstoneins.com,Computer Vision Engineer,Cornerstone Insurance,cornerstoneins.com,11-50,,US,blog,referral,pricing-post,unknown,alexander,Lee,Cornerstone Insurance,Computer Vision Engineer,united states,False,unknown,unknown,blog,False,referral,False,pricing-post,False,alexander_lee@cornerstoneins.com,alexander_lee@cornerstoneins.com,work,False,False,False,False,False,https://cornerstoneins.com,True,,True,False,,false,verified_in,,false,true
L1352,2026-04-09,Alexander,Adams,adams.alexander@hotmail.com,PhD Student,central polytechnic,centralpoly.edu,1000+,Education,US,,,,NULL,Alexander,Adams,central polytechnic,PhD Student,usa,False,NULL,unknown,{{utm_source}},True,{{utm_medium}},True,{{utm_campaign}},True,adams.alexander@hotmail.com,adams.alexander@hotmail.com,freemail,False,False,False,False,False,https://centralpoly.edu,True,,True,False,,false,ambiguous,,false,false
L1206,2026-04-25,Hans,Novak,hans_novak@inferralabs.com,Customer Success Manager,Inferra Labs,inferralabs.com,1000+,,IN,google,organic,,,Hans,novak,Inferra Labs,Customer Success Manager,India,False,,unknown,google,False,organic,False,,True,hans_novak@inferralabs.com,hans_novak@inferralabs.com,work,False,False,False,False,False,https://inferralabs.com,True,,True,False,,false,verified_in,,false,false
L2672,2026-05-02,Donna,White,donna.white@shipmate.io,"Director, Machine Learning",Shipmate,shipmate.io,,,US,google,cpc,brand-search-q3,,Donna,White,Shipmate,"Director, Machine Learning  ",usa,False,,unknown,google,False,cpc,False,brand-search-q3,False,donna.white@shipmate.io,donna.white@shipmate.io,work,False,False,False,False,False,www.shipmate.io,True,,True,False,,false,verified_in,,false,false
L1748,2026-06-17,Stephanie,Taylor,staylor@ridgewayconstruction.com,Financial Analyst,Ridgeway Construction,ridgewayconstruction.com,11-50,Construction,NL,google,cpc,gpu-cloud-nonbrand,opted_in,stephanie,Taylor  ,Ridgeway Construction,Financial Analyst,Netherlands,False,opted_in,true,google,False,cpc,False,gpu-cloud-nonbrand,False,staylor@ridgewayconstruction.com,staylor@ridgewayconstruction.com,work,False,False,False,False,False,www.ridgewayconstruction.com,True,,True,False,,true,verified_in,,false,false
L2558,2026-06-08,Nicole,Lewis,nicole.lewis@axonresearch.ai,Senior Software Engineer,Axon Research,,11-50,AI/ML software,SG,blog,referral,pricing-post,, Nicole,Lewis,Axon Research, Senior Software Engineer,singapore,False,,unknown,blog,False,referral,False,pricing-post,False,nicole.lewis@axonresearch.ai,nicole.lewis@axonresearch.ai,work,False,False,False,False,False,,False,,True,False,,false,ambiguous,,false,false
L1433,2026-05-22,Benjamin,Rodriguez,brodriguez@quantavision.io,Research Engineer,Quanta Vision,quantavision.io,,AI/ML software,IN,google,cpc,brand-search-q3,,Benjamin,Rodriguez,Quanta Vision  ,Research Engineer,IN,False,,unknown,google,False,cpc,False,brand-search-q3,False,brodriguez@quantavision.io,brodriguez@quantavision.io,work,False,False,False,False,False,www.quantavision.io,True,,True,False,,false,ambiguous,,false,false
L1231,2026-04-15,Deborah,Gonzalez,DEBORAH.GONZALEZ@CORTICON.AI,Data Scientist,Corticon AI,corticon.ai,501-1000,,JP,,,,NULL,Deborah,Gonzalez  , Corticon AI,Data Scientist,Japan,False,NULL,unknown,test,True,test,True,test-campaign-DELETE,True,DEBORAH.GONZALEZ@CORTICON.AI,deborah.gonzalez@corticon.ai,work,False,False,False,False,False,www.corticon.ai,True,,True,False,,false,ambiguous,,false,false
L2203,2026-05-29,Edward,Muller,edward_muller@securexsystems.com,Advisor,Securex Systems,securexsystems.com,,Software,US,facebook,paid_social,fb_q3,NULL,Edward,Muller,Securex Systems,Advisor,USA,False,NULL,unknown,facebook,False,Paid-Social,False,FB_Q3,False,edward_muller@securexsystems.com,edward_muller@securexsystems.com,work,False,False,False,False,False,https://securexsystems.com,True,,True,False,,false,verified_in,,false,false
L2374,2026-05-24,Scott,Torres,storres@gmail.com,Technical Consultant,Vectorly AI,vectorly.ai,11-50,AI/ML software,ES,blog,referral,pricing-post,FALSE,Scott,Torres,Vectorly AI,Technical Consultant,spain,False,FALSE,false,blog,False,referral,False,pricing-post,False,storres@gmail.com,storres@gmail.com,freemail,False,False,False,False,False,https://vectorly.ai,True,,True,False,,true,verified_out,,false,false
L1190,2026-05-11,Richard,Ramirez,richard.ramirez@roboticsone.ai,Project Manager,ROBOTICSONE,,501-1000,AI/ML software,CA,facebook,paid,fb_q3,NULL,richard,ramirez,ROBOTICSONE,Project Manager,Canada,False,NULL,unknown,FB,False,paid,False,fb_q3,False,richard.ramirez@roboticsone.ai,richard.ramirez@roboticsone.ai,work,False,False,False,False,False,,False,,True,False,,false,ambiguous,,false,false
L1824,2026-04-06,Laura,Park,laurap@corticon.ai,Content Writer,Corticon AI,corticon.ai,501-1000,AI/ML software,IT,facebook,social,q3,opted_in,Laura,Park  ,Corticon AI,Content Writer,Italia,False,opted_in,true,fb_paid,False,social,False,q3,False,laurap@corticon.ai,laurap@corticon.ai,work,False,False,False,False,False,www.corticon.ai,True,,True,False,,true,verified_in,,false,false
L2397,2026-04-29,Wei,Chen,wchen@hotmail.com,founder/ceo,Cornerstone Insurance,cornerstoneins.com,11-50,Insurance,SE,blog,referral,pricing-post,pending,WEI,Chen,Cornerstone Insurance,founder/ceo,Sweden,False,pending,unknown,blog,False,referral,False,pricing-post,False,wchen@hotmail.com,wchen@hotmail.com,freemail,False,False,False,False,False,https://cornerstoneins.com,True,,True,False,,true,ambiguous,EU / Consent Verification Needed,false,false
L1061,2026-06-02,Zara,Hansen,HANSEN.ZARA@ORBITALMIND.AI,ml engineer,ORBITAL MIND,orbitalmind.ai,201-500,AI/ML software,IE,reddit,social,r-machinelearning,true,Zara,Hansen,ORBITAL MIND,ml engineer,IE,False,true,true,reddit,False,social,False,r-machinelearning,False,HANSEN.ZARA@ORBITALMIND.AI,hansen.zara@orbitalmind.ai,work,False,False,False,False,False,www.orbitalmind.ai,True,,True,False,,true,verified_in,,false,false
L2347,2026-05-12,Betty,Weber,betty_weber@databarn.io,DevOps Engineer,DataBarn,databarn.io,11-50,,IN,google,cpc,brand-search,1,Betty,Weber,DataBarn,DevOps Engineer,India,False,1,true,google ,False, cpc,False,brand search,False,betty_weber@databarn.io,betty_weber@databarn.io,work,False,False,False,False,False,www.databarn.io,True,,True,False,,false,verified_in,,false,false
L1777,2026-04-15,Patrick,Anderson,panderson@opsfleet.com,Account Executive,,,,,SE,docs,referral,quickstart,NULL,Patrick,Anderson,,Account Executive,sweden,False,NULL,unknown,docs,False,referral,False,quickstart,False,panderson@opsfleet.com,panderson@opsfleet.com,work,False,False,False,False,False,,False,,True,False,,true,ambiguous,EU / Consent Verification Needed,false,false
L2187,2026-06-03,Mark,Mitchell,mmitchell@opsfleet.com,Platform Engineer,opsfleet,,1000+,Software,US,producthunt,referral,launch,,Mark,Mitchell,opsfleet,Platform Engineer,U.S.,False,,unknown,producthunt,False,referral,False,launch,False,mmitchell@opsfleet.com,mmitchell@opsfleet.com,work,False,False,False,False,False,,False,,True,False,,false,ambiguous,,false,false
L2606,2026-04-07,Elizabeth,Johnson,elizabethj@loopware.io,Computer Vision Engineer,Loopware,loopware.io,1000+,,US,producthunt,referral,launch,granted, Elizabeth,JOHNSON,Loopware,Computer Vision Engineer,United States,False,granted,true,producthunt,False,referral,False,launch,False,elizabethj@loopware.io,elizabethj@loopware.io,work,False,False,False,False,False,www.loopware.io,True,,True,False,,false,verified_in,,false,false
L2697,2026-06-03,Sarah,Lopez,sarah_lopez@cascade-ai.com,Business Analyst,Cascade AI,cascade-ai.com,51-200,,GB,github,referral,docs-cta,TRUE,Sarah,Lopez,Cascade AI,Business Analyst,UK,False,TRUE,true,github,False,referral,False,docs-cta,False,sarah_lopez@cascade-ai.com,sarah_lopez@cascade-ai.com,work,False,False,False,False,False,www.cascade-ai.com,True,,True,False,,false,verified_in,,false,true
L1907,2026-04-26,John,Rivera,john.rivera@ledgerworks.com,sre,LedgerWorks,ledgerworks.com,,Software,JP,reddit,social,r-machinelearning,,John,Rivera,LedgerWorks,sre,JP,False,,unknown,reddit,False,social,False,r-machinelearning,False,john.rivera@ledgerworks.com,john.rivera@ledgerworks.com,work,False,False,False,False,False,https://ledgerworks.com,True,,True,False,,false,ambiguous,,false,false
L2871,2026-05-24,Susan,Fischer,susanf@pipelinelabs.io,Backend Engineer,Pipeline Labs,,1000+,Software,JP,newsletter,email,weekly-digest,true,susan,Fischer,Pipeline Labs,Backend Engineer,Japan,False,true,true,newsletter,False,email,False,weekly-digest,False,susanf@pipelinelabs.io,susanf@pipelinelabs.io,work,False,False,False,False,False,,False,susanf@pipelinelabs.io,True,False,,false,verified_in,,true,false
L1005,2026-04-11,Deborah,Baker,deborah.baker@brightqueue.io,Staff Engineer,BrightQueue,brightqueue.io,51-200,Software,JP,google,cpc,gpu-cloud-nonbrand,,Deborah,Baker,BrightQueue,Staff Engineer,japan,False,,unknown,google,False,cpc,False,gpu-cloud-nonbrand,False,deborah.baker@brightqueue.io,deborah.baker@brightqueue.io,work,False,False,False,False,False,www.brightqueue.io,True,,True,False,,false,verified_in,,false,false
L2555,2026-05-12,Dennis,Chen,chen.dennis@deepharbor.ai,Computer Vision Engineer,DeepHarbor,deepharbor.ai,201-500,,CA,,,,TRUE,Dennis,Chen,DeepHarbor,Computer Vision Engineer,Canada,False,TRUE,true,test,True,test,True,test-campaign-DELETE,True,chen.dennis@deepharbor.ai,chen.dennis@deepharbor.ai,work,False,False,False,False,False,https://deepharbor.ai,True,,True,False,,false,verified_in,,false,false
L1917,2026-05-10,Paul,Scott,paul_scott@icloud.com,Chief Technology Officer,OPSFLEET,,1000+,,,reddit,social,r-machinelearning,true,Paul,scott,OPSFLEET,Chief Technology Officer,,False,true,true,reddit,False,social,False,r-machinelearning,False,paul_scott@icloud.com,paul_scott@icloud.com,freemail,False,False,False,False,False,,False,,True,False,,false,verified_in,,false,false
L2710,2026-06-06,Linda,Davis,ldavis@bluebirdtravel.com,CEO,bluebird travel,bluebirdtravel.com,,Travel,IE,docs,referral,quickstart,FALSE,Linda,Davis,bluebird travel,CEO,ireland,False,FALSE,false,docs,False,referral,False,quickstart,False,ldavis@bluebirdtravel.com,ldavis@bluebirdtravel.com,work,False,False,False,False,False,www.bluebirdtravel.com,True,,True,False,,true,verified_out,,false,false
L2893,2026-04-06,Sandra,Sanchez,sandra.sanchez+signup@copilothealth.ai,software engineer,Copilot Health AI,copilothealth.ai,1-10,AI/ML software,JP,docs,referral,quickstart,NULL,Sandra,Sanchez,Copilot Health AI,software engineer,JP,False,NULL,unknown,docs,False,referral,False,quickstart,False,sandra.sanchez+signup@copilothealth.ai,sandra.sanchez+signup@copilothealth.ai,work,False,False,False,False,False,www.copilothealth.ai,True,,True,False,,false,ambiguous,,false,false
L1938,2026-05-28,Paul,Jones,pjones@gridbase.dev,Research Engineer,Gridbase,gridbase.dev,11-50,Software,JP,linkedin,paid_social,serverless-launch,NULL,Paul,Jones,Gridbase,Research Engineer,Japan,False,NULL,unknown,linkedin,False,paid_social,False,serverless-launch,False,pjones@gridbase.dev,pjones@gridbase.dev,work,False,False,False,False,False,www.gridbase.dev,True,,True,False,,false,ambiguous,,false,false
L1420,2026-04-20,Olaf,Hall,hall.olaf@relaymesh.io,Fractional CTO,Relaymesh,,51-200,Software,GB,google,cpc,brand-search,,Olaf,HALL,Relaymesh,Fractional CTO,GB,False,,unknown,google ,False, cpc,False,brand search,False,hall.olaf@relaymesh.io,hall.olaf@relaymesh.io,work,False,False,False,False,False,,False,,True,False,,false,ambiguous,,false,false
L1099,2026-04-25,Gregory,Hansen,hansen.gregory@formcraft.com,VP of AI Infrastructure,Formcraft,formcraft.com,1000+,,BR,github,referral,docs-cta,unknown,Gregory,Hansen,Formcraft,VP of AI Infrastructure,BR,False,unknown,unknown,github,False,referral,False,docs-cta,False,hansen.gregory@formcraft.com,hansen.gregory@formcraft.com,work,False,False,False,False,False,https://formcraft.com,True,,True,False,,false,verified_in,,false,false
L2242,2026-06-21,Angela,Hernandez,angela.hernandez@proton.me,sre,Mistletoe ML,mistletoeml.com,1000+,AI/ML software,IN,youtube,video,tutorial-series,,Angela,Hernandez,Mistletoe ML,sre,India,False,,unknown,youtube,False,video,False,tutorial-series,False,angela.hernandez@proton.me,angela.hernandez@proton.me,freemail,False,False,False,False,False,https://mistletoeml.com,True,,True,False,,false,ambiguous,,false,false
L1248,2026-04-20,Sarah,Larsen,sarah_larsen@metricshub.com,ML Engineer,MetricsHub,metricshub.com,1000+,,BR,youtube,video,tutorial-series,NULL,Sarah,Larsen,MetricsHub,ML Engineer,Brazil,False,NULL,unknown,youtube,False,video,False,tutorial-series,False,sarah_larsen@metricshub.com,sarah_larsen@metricshub.com,work,False,False,False,False,False,https://metricshub.com,True,,True,False,,false,verified_out,,false,false
L1686,2026-04-21,Ronald,Mitchell,mitchell.ronald@evalhouse.ai,AI Engineer,EvalHouse,evalhouse.ai,1-10,AI/ML software,CA,linkedin,paid_social,serverless-launch,pending,Ronald,Mitchell,EvalHouse,AI Engineer,canada,False,pending,unknown,linkedin,False,paid_social,False,serverless-launch,False,mitchell.ronald@evalhouse.ai,mitchell.ronald@evalhouse.ai,work,False,False,False,False,False,www.evalhouse.ai,True,,True,False,,false,ambiguous,,false,false
L1245,2026-05-20,Mateo,Martin,martin.mateo@peakfitnessstudios.com,Managing Partner,Peak Fitness Studios,peakfitnessstudios.com,51-200,Fitness,SE,newsletter,email,weekly-digest,Yes,Mateo,Martin,Peak Fitness Studios,Managing Partner,SE,False,Yes,true,newsletter,False,email,False,weekly-digest,False,martin.mateo@peakfitnessstudios.com,martin.mateo@peakfitnessstudios.com,work,False,False,False,False,False,https://peakfitnessstudios.com,True,,True,False,,true,verified_in,,false,false
L1637,2026-05-09,Jacob,Rivera,jrivera@northernuni.edu,Indie hacker,northern university,northernuni.edu,,Education,ES,google,cpc,gpu-cloud-nonbrand,opted_out,Jacob,Rivera,northern university,Indie hacker,Spain,False,opted_out,false,google,False,cpc,False,gpu-cloud-nonbrand,False,jrivera@northernuni.edu,jrivera@northernuni.edu,work,False,False,True,False,False,www.northernuni.edu,True,,True,False,,true,verified_out,,false,false
L1765,2026-05-26,Barbara,Weber,bweber@securexsystems.com,Computer Vision Engineer,securex systems,securexsystems.com,1-10,Software,ES,google,cpc,gpu-cloud-nonbrand,TRUE,Barbara,Weber,securex systems,Computer Vision Engineer,ES,False,TRUE,true,google,False,cpc,False,gpu-cloud-nonbrand,False,bweber@securexsystems.com,bweber@securexsystems.com,work,False,False,False,False,False,https://securexsystems.com,True,,True,False,,true,verified_in,,false,false
L2447,2026-04-11,Olaf,Campbell,campbell.olaf@cloudspan.dev,Sales Development Rep,Cloudspan,cloudspan.dev,51-200,Software,SE,google,cpc,gpu-cloud-nonbrand,no,OLAF,Campbell,Cloudspan  ,Sales Development Rep,sweden,False,no,false,google,False,cpc,False,gpu-cloud-nonbrand,False,campbell.olaf@cloudspan.dev,campbell.olaf@cloudspan.dev,work,False,False,False,False,False,www.cloudspan.dev,True,,True,False,,true,verified_out,,false,false
L1072,2026-06-06,Nicholas,Gonzalez,nicholas_gonzalez@legalmind.ai,Managing Partner,legalmind ai,legalmind.ai,201-500,,IT,google,cpc,gpu-cloud-nonbrand,Yes,Nicholas,Gonzalez,legalmind ai,Managing Partner,italy,False,Yes,true,google,False,cpc,False,gpu-cloud-nonbrand,False,nicholas_gonzalez@legalmind.ai,nicholas_gonzalez@legalmind.ai,work,False,False,False,False,False,https://legalmind.ai,True,,True,False,,true,verified_in,,false,false
L2895,2026-06-24,pRIYA,Wright,PWRIGHT@GMAIL.COM,Indie hacker,Central Polytechnic,centralpoly.edu,1000+,Education,IT,google,cpc,gpu-cloud-nonbrand,granted,pRIYA,WRIGHT,Central Polytechnic,Indie hacker,Italy,False,granted,true,google,False,cpc,False,gpu-cloud-nonbrand,False,PWRIGHT@GMAIL.COM,pwright@gmail.com,freemail,False,False,False,False,False,https://centralpoly.edu,True,pwright@gmail.com,True,False,,true,verified_in,,false,false
L1665,2026-04-27,Margaret,Rodriguez,margaretr@cornerstoneins.com,NLP Engineer,Cornerstone Insurance,cornerstoneins.com,,Insurance,BR,newsletter,email,weekly-digest,yes,Margaret,Rodriguez,Cornerstone Insurance,NLP Engineer,BR,False,yes,true,newsletter,False,email,False,weekly-digest,False,margaretr@cornerstoneins.com,margaretr@cornerstoneins.com,work,False,False,False,False,False,https://cornerstoneins.com,True,,True,False,,false,verified_in,,false,false
L1357,2026-04-05,Eric,Jackson,eric.jackson@signalfold.com,VP Data & AI,Signalfold,,,AI/ML software,IN,facebook,paid_social,fb_q3,, Eric,jackson  ,Signalfold,VP Data & AI,IN,False,,unknown,facebook,False,Paid-Social,False,FB_Q3,False,eric.jackson@signalfold.com,eric.jackson@signalfold.com,work,False,False,False,False,False,,False,,True,False,,false,ambiguous,,false,false
L1908,2026-06-28,Kevin,Wright,kevin.wright@apexautoparts.com,Advisor,Apex Auto Parts,apexautoparts.com,201-500,Automotive,US,,,,pending, Kevin, Wright,Apex Auto Parts,Advisor,USA,False,pending,unknown,undefined,True,undefined,True,,True,kevin.wright@apexautoparts.com,kevin.wright@apexautoparts.com,work,False,False,False,False,False,https://apexautoparts.com,True,,True,False,,false,verified_out,,false,false
L2121,2026-06-01,Pamela,Wagner,wagner.pamela@luminaml.com,Technical Consultant,Lumina ML,luminaml.com,11-50,,SE,docs,referral,quickstart,FALSE,Pamela,Wagner,Lumina ML,Technical Consultant  ,Sweden,False,FALSE,false,docs,False,referral,False,quickstart,False,wagner.pamela@luminaml.com,wagner.pamela@luminaml.com,work,False,False,False,False,False,https://luminaml.com,True,,True,False,,true,verified_out,,false,false
L1953,2026-05-02,Kathleen,Walker,kathleenw@axonresearch.ai,Infrastructure Engineer,,,,,CA,,,,unknown,Kathleen,walker,,Infrastructure Engineer,CA,False,unknown,unknown,null,True,null,True,null,True,kathleenw@axonresearch.ai,kathleenw@axonresearch.ai,work,False,False,False,False,False,,False,,True,False,,false,verified_out,,false,false
L2707,2026-04-29,Wei,Lopez,wei_lopez@gridbase.dev,Financial Analyst,Gridbase,gridbase.dev,11-50,Software,IT,blog,referral,pricing-post,Yes,Wei,Lopez,Gridbase  ,Financial Analyst  ,IT,False,Yes,true,blog,False,referral,False,pricing-post,False,wei_lopez@gridbase.dev,wei_lopez@gridbase.dev,work,False,False,False,False,False,https://gridbase.dev,True,,True,False,,true,verified_in,,true,false
L1074,2026-04-29,Daniel,Kim,kim.daniel@cloudspan.dev,Director of AI,Cloudspan,cloudspan.dev,51-200,Software,IN,google,cpc,brand-search,TRUE,Daniel,Kim,Cloudspan,Director of AI,India,False,TRUE,true,google ,False, cpc,False,brand search,False,kim.daniel@cloudspan.dev,kim.daniel@cloudspan.dev,work,False,False,False,False,False,https://cloudspan.dev,True,,True,False,,false,verified_in,,false,false
L2168,2026-06-24,Scott,Ali,scott_ali@vectorly.ai,Machine Learning Engineer,,,,,IE,twitter,social,launch-week,,Scott,Ali,,Machine Learning Engineer,IE,False,,unknown,twitter,False,social,False,launch-week,False,scott_ali@vectorly.ai,scott_ali@vectorly.ai,work,False,False,False,False,False,,False,,True,False,,true,verified_in,,false,false
L1657,2026-05-13,Helen,Hoffmann,hoffmann.helen@mistletoeml.com,Infrastructure Engineer,Mistletoe ML,,1000+,AI/ML software,IN,blog,referral,pricing-post,pending, Helen,Hoffmann,Mistletoe ML,Infrastructure Engineer,india,False,pending,unknown,blog,False,referral,False,pricing-post,False,hoffmann.helen@mistletoeml.com,hoffmann.helen@mistletoeml.com,work,False,False,False,False,False,,False,,True,False,,false,verified_out,,false,false
L1834,2026-06-22,Mei,Taylor,mei.taylor@deepharbor.ai,AI Engineer,DeepHarbor,deepharbor.ai,,AI/ML software,IN,google,organic,,NULL,Mei,Taylor,DeepHarbor,AI Engineer,IN,False,NULL,unknown,google,False,organic,False,,True,mei.taylor@deepharbor.ai,mei.taylor@deepharbor.ai,work,False,False,False,False,False,https://deepharbor.ai,True,,True,False,,false,ambiguous,,false,false
L2872,2026-06-17,Justin,Miller,justinm@securexsystems.com,Head of ML,the Securex Systems,securexsystems.com,1-10,Software,JP,producthunt,referral,launch,granted,Justin,Miller,the Securex Systems,Head of ML,japan,False,granted,true,producthunt,False,referral,False,launch,False,justinm@securexsystems.com,justinm@securexsystems.com,work,False,False,False,False,False,www.securexsystems.com,True,justinm@securexsystems.com,True,True,company,false,verified_in,,false,false
L2117,2026-06-29,William,Hoffmann,william.hoffmann@codewharf.dev,Accountant,Codewharf,codewharf.dev,1000+,Software,PL,,,,,William,Hoffmann,Codewharf,Accountant,PL,False,,unknown,null,True,null,True,null,True,william.hoffmann@codewharf.dev,william.hoffmann@codewharf.dev,work,False,False,False,False,False,www.codewharf.dev,True,,True,False,,true,ambiguous,EU / Consent Verification Needed,false,false
L1383,2026-04-22,Patricia,Lee,patricial@instech.edu,MS Student,Institute of Technology,instech.edu,1000+,Education,IN,google,cpc,brand-search-q3,yes,Patricia,Lee,Institute of Technology,MS Student,india,False,yes,true,google,False,cpc,False,brand-search-q3,False,patricial@instech.edu,patricial@instech.edu,work,False,False,True,False,False,https://instech.edu,True,,True,False,,false,verified_in,,false,false
L2053,2026-04-23,Janet,Adams,janet.adams@luminaml.com,MLOps Engineer,Lumina ML,luminaml.com,,AI/ML software,DE,,,,Yes, Janet, Adams,Lumina ML,MLOps Engineer,DE,False,Yes,true,null,True,null,True,null,True,janet.adams@luminaml.com,janet.adams@luminaml.com,work,False,False,False,False,False,https://luminaml.com,True,,True,False,,true,verified_in,,true,false
L2667,2026-05-22,Nicholas,Roberts,NICHOLAS.ROBERTS@GREENLEAFLANDSCAPING.COM,VP of AI Infrastructure,greenleaf landscaping,greenleaflandscaping.com,,Services,IN,facebook,paid_social,fb_q3,NULL,Nicholas,Roberts,greenleaf landscaping,VP of AI Infrastructure,India,False,NULL,unknown,facebook,False,Paid-Social,False,FB_Q3,False,NICHOLAS.ROBERTS@GREENLEAFLANDSCAPING.COM,nicholas.roberts@greenleaflandscaping.com,work,False,False,False,False,False,https://greenleaflandscaping.com,True,,True,False,,false,ambiguous,,false,false
L1603,2026-04-10,Wei,Robinson,wei_robinson@icloud.com,Head of Data Science,Neural Marketing Co,neuralmarketing.co,1-10,Marketing agency,JP,docs,referral,quickstart,unknown,wei,robinson,Neural Marketing Co,Head of Data Science,Japan,False,unknown,unknown,docs,False,referral,False,quickstart,False,wei_robinson@icloud.com,wei_robinson@icloud.com,freemail,False,False,False,False,False,www.neuralmarketing.co,True,,True,False,,false,verified_in,,false,false
L2043,2026-05-04,Matthew,Roberts,matthew.roberts@tensorloop.io,ML Engineer,TensorLoop,tensorloop.io,51-200,,FR,facebook,paid,fb_q3,,Matthew,Roberts, TensorLoop,ML Engineer,FR,False,,unknown,FB,False,paid,False,fb_q3,False,matthew.roberts@tensorloop.io,matthew.roberts@tensorloop.io,work,False,False,False,False,False,www.tensorloop.io,True,,True,False,,true,ambiguous,EU / Consent Verification Needed,false,false
L2385,2026-05-23,Carol,Johnson,johnson.carol@neuralight.io,DevOps Engineer,Neuralight,,201-500,AI/ML software,IT,blog,referral,pricing-post,opted_in,Carol,Johnson,Neuralight,DevOps Engineer,Italy,False,opted_in,true,blog,False,referral,False,pricing-post,False,johnson.carol@neuralight.io,johnson.carol@neuralight.io,work,False,False,False,False,False,,False,,True,False,,true,verified_in,,false,false
L1035,2026-06-11,Sharon,Meyer,sharon.meyer@proton.me,Founder & CEO,Fieldstone Tech,,,Software,GB,github,referral,docs-cta,,Sharon,Meyer,Fieldstone Tech,Founder & CEO,UK,False,,unknown,github,False,referral,False,docs-cta,False,sharon.meyer@proton.me,sharon.meyer@proton.me,freemail,False,False,False,False,False,,False,,True,False,,false,ambiguous,,false,false
L1334,2026-06-04,Ingrid,Nguyen,ingridn@hotmail.com,,Vectorly AI,vectorly.ai,11-50,,SE,facebook,paid,fb_q3,TRUE,Ingrid,nguyen  ,Vectorly AI,,sweden,False,TRUE,true,FB,False,paid,False,fb_q3,False,ingridn@hotmail.com,ingridn@hotmail.com,freemail,False,False,False,False,False,https://vectorly.ai,True,,True,False,,true,verified_in,,false,false
L1614,2026-04-11,Brandon,Walker,brandonw@modelry.ai,Marketing Manager,MODELRY,modelry.ai,,AI/ML software,CA,docs,referral,quickstart,pending, Brandon,Walker,MODELRY,Marketing Manager,Canada,False,pending,unknown,docs,False,referral,False,quickstart,False,brandonw@modelry.ai,brandonw@modelry.ai,work,False,False,False,False,False,https://modelry.ai,True,,True,False,,false,verified_in,,false,true
L2467,2026-06-23,Joshua,Martinez,joshua_martinez@icloud.com,Consultant,maple grove bakery,maplegrovebakery.com,1-10,Food and beverage,,facebook,cpc,fb-q3-conversions,NULL,JOSHUA,Martinez,maple grove bakery,Consultant,,False,NULL,unknown,Facebook Ads,False,cpc,False,fb-q3-conversions,False,joshua_martinez@icloud.com,joshua_martinez@icloud.com,freemail,False,False,False,False,False,https://maplegrovebakery.com,True,,True,False,,false,ambiguous,,false,false
L1034,2026-04-20,Laura,Keller,keller.laura@agentstack.dev,Backend Engineer,AgentStack,agentstack.dev,,,AU,google,cpc,gpu-cloud-nonbrand,NULL,Laura,keller,AgentStack,Backend Engineer  ,Australia,False,NULL,unknown,google,False,cpc,False,gpu-cloud-nonbrand,False,keller.laura@agentstack.dev,keller.laura@agentstack.dev,work,False,False,False,False,False,https://agentstack.dev,True,,True,False,,false,ambiguous,,false,false
L1183,2026-05-13,Rebecca,Weber,rweber@embediq.ai,Sr. Data Scientist,EmbedIQ,embediq.ai,1000+,,AU,youtube,video,tutorial-series,yes,REBECCA,Weber  ,EmbedIQ,Sr. Data Scientist,australia,False,yes,true,youtube,False,video,False,tutorial-series,False,rweber@embediq.ai,rweber@embediq.ai,work,False,False,False,False,False,www.embediq.ai,True,,True,False,,false,verified_in,,false,false
L1345,2026-04-08,Joseph,Park,jpark@orbitalmind.ai,Senior Software Engineer,ORBITAL MIND,orbitalmind.ai,201-500,AI/ML software,US,google,cpc,brand-search-q3,opted_in,Joseph  ,Park,ORBITAL MIND,Senior Software Engineer,United States,False,opted_in,true,google,False,cpc,False,brand-search-q3,False,jpark@orbitalmind.ai,jpark@orbitalmind.ai,work,False,False,False,False,False,www.orbitalmind.ai,True,,True,False,,false,verified_in,,false,false
L1559,2026-06-15,Deborah,Carter,carter.deborah@centralpoly.edu,Freelancer,Central Polytechnic,centralpoly.edu,1000+,Education,US,facebook,paid,fb_q3,,Deborah,Carter,Central Polytechnic,Freelancer,US,False,,unknown,FB,False,paid,False,fb_q3,False,carter.deborah@centralpoly.edu,carter.deborah@centralpoly.edu,work,False,False,True,False,False,www.centralpoly.edu,True,,True,False,,false,ambiguous,,false,false
L2507,2026-05-27,Amara,Thompson,AMARAT@MAPLEGROVEBAKERY.COM,Platform Engineer,Maple Grove Bakery,maplegrovebakery.com,1-10,Food and beverage,SG,email_blast,email,july-promo,,Amara,THOMPSON,Maple Grove Bakery,Platform Engineer,SG,False,,unknown,email%20blast,False,e-mail,False,JULY%20PROMO,False,AMARAT@MAPLEGROVEBAKERY.COM,amarat@maplegrovebakery.com,work,False,False,False,False,False,https://maplegrovebakery.com,True,,True,False,,false,verified_in,,false,false
L2230,2026-06-26,Nicholas,Moore,nicholas.moore@promptline.ai,,Promptline,promptline.ai,,,JP,,,,pending,Nicholas,Moore,Promptline,,JP,False,pending,unknown,test,True,test,True,test-campaign-DELETE,True,nicholas.moore@promptline.ai,nicholas.moore@promptline.ai,work,False,False,False,False,False,https://promptline.ai,True,,True,False,,false,ambiguous,,false,false
L1733,2026-06-04,Christine,Hassan,christine.hassan@orbitalmind.ai,Software Engineer,Orbital Mind,orbitalmind.ai,201-500,AI/ML software,GB,google,organic,,,Christine,Hassan,Orbital Mind,Software Engineer,GB,False,,unknown,google,False,organic,False,,True,christine.hassan@orbitalmind.ai,christine.hassan@orbitalmind.ai,work,False,False,False,False,False,https://orbitalmind.ai,True,,True,False,,false,ambiguous,,false,false
L1596,2026-04-12,Ronald,King,RONALD_KING@NEURALMARKETING.CO,Independent Consultant,neural marketing co,,1-10,Marketing agency,IN,reddit,social,r-machinelearning,,Ronald,King,neural marketing co,Independent Consultant,india,False,,unknown,reddit,False,social,False,r-machinelearning,False,RONALD_KING@NEURALMARKETING.CO,ronald_king@neuralmarketing.co,work,False,False,False,False,False,,False,,True,False,,false,verified_out,,false,true
L1537,2026-04-04,John,Martinez,john_martinez@proton.me,Project Manager,,,,,JP,blog,referral,pricing-post,, John,martinez,,Project Manager,Japan,False,,unknown,blog,False,referral,False,pricing-post,False,john_martinez@proton.me,john_martinez@proton.me,freemail,False,False,False,False,False,,False,,True,False,,false,verified_in,,false,true
L2065,2026-06-07,Sofia,Kim,skim@neuralight.io,Backend Engineer,Neuralight,neuralight.io,201-500,AI/ML software,JP,producthunt,referral,launch,pending,Sofia,Kim,Neuralight,Backend Engineer,Japan,False,pending,unknown,producthunt,False,referral,False,launch,False,skim@neuralight.io,skim@neuralight.io,work,False,False,False,False,False,https://neuralight.io,True,,True,False,,false,ambiguous,,false,false
L2591,2026-05-26,Kimberly,Rodriguez,krodriguez@databarn.io,VP of AI Infrastructure,databarn,databarn.io,11-50,,IT,email_blast,email,july-promo,NULL,KIMBERLY,Rodriguez  ,databarn,VP of AI Infrastructure,Italia,False,NULL,unknown,email%20blast,False,e-mail,False,JULY%20PROMO,False,krodriguez@databarn.io,krodriguez@databarn.io,work,False,False,False,False,False,https://databarn.io,True,,True,False,,true,ambiguous,EU / Consent Verification Needed,false,false
L1752,2026-06-19,Justin,Muller,jmuller@stateuniv.edu,PhD Student,State University,stateuniv.edu,1000+,Education,AU,linkedin,paid_social,serverless-launch,unknown,Justin,MULLER, State University,PhD Student,Australia,False,unknown,unknown,linkedin,False,paid_social,False,serverless-launch,False,jmuller@stateuniv.edu,jmuller@stateuniv.edu,work,False,False,True,False,False,www.stateuniv.edu,True,,True,False,,false,ambiguous,,false,false
L2006,2026-05-28,Betty,Johnson,bjohnson@tensorhive.ai,,,,,,CA,blog,referral,pricing-post,,Betty,johnson,,,CA,False,,unknown,blog,False,referral,False,pricing-post,False,bjohnson@tensorhive.ai,bjohnson@tensorhive.ai,work,True,False,False,False,False,,False,,True,False,,false,verified_in,,false,true
L2264,2026-06-19,Anna,Muller,muller.anna@ridgewayconstruction.com,Deep Learning Engineer,ridgeway construction,ridgewayconstruction.com,,Construction,SG,google,cpc,brand-search-q3,NULL,Anna,Muller,ridgeway construction,Deep Learning Engineer,Singapore,False,NULL,unknown,google,False,cpc,False,brand-search-q3,False,muller.anna@ridgewayconstruction.com,muller.anna@ridgewayconstruction.com,work,False,False,False,False,False,https://ridgewayconstruction.com,True,,True,False,,false,ambiguous,,false,false
L2444,2026-05-20,Zara,Kumar,kumar.zara@stacklinesoftware.com,Fractional CTO,Stackline Software,stacklinesoftware.com,11-50,,AU,reddit,social,r-machinelearning,,Zara,Kumar,Stackline Software,Fractional CTO,Australia,False,,unknown,reddit,False,social,False,r-machinelearning,False,kumar.zara@stacklinesoftware.com,kumar.zara@stacklinesoftware.com,work,False,False,False,False,False,www.stacklinesoftware.com,True,,True,False,,false,ambiguous,,false,false
L2735,2026-06-18,Priya,Keller,keller.priya@cornerstoneins.com,Computer Vision Engineer,,,,,US,blog,referral,pricing-post,NULL,Priya,Keller,,Computer Vision Engineer,United States,False,NULL,unknown,blog,False,referral,False,pricing-post,False,keller.priya@cornerstoneins.com,keller.priya@cornerstoneins.com,work,False,False,False,False,False,,False,,True,False,,false,ambiguous,,false,false
L1058,2026-04-27,Fatima,Adams,fatima.adams@proton.me,Business Analyst,Peak Fitness Studios,peakfitnessstudios.com,51-200,,GB,,,,,Fatima,Adams  ,Peak Fitness Studios,Business Analyst,GB,False,,unknown,undefined,True,undefined,True,,True,fatima.adams@proton.me,fatima.adams@proton.me,freemail,False,False,False,False,False,www.peakfitnessstudios.com,True,,True,False,,false,ambiguous,,false,false
L1127,2026-05-30,Anthony,Gonzalez,gonzalez.anthony@shipmate.io,Product Marketing Manager,Shipmate,shipmate.io,201-500,,BR,google,cpc,brand-search-q3,unknown,Anthony  ,Gonzalez,Shipmate,Product Marketing Manager,BR,False,unknown,unknown,google,False,cpc,False,brand-search-q3,False,gonzalez.anthony@shipmate.io,gonzalez.anthony@shipmate.io,work,False,False,False,False,False,https://shipmate.io,True,,True,False,,false,ambiguous,,false,false
L1552,2026-06-05,Angela,Garcia,angela.garcia@stateuniv.edu,PhD Candidate,State University,,1000+,Education,US,reddit,social,r-machinelearning,1,angela,GARCIA,State University,PhD Candidate,USA,False,1,true,reddit,False,social,False,r-machinelearning,False,angela.garcia@stateuniv.edu,angela.garcia@stateuniv.edu,work,False,False,True,False,False,,False,,True,False,,false,verified_in,,false,false
L2329,2026-05-24,Sharon,Moore,sharon.moore@icloud.com,CTO,Securex Systems,securexsystems.com,1-10,Software,BR,twitter,social,launch-week,,Sharon,Moore,Securex Systems,CTO,brazil,False,,unknown,twitter,False,social,False,launch-week,False,sharon.moore@icloud.com,sharon.moore@icloud.com,freemail,False,False,False,False,False,https://securexsystems.com,True,,True,False,,false,ambiguous,,false,false
L1927,2026-05-23,Jonathan,Gonzalez,jonathan_gonzalez@fieldstonetech.com,Founder,Fieldstone Tech,fieldstonetech.com,501-1000,Software,GB,google,cpc,brand-search,,Jonathan  ,Gonzalez,Fieldstone Tech,Founder,UK,False,,unknown,google ,False, cpc,False,brand search,False,jonathan_gonzalez@fieldstonetech.com,jonathan_gonzalez@fieldstonetech.com,work,False,False,False,False,False,https://fieldstonetech.com,True,,True,False,,false,verified_in,,true,false
L2341,2026-06-02,Daniel,Schmidt,schmidt.daniel@hotmail.com,Indie hacker,Central Polytechnic,,1000+,Education,JP,,,,,Daniel,Schmidt,Central Polytechnic,Indie hacker,JP,False,,unknown,undefined,True,undefined,True,,True,schmidt.daniel@hotmail.com,schmidt.daniel@hotmail.com,freemail,False,False,False,False,False,,False,,True,False,,false,verified_in,,false,false
L2267,2026-05-27,Michael,Martinez,michaelm@brightqueue.io,Senior Software Engineer,BrightQueue,brightqueue.io,51-200,Software,GB,youtube,video,tutorial-series,pending,Michael, MARTINEZ,BrightQueue,Senior Software Engineer,uk,False,pending,unknown,youtube,False,video,False,tutorial-series,False,michaelm@brightqueue.io,michaelm@brightqueue.io,work,False,False,False,False,False,https://brightqueue.io,True,,True,False,,false,verified_in,,false,false
L1209,2026-06-03,Yuki,Martin,yuki.martin@deepharbor.ai,Co-founder,DeepHarbor,,201-500,AI/ML software,SG,google,cpc,brand-search-q3,,YUKI,Martin,DeepHarbor,Co-founder,SG,False,,unknown,google,False,cpc,False,brand-search-q3,False,yuki.martin@deepharbor.ai,yuki.martin@deepharbor.ai,work,False,False,False,False,False,,False,,True,False,,false,verified_in,,false,false
L2301,2026-04-12,Olaf,Ramirez,olafr@bellavistarealty.com,Content Writer,Bella Vista Realty,bellavistarealty.com,201-500,,IN,facebook,cpc,fb-q3-conversions,NULL,Olaf  ,Ramirez,Bella Vista Realty,Content Writer,IN,False,NULL,unknown,Facebook Ads,False,cpc,False,fb-q3-conversions,False,olafr@bellavistarealty.com,olafr@bellavistarealty.com,work,False,False,False,False,False,https://bellavistarealty.com,True,,True,False,,false,ambiguous,,false,false
L1798,2026-04-02,Elena,Miller,ELENA.MILLER@VOXELDYNAMICS.AI,software engineer,voxel dynamics,voxeldynamics.ai,51-200,AI/ML software,IE,linkedin,paid_social,serverless-launch,,Elena,MILLER,voxel dynamics,software engineer,IE,False,,unknown,linkedin,False,paid_social,False,serverless-launch,False,ELENA.MILLER@VOXELDYNAMICS.AI,elena.miller@voxeldynamics.ai,work,False,False,False,False,False,https://voxeldynamics.ai,True,,True,False,,true,ambiguous,EU / Consent Verification Needed,false,false
L2540,2026-06-28,Shirley,King,SHIRLEY.KING@AGENTSTACK.DEV,Content Writer,AgentStack,agentstack.dev,1000+,AI/ML software,JP,newsletter,email,weekly-digest,,SHIRLEY,King,AgentStack,Content Writer,Japan,False,,unknown,newsletter,False,email,False,weekly-digest,False,SHIRLEY.KING@AGENTSTACK.DEV,shirley.king@agentstack.dev,work,False,False,False,False,False,https://agentstack.dev,True,,True,False,,false,ambiguous,,false,false
L2240,2026-04-11,Jacob,Kim,jkim@cornerstoneins.com,Data Scientist,Cornerstone Insurance,cornerstoneins.com,,Insurance,IT,youtube,video,tutorial-series,false,Jacob,KIM,Cornerstone Insurance,Data Scientist,Italy,False,false,false,youtube,False,video,False,tutorial-series,False,jkim@cornerstoneins.com,jkim@cornerstoneins.com,work,False,False,False,False,False,www.cornerstoneins.com,True,,True,False,,true,verified_out,,false,false
L1660,2026-05-15,Lisa,Becker,lisa_becker@cascade-ai.com,VP of Engineering,CASCADE AI,cascade-ai.com,51-200,AI/ML software,PL,newsletter,email,weekly-digest,1,lisa,Becker,CASCADE AI,VP of Engineering,PL,False,1,true,newsletter,False,email,False,weekly-digest,False,lisa_becker@cascade-ai.com,lisa_becker@cascade-ai.com,work,False,False,False,False,False,www.cascade-ai.com,True,,True,False,,true,verified_in,,false,false
L2539,2026-04-07,Benjamin,Rossi,BROSSI@BRIGHTQUEUE.IO,Technologist,BrightQueue,brightqueue.io,51-200,Software,GB,facebook,social,q3,opted_in,Benjamin,rossi,BrightQueue,Technologist,uk,False,opted_in,true,fb_paid,False,social,False,q3,False,BROSSI@BRIGHTQUEUE.IO,brossi@brightqueue.io,work,False,False,False,False,False,https://brightqueue.io,True,,True,False,,false,verified_in,,false,false
L2378,2026-04-24,Margaret,Jones,margaret.jones@orbitalmind.ai,NLP Engineer,Orbital Mind,orbitalmind.ai,201-500,AI/ML software,GB,google,organic,,NULL,Margaret,Jones,Orbital Mind,NLP Engineer,uk,False,NULL,unknown,google,False,organic,False,,True,margaret.jones@orbitalmind.ai,margaret.jones@orbitalmind.ai,work,False,False,False,False,False,https://orbitalmind.ai,True,,True,False,,false,verified_in,,false,false
L1578,2026-05-10,George,Taylor,GEORGE_TAYLOR@GRADIENTPEAK.AI,Technologist,gradient peak,gradientpeak.ai,201-500,,US,,,,granted,George,Taylor,gradient peak,Technologist,US,False,granted,true,(direct),True,(none),True,,True,GEORGE_TAYLOR@GRADIENTPEAK.AI,george_taylor@gradientpeak.ai,work,False,False,False,False,False,https://gradientpeak.ai,True,,True,False,,false,verified_in,,false,false
L1006,2026-06-22,Samantha,Davis,sdavis@formcraft.com,Co-founder,Formcraft,formcraft.com,,Software,,linkedin,paid_social,serverless-launch,,Samantha,Davis,Formcraft,Co-founder,,False,,unknown,linkedin,False,paid_social,False,serverless-launch,False,sdavis@formcraft.com,sdavis@formcraft.com,work,False,False,False,False,False,www.formcraft.com,True,,True,False,,false,ambiguous,,false,false
L2372,2026-04-02,Nicholas,Perez,nicholas_perez@paytrellis.com,ml engineer,PayTrellis,paytrellis.com,51-200,Software,SG,newsletter,email,weekly-digest,NULL,NICHOLAS,Perez,PayTrellis,ml engineer,Singapore,False,NULL,unknown,newsletter,False,email,False,weekly-digest,False,nicholas_perez@paytrellis.com,nicholas_perez@paytrellis.com,work,False,False,False,False,False,www.paytrellis.com,True,,True,False,,false,ambiguous,,false,false
L1645,2026-04-03,Rebecca,Anderson,rebecca_anderson@embediq.ai,MLOps Engineer,embediq,,1000+,AI/ML software,IN,newsletter,email,weekly-digest,,REBECCA,Anderson,embediq,MLOps Engineer,india,False,,unknown,newsletter,False,email,False,weekly-digest,False,rebecca_anderson@embediq.ai,rebecca_anderson@embediq.ai,work,False,False,False,False,False,,False,,True,False,,false,ambiguous,,false,false
L1111,2026-06-01,Matthew,Kumar,kumar.matthew@quantavision.io,Senior ML Engineer,QUANTA VISION,,1-10,AI/ML software,BR,reddit,social,r-machinelearning,,Matthew,Kumar,QUANTA VISION,Senior ML Engineer,Brazil,False,,unknown,reddit,False,social,False,r-machinelearning,False,kumar.matthew@quantavision.io,kumar.matthew@quantavision.io,work,False,False,False,False,False,,False,,True,False,,false,ambiguous,,false,false
L1198,2026-05-30,Anna,Green,agreen@diffusia.io,Research Engineer,Diffusia,diffusia.io,1-10,,SG,docs,referral,quickstart,pending,Anna,Green,Diffusia  ,Research Engineer,singapore,False,pending,unknown,docs,False,referral,False,quickstart,False,agreen@diffusia.io,agreen@diffusia.io,work,False,False,False,False,False,https://diffusia.io,True,,True,False,,false,verified_in,,false,false
L2471,2026-05-31,Samuel,Gonzalez,samuelg@northernuni.edu,Freelancer,Northern University,northernuni.edu,,Education,GB,google,cpc,brand-search,pending,Samuel, Gonzalez,Northern University,Freelancer,GB,False,pending,unknown,google ,False, cpc,False,brand search,False,samuelg@northernuni.edu,samuelg@northernuni.edu,work,False,False,True,False,False,www.northernuni.edu,True,,True,False,,false,verified_in,,false,false
L2250,2026-06-26,Emma,Brown,emma_brown@stacklinesoftware.com,ML Engineer,Stackline Software,stacklinesoftware.com,,Software,SG,newsletter,email,weekly-digest,true,Emma,Brown,Stackline Software,ML Engineer,SG,False,true,true,newsletter,False,email,False,weekly-digest,False,emma_brown@stacklinesoftware.com,emma_brown@stacklinesoftware.com,work,False,False,False,False,False,www.stacklinesoftware.com,True,,True,False,,false,verified_in,,true,false
L2112,2026-05-10,Stephanie,Jones,stephanie.jones@paytrellis.com,Senior Software Engineer,PayTrellis,paytrellis.com,,,BR,twitter,social,launch-week,,Stephanie,Jones  ,PayTrellis,Senior Software Engineer,BR,False,,unknown,twitter,False,social,False,launch-week,False,stephanie.jones@paytrellis.com,stephanie.jones@paytrellis.com,work,False,False,False,False,False,www.paytrellis.com,True,,True,False,,false,verified_in,,false,false
L2157,2026-06-03,Larry,Andersson,larry_andersson@synthworks.ai,Platform Engineer,SynthWorks AI,,11-50,AI/ML software,CA,google,organic,,NULL,Larry,Andersson,SynthWorks AI,Platform Engineer,CA,False,NULL,unknown,google,False,organic,False,,True,larry_andersson@synthworks.ai,larry_andersson@synthworks.ai,work,False,False,False,False,False,,False,,True,False,,false,verified_in,,true,false
L1053,2026-06-24,Carol,Chen,cchen@quantumnails.com,Sales Development Rep,Quantum Nails Salon,quantumnails.com,51-200,,AU,,,,unknown,Carol,Chen,Quantum Nails Salon,Sales Development Rep,australia,False,unknown,unknown,null,True,null,True,null,True,cchen@quantumnails.com,cchen@quantumnails.com,work,False,False,False,False,False,https://quantumnails.com,True,,True,False,,false,verified_in,,false,false
L2743,2026-05-29,Jack,Hill,jack_hill@outlook.com,Social Media Manager,Peak Fitness Studios,peakfitnessstudios.com,51-200,Fitness,,producthunt,referral,launch,unknown,Jack  ,Hill,Peak Fitness Studios  ,Social Media Manager,,False,unknown,unknown,producthunt,False,referral,False,launch,False,jack_hill@outlook.com,jack_hill@outlook.com,freemail,False,False,False,False,False,www.peakfitnessstudios.com,True,,True,False,,false,ambiguous,,false,false
L1868,2026-06-17,Mateo,Baker,mateob@ragpipe.dev,Founder,,,,,,linkedin,paid_social,serverless-launch,pending,Mateo,Baker,,Founder,,False,pending,unknown,linkedin,False,paid_social,False,serverless-launch,False,mateob@ragpipe.dev,mateob@ragpipe.dev,work,False,False,False,False,False,,False,,True,False,,false,verified_out,,false,false
L1430,2026-06-29,Stephanie,Kim,stephaniek@voiceforge.ai,AI Engineer,VoiceForge,voiceforge.ai,51-200,AI/ML software,JP,newsletter,email,weekly-digest,pending,Stephanie,kim,VoiceForge,AI Engineer,Japan,False,pending,unknown,newsletter,False,email,False,weekly-digest,False,stephaniek@voiceforge.ai,stephaniek@voiceforge.ai,work,False,False,False,False,False,www.voiceforge.ai,True,,True,False,,false,verified_in,,false,false
L1490,2026-06-19,Benjamin,Hansen,benjamin_hansen@yahoo.com,"Director, Machine Learning",TensorLoop,tensorloop.io,51-200,AI/ML software,SE,linkedin,paid_social,serverless-launch,TRUE,BENJAMIN,Hansen,TensorLoop,"Director, Machine Learning",Sweden,False,TRUE,true,linkedin,False,paid_social,False,serverless-launch,False,benjamin_hansen@yahoo.com,benjamin_hansen@yahoo.com,freemail,False,False,False,False,False,https://tensorloop.io,True,,True,False,,true,verified_in,,false,false
L1867,2026-04-04,Jacob,Taylor,jacob_taylor@embediq.ai,Senior ML Engineer,EmbedIQ,embediq.ai,1000+,,JP,github,referral,docs-cta,unknown,Jacob,Taylor,EmbedIQ,Senior ML Engineer,JP,False,unknown,unknown,github,False,referral,False,docs-cta,False,jacob_taylor@embediq.ai,jacob_taylor@embediq.ai,work,False,False,False,False,False,https://embediq.ai,True,,True,False,,false,ambiguous,,false,false
L1589,2026-06-25,Dorothy,Ferrari,dorothy.ferrari@gridbase.dev,,Gridbase,gridbase.dev,11-50,,SG,google,cpc,brand-search-q3,,dorothy,Ferrari,Gridbase  ,,singapore,False,,unknown,google,False,cpc,False,brand-search-q3,False,dorothy.ferrari@gridbase.dev,dorothy.ferrari@gridbase.dev,work,False,False,False,False,False,https://gridbase.dev,True,,True,False,,false,verified_in,,false,false
L2845,2026-05-30,James,Larsen,larsen.james+test@outlook.com,Account Executive,databarn,databarn.io,11-50,Software,JP,reddit,social,r-machinelearning,pending,James,Larsen,databarn,Account Executive,Japan,False,pending,unknown,reddit,False,social,False,r-machinelearning,False,larsen.james+test@outlook.com,larsen.james+test@outlook.com,freemail,False,False,False,False,False,https://databarn.io,True,,True,False,,false,verified_in,,false,false
L1251,2026-04-27,Alexander,Andersson,alexander_andersson@promptline.ai,Research Scientist,Promptline,promptline.ai,11-50,AI/ML software,DE,google,cpc,gpu-cloud-nonbrand,true,alexander,Andersson,Promptline,Research Scientist,Germany,False,true,true,google,False,cpc,False,gpu-cloud-nonbrand,False,alexander_andersson@promptline.ai,alexander_andersson@promptline.ai,work,False,False,False,False,False,www.promptline.ai,True,,True,False,,true,verified_in,,false,false
L1130,2026-05-22,Robert,Scott,rscott@outlook.com,Infrastructure Engineer,RoboticsOne,roboticsone.ai,,AI/ML software,CA,facebook,paid,fb_q3,pending,Robert,SCOTT,RoboticsOne,Infrastructure Engineer,CA,False,pending,unknown,FB,False,paid,False,fb_q3,False,rscott@outlook.com,rscott@outlook.com,freemail,False,False,False,False,False,https://roboticsone.ai,True,,True,False,,false,ambiguous,,false,false
L2570,2026-04-01,Sarah,Ramirez,ramirez.sarah@centralpoly.edu,PhD Student,,,,,US,reddit,social,r-machinelearning,unknown,Sarah,Ramirez,,PhD Student,united states,False,unknown,unknown,reddit,False,social,False,r-machinelearning,False,ramirez.sarah@centralpoly.edu,ramirez.sarah@centralpoly.edu,work,False,False,True,False,False,,False,,True,False,,false,verified_in,,true,false
L1511,2026-04-11,Carol,Mitchell,carol.mitchell@diffusia.io,ml engineer,Diffusia,diffusia.io,1-10,AI/ML software,ES,github,referral,docs-cta,FALSE,carol  ,Mitchell,Diffusia,ml engineer,ES,False,FALSE,false,github,False,referral,False,docs-cta,False,carol.mitchell@diffusia.io,carol.mitchell@diffusia.io,work,False,False,False,False,False,https://diffusia.io,True,,True,False,,true,verified_out,,false,false
L1937,2026-04-26,Nicole,Williams,nwilliams@copilothealth.ai,Customer Success Manager,Copilot Health AI,copilothealth.ai,1-10,AI/ML software,BR,google,organic,,,Nicole,Williams,Copilot Health AI,Customer Success Manager,BR,False,,unknown,google,False,organic,False,,True,nwilliams@copilothealth.ai,nwilliams@copilothealth.ai,work,False,False,False,False,False,https://copilothealth.ai,True,,True,False,,false,ambiguous,,false,false
L2545,2026-04-03,Elizabeth,Ramirez,ramirez.elizabeth@mistletoeml.com,DevOps Engineer,Mistletoe ML,mistletoeml.com,,AI/ML software,JP,blog,referral,pricing-post,1,Elizabeth,ramirez,Mistletoe ML,DevOps Engineer,Japan,False,1,true,blog,False,referral,False,pricing-post,False,ramirez.elizabeth@mistletoeml.com,ramirez.elizabeth@mistletoeml.com,work,False,False,False,False,False,www.mistletoeml.com,True,,True,False,,false,verified_out,,false,true
L1619,2026-05-26,Cynthia,Wilson,cwilson@formcraft.com,Head of Data Science,Formcraft,formcraft.com,1000+,Software,,producthunt,referral,launch,1,Cynthia,WILSON,Formcraft,Head of Data Science,,False,1,true,producthunt,False,referral,False,launch,False,cwilson@formcraft.com,cwilson@formcraft.com,work,False,False,False,False,False,https://formcraft.com,True,,True,False,,false,verified_in,,false,false
L2367,2026-05-02,Lars,Andersson,LARS.ANDERSSON@SIGNALFOLD.COM,Software Engineer,Signalfold,signalfold.com,,AI/ML software,BR,google,cpc,brand-search-q3,, Lars,Andersson,Signalfold,Software Engineer,BR,False,,unknown,google,False,cpc,False,brand-search-q3,False,LARS.ANDERSSON@SIGNALFOLD.COM,lars.andersson@signalfold.com,work,False,False,False,False,False,www.signalfold.com,True,,True,False,,false,verified_in,,true,false
L2017,2026-04-10,Michelle,Gonzalez,gonzalez.michelle@proton.me,Data Scientist,,,,,SG,blog,referral,pricing-post,,Michelle,Gonzalez,,Data Scientist,Singapore,False,,unknown,blog,False,referral,False,pricing-post,False,gonzalez.michelle@proton.me,gonzalez.michelle@proton.me,freemail,False,False,False,False,False,,False,,True,False,,false,ambiguous,,false,false
L1184,2026-06-21,Lisa,Carter,carter.lisa@relaymesh.io,Builder,Relaymesh,relaymesh.io,51-200,,BR,newsletter,email,weekly-digest,TRUE,Lisa,Carter,Relaymesh,Builder,brazil,False,TRUE,true,newsletter,False,email,False,weekly-digest,False,carter.lisa@relaymesh.io,carter.lisa@relaymesh.io,work,False,False,False,False,False,www.relaymesh.io,True,,True,False,,false,verified_in,,false,false
L2123,2026-04-08,Yuki,Andersson,yuki_andersson@stacklinesoftware.com,HR Manager,Stackline Software,,11-50,Software,US,email_blast,email,july-promo,,Yuki,Andersson,Stackline Software,HR Manager,US,False,,unknown,email%20blast,False,e-mail,False,JULY%20PROMO,False,yuki_andersson@stacklinesoftware.com,yuki_andersson@stacklinesoftware.com,work,False,False,False,False,False,,False,,True,False,,false,verified_in,,true,false
L1135,2026-06-08,Mary,Rodriguez,mary_rodriguez@icloud.com,Computer Vision Engineer,Voxel Dynamics,voxeldynamics.ai,51-200,,JP,google,organic,,pending,MARY,Rodriguez,Voxel Dynamics, Computer Vision Engineer,JP,False,pending,unknown,google,False,organic,False,,True,mary_rodriguez@icloud.com,mary_rodriguez@icloud.com,freemail,False,False,False,False,False,www.voxeldynamics.ai,True,,True,False,,false,ambiguous,,false,false
L1091,2026-06-18,Ronald,Jackson,ronaldj@tensorloop.io,Computer Vision Engineer,TensorLoop,tensorloop.io,51-200,AI/ML software,SE,,,,opted_in,Ronald,Jackson,TensorLoop,Computer Vision Engineer,SE,False,opted_in,true,{{utm_source}},True,{{utm_medium}},True,{{utm_campaign}},True,ronaldj@tensorloop.io,ronaldj@tensorloop.io,work,False,False,False,False,False,www.tensorloop.io,True,,True,False,,true,verified_in,,false,false
L2420,2026-05-02,Kimberly,Allen,allen.kimberly@orbitalmind.ai,Head of AI,Orbital Mind,orbitalmind.ai,201-500,,ES,google,organic,,Yes,Kimberly,Allen,Orbital Mind,Head of AI,España,False,Yes,true,google,False,organic,False,,True,allen.kimberly@orbitalmind.ai,allen.kimberly@orbitalmind.ai,work,False,False,False,False,False,www.orbitalmind.ai,True,,True,False,,true,verified_in,,true,false
L2171,2026-06-15,Gregory,Hansen,ghansen@neuralight.io,Consultant,Neuralight,neuralight.io,201-500,AI/ML software,PL,reddit,social,r-machinelearning,0,Gregory,Hansen,Neuralight  ,Consultant,poland,False,0,false,reddit,False,social,False,r-machinelearning,False,ghansen@neuralight.io,ghansen@neuralight.io,work,False,False,False,False,False,https://neuralight.io,True,,True,False,,true,verified_out,,false,false
L1015,2026-06-13,Michelle,Brown,mbrown@hotmail.com,Project Manager,Quantum Nails Salon,quantumnails.com,51-200,Beauty,IN,blog,referral,pricing-post,,Michelle,BROWN,Quantum Nails Salon,Project Manager,india,False,,unknown,blog,False,referral,False,pricing-post,False,mbrown@hotmail.com,mbrown@hotmail.com,freemail,False,False,False,False,False,www.quantumnails.com,True,,True,False,,false,ambiguous,,false,false
L1266,2026-04-02,Kimberly,Kumar,kimberly_kumar@cascade-ai.com,,cascade ai,,51-200,AI/ML software,CA,,,,pending,KIMBERLY,KUMAR,cascade ai,,CA,False,pending,unknown,null,True,null,True,null,True,kimberly_kumar@cascade-ai.com,kimberly_kumar@cascade-ai.com,work,False,False,False,False,False,,False,,True,False,,false,ambiguous,,false,false
L1163,2026-05-08,Linda,Sharma,lsharma@proton.me,Software Engineer,RagPipe,ragpipe.dev,501-1000,,GB,docs,referral,quickstart,NULL,Linda,Sharma,RagPipe,Software Engineer,UK,False,NULL,unknown,docs,False,referral,False,quickstart,False,lsharma@proton.me,lsharma@proton.me,freemail,False,False,False,False,False,https://ragpipe.dev,True,,True,False,,false,verified_in,,false,false
L1659,2026-06-29,Pamela,Meyer,pamelam@northernuni.edu,MS Student,,,,,GB,google,cpc,brand-search-q3,,Pamela,Meyer,,MS Student,uk,False,,unknown,google,False,cpc,False,brand-search-q3,False,pamelam@northernuni.edu,pamelam@northernuni.edu,work,False,False,True,False,False,,False,,True,False,,false,verified_out,,true,false
L2392,2026-06-24,Patrick,Rossi,patrick_rossi@inferralabs.com,ML Engineer,Inferra Labs,inferralabs.com,1000+,AI/ML software,FR,facebook,social,q3,,Patrick,Rossi,Inferra Labs,ML Engineer,France,False,,unknown,fb_paid,False,social,False,q3,False,patrick_rossi@inferralabs.com,patrick_rossi@inferralabs.com,work,False,False,False,False,False,www.inferralabs.com,True,,True,False,,true,verified_in,,false,false
L2336,2026-05-23,Chris,Muller,chris_muller@voiceforge.ai,SWE,VOICEFORGE,voiceforge.ai,51-200,AI/ML software,BR,reddit,social,r-machinelearning,,Chris  ,Muller,VOICEFORGE,SWE,brazil,False,,unknown,reddit,False,social,False,r-machinelearning,False,chris_muller@voiceforge.ai,chris_muller@voiceforge.ai,work,False,False,False,False,False,www.voiceforge.ai,True,,True,False,,false,ambiguous,,false,false
L1970,2026-04-15,Katherine,Thomas,katherinet@synapsefoundry.com,Founder,SYNAPSE FOUNDRY,synapsefoundry.com,11-50,,AU,github,referral,docs-cta,,Katherine,Thomas,SYNAPSE FOUNDRY,Founder,Australia,False,,unknown,github,False,referral,False,docs-cta,False,katherinet@synapsefoundry.com,katherinet@synapsefoundry.com,work,False,False,False,False,False,www.synapsefoundry.com,True,,True,False,,false,verified_out,,true,false
L2466,2026-06-13,Jason,Tanaka,jtanaka@signalfold.com,Chief AI Officer,Signalfold,signalfold.com,1000+,AI/ML software,,github,referral,docs-cta,unknown,jason  ,Tanaka,Signalfold,Chief AI Officer,,False,unknown,unknown,github,False,referral,False,docs-cta,False,jtanaka@signalfold.com,jtanaka@signalfold.com,work,False,False,False,False,False,www.signalfold.com,True,,True,False,,false,verified_out,,false,true
L2127,2026-06-29,Ingrid,Rivera,irivera@copilothealth.ai,Managing Partner,Copilot Health AI,copilothealth.ai,1-10,AI/ML software,AU,facebook,paid_social,fb_q3,,Ingrid,Rivera,Copilot Health AI,Managing Partner,australia,False,,unknown,facebook,False,Paid-Social,False,FB_Q3,False,irivera@copilothealth.ai,irivera@copilothealth.ai,work,False,False,False,False,False,https://copilothealth.ai,True,,True,False,,false,verified_out,,false,false
L1274,2026-04-19,Raymond,Hill,RHILL@RIDGEWAYCONSTRUCTION.COM,Recruiter,Ridgeway Construction,,,Construction,SG,,,,unknown,Raymond,Hill,Ridgeway Construction,Recruiter,singapore,False,unknown,unknown,test,True,test,True,test-campaign-DELETE,True,RHILL@RIDGEWAYCONSTRUCTION.COM,rhill@ridgewayconstruction.com,work,False,False,False,False,False,,False,,True,False,,false,verified_out,,true,true
L1294,2026-05-04,Emily,Moore,EMILY.MOORE@FINETUNELABS.COM,Head of Platform,Finetune Labs,finetunelabs.com,1-10,AI/ML software,ES,docs,referral,quickstart,NULL,Emily,Moore,Finetune Labs,Head of Platform,Spain,False,NULL,unknown,docs,False,referral,False,quickstart,False,EMILY.MOORE@FINETUNELABS.COM,emily.moore@finetunelabs.com,work,False,False,False,False,False,https://finetunelabs.com,True,,True,False,,true,ambiguous,EU / Consent Verification Needed,false,false
L1696,2026-05-08,Shirley,Miller,shirleym@luminaml.com,VP of AI Infrastructure,Lumina ML,luminaml.com,11-50,,BR,github,referral,docs-cta,,shirley,Miller,Lumina ML,VP of AI Infrastructure,Brazil,False,,unknown,github,False,referral,False,docs-cta,False,shirleym@luminaml.com,shirleym@luminaml.com,work,False,False,False,False,False,www.luminaml.com,True,,True,False,,false,verified_in,,false,true
L2459,2026-05-16,Mark,Weber,mark.weber@promptline.ai,sre,promptline,promptline.ai,,,BR,google,organic,,,Mark, Weber,promptline,sre,BR,False,,unknown,google,False,organic,False,,True,mark.weber@promptline.ai,mark.weber@promptline.ai,work,False,False,False,False,False,https://promptline.ai,True,,True,False,,false,verified_in,,true,false
L2229,2026-06-24,Daniel,Walker,daniel.walker@deepharbor.ai,Accountant,DeepHarbor,deepharbor.ai,201-500,AI/ML software,US,linkedin,paid_social,serverless-launch,,Daniel,Walker,DeepHarbor  ,Accountant,usa,False,,unknown,linkedin,False,paid_social,False,serverless-launch,False,daniel.walker@deepharbor.ai,daniel.walker@deepharbor.ai,work,False,False,False,False,False,www.deepharbor.ai,True,,True,False,,false,verified_in,,false,false
L2327,2026-05-13,John,Park,john_park@databarn.io,Research Engineer,DataBarn,databarn.io,11-50,,AU,google,organic,,pending,John  ,Park,DataBarn,Research Engineer,Australia,False,pending,unknown,google,False,organic,False,,True,john_park@databarn.io,john_park@databarn.io,work,False,False,False,False,False,www.databarn.io,True,,True,False,,false,ambiguous,,false,false
L2322,2026-05-24,Zara,Allen,zallen@deepharbor.ai,sre,deepharbor,deepharbor.ai,201-500,AI/ML software,JP,linkedin,paid_social,serverless-launch,Yes,Zara,Allen  ,deepharbor,sre,japan,False,Yes,true,linkedin,False,paid_social,False,serverless-launch,False,zallen@deepharbor.ai,zallen@deepharbor.ai,work,False,False,False,False,False,www.deepharbor.ai,True,,True,False,,false,verified_in,,false,false
L2561,2026-04-19,Emma,Hall,emma.hall@neuralmarketing.co,Head of Machine Learning,Neural Marketing Co,neuralmarketing.co,,Marketing agency,PL,,,,unsubscribed,Emma,Hall,Neural Marketing Co,Head of Machine Learning,PL,False,unsubscribed,false,undefined,True,undefined,True,,True,emma.hall@neuralmarketing.co,emma.hall@neuralmarketing.co,work,False,False,False,False,False,https://neuralmarketing.co,True,,True,False,,true,verified_out,,false,false
L1714,2026-06-07,William,Novak,wnovak@centralpoly.edu,PhD Student,Central Polytechnic,centralpoly.edu,1000+,,,,,,granted,William,Novak,Central Polytechnic,PhD Student,,False,granted,true,null,True,null,True,null,True,wnovak@centralpoly.edu,wnovak@centralpoly.edu,work,False,False,True,False,False,https://centralpoly.edu,True,,True,False,,false,verified_in,,false,false
L1457,2026-04-23,Stephanie,Becker,sbecker@apptide.com,Director of Infrastructure,,,,,IE,google,organic,,yes,stephanie, Becker,,Director of Infrastructure,Ireland,False,yes,true,google,False,organic,False,,True,sbecker@apptide.com,sbecker@apptide.com,work,False,False,False,False,False,,False,,True,False,,true,verified_in,,false,false
L1712,2026-04-09,Jason,Moore,jason.moore@yahoo.com,MS Student,Central Polytechnic,centralpoly.edu,1000+,Education,,blog,referral,pricing-post,,JASON,Moore,Central Polytechnic,MS Student  ,,False,,unknown,blog,False,referral,False,pricing-post,False,jason.moore@yahoo.com,jason.moore@yahoo.com,freemail,False,False,False,False,False,https://centralpoly.edu,True,,True,False,,false,verified_in,,false,false
L2210,2026-05-25,Hans,Martin,hansm@hotmail.com,Indie hacker,,,,,PL,,,,unsubscribed,hans,Martin,,Indie hacker,Poland,False,unsubscribed,false,(direct),True,(none),True,,True,hansm@hotmail.com,hansm@hotmail.com,freemail,False,False,False,False,False,,False,,True,False,,true,verified_out,,false,false
L1888,2026-05-31,Anthony,Smith,anthony_smith@deepharbor.ai,SWE,DeepHarbor,deepharbor.ai,201-500,AI/ML software,CA,newsletter,email,weekly-digest,unknown,Anthony,Smith,DeepHarbor,SWE,canada,False,unknown,unknown,newsletter,False,email,False,weekly-digest,False,anthony_smith@deepharbor.ai,anthony_smith@deepharbor.ai,work,False,False,False,False,False,www.deepharbor.ai,True,,True,False,,false,verified_in,,false,true
L1137,2026-05-11,Sarah,Park,park.sarah@fieldstonetech.com,Financial Analyst,FIELDSTONE TECH,fieldstonetech.com,501-1000,Software,BR,google,organic,,unknown,SARAH,Park,FIELDSTONE TECH,Financial Analyst,brazil,False,unknown,unknown,google,False,organic,False,,True,park.sarah@fieldstonetech.com,park.sarah@fieldstonetech.com,work,False,False,False,False,False,www.fieldstonetech.com,True,,True,False,,false,verified_in,,false,false
L2728,2026-04-10,Kwame,Nelson,NELSON.KWAME@ICLOUD.COM,Business Analyst,,,,,BR,,,,NULL,Kwame,Nelson,,Business Analyst,BR,False,NULL,unknown,test,True,test,True,test-campaign-DELETE,True,NELSON.KWAME@ICLOUD.COM,nelson.kwame@icloud.com,freemail,False,False,False,False,False,,False,,True,False,,false,verified_in,,true,false
L2258,2026-04-01,Andrew,Brown,andrew.brown@metricshub.com,ml engineer,MetricsHub,metricshub.com,,,AU,facebook,social,q3,NULL,Andrew,Brown,MetricsHub, ml engineer,Australia,False,NULL,unknown,fb_paid,False,social,False,q3,False,andrew.brown@metricshub.com,andrew.brown@metricshub.com,work,False,False,False,False,False,www.metricshub.com,True,,True,False,,false,ambiguous,,false,false
L2235,2026-06-03,Michelle,Baker,michelleb@inferralabs.com,Co-founder,Inferra Labs,inferralabs.com,1000+,,AU,google,cpc,brand-search-q3,NULL,Michelle,baker,Inferra Labs,Co-founder,AU,False,NULL,unknown,google,False,cpc,False,brand-search-q3,False,michelleb@inferralabs.com,michelleb@inferralabs.com,work,False,False,False,False,False,www.inferralabs.com,True,,True,False,,false,verified_in,,false,false
L2713,2026-06-28,Janet,Becker,becker.janet@yahoo.com,NLP Engineer,Voxel Dynamics,voxeldynamics.ai,51-200,AI/ML software,CA,blog,referral,pricing-post,opted_in,Janet,Becker,Voxel Dynamics,NLP Engineer,Canada,False,opted_in,true,blog,False,referral,False,pricing-post,False,becker.janet@yahoo.com,becker.janet@yahoo.com,freemail,False,False,False,False,False,www.voxeldynamics.ai,True,,True,False,,false,verified_in,,false,false
L2248,2026-05-07,Helen,Sharma,helens@bluebirdtravel.com,Office Manager,bluebird travel,,51-200,Travel,CA,google,cpc,gpu-cloud-nonbrand,1,Helen,Sharma,bluebird travel,Office Manager,Canada,False,1,true,google,False,cpc,False,gpu-cloud-nonbrand,False,helens@bluebirdtravel.com,helens@bluebirdtravel.com,work,False,False,False,False,False,,False,,True,False,,false,verified_in,,false,false
L2169,2026-05-29,Patricia,Carter,patricia_carter@cascade-ai.com,Applied Scientist,Cascade AI,cascade-ai.com,51-200,AI/ML software,AU,google,cpc,brand-search-q3,NULL,Patricia,Carter  ,Cascade AI,Applied Scientist,Australia,False,NULL,unknown,google,False,cpc,False,brand-search-q3,False,patricia_carter@cascade-ai.com,patricia_carter@cascade-ai.com,work,False,False,False,False,False,www.cascade-ai.com,True,,True,False,,false,ambiguous,,false,false
L1601,2026-04-23,Stephen,Ferrari,ferrari.stephen@hotmail.com,AI Engineer,Mistletoe ML,mistletoeml.com,1000+,AI/ML software,US,google,organic,,,Stephen,Ferrari,Mistletoe ML,AI Engineer,U.S.,False,,unknown,google,False,organic,False,,True,ferrari.stephen@hotmail.com,ferrari.stephen@hotmail.com,freemail,False,False,False,False,False,www.mistletoeml.com,True,,True,False,,false,ambiguous,,false,false
L2354,2026-04-05,Angela,Schmidt,angela_schmidt@shipmate.io,Head of Data Science,Shipmate,shipmate.io,201-500,,SG,,,,pending,Angela  ,schmidt, Shipmate,Head of Data Science,Singapore,False,pending,unknown,undefined,True,undefined,True,,True,angela_schmidt@shipmate.io,angela_schmidt@shipmate.io,work,False,False,False,False,False,www.shipmate.io,True,,True,False,,false,verified_in,,false,false
L2769,2026-05-28,Betty,Ramirez,bettyr@gridbase.dev,Head of AI,gridbase,gridbase.dev,11-50,Software,ES,google,cpc,gpu-cloud-nonbrand,,Betty,Ramirez,gridbase,Head of AI,España,False,,unknown,google,False,cpc,False,gpu-cloud-nonbrand,False,bettyr@gridbase.dev,bettyr@gridbase.dev,work,False,False,False,False,False,https://gridbase.dev,True,,True,False,,true,ambiguous,EU / Consent Verification Needed,false,false
L2025,2026-04-19,Dorothy,Fischer,dorothyf@tensorloop.io,,TensorLoop,tensorloop.io,51-200,AI/ML software,JP,google,cpc,gpu-cloud-nonbrand,pending, DOROTHY,Fischer,TensorLoop,,Japan,False,pending,unknown,google,False,cpc,False,gpu-cloud-nonbrand,False,dorothyf@tensorloop.io,dorothyf@tensorloop.io,work,False,False,False,False,False,https://tensorloop.io,True,,True,False,,false,verified_out,,true,false
L1679,2026-05-10,Justin,Kowalski,kowalski.justin@loopware.io,Director of Infrastructure,Loopware,loopware.io,1000+,,SG,blog,referral,pricing-post,NULL,Justin,Kowalski,Loopware,Director of Infrastructure,SG,False,NULL,unknown,blog,False,referral,False,pricing-post,False,kowalski.justin@loopware.io,kowalski.justin@loopware.io,work,False,False,False,False,False,https://loopware.io,True,kowalski.justin@loopware.io,True,False,,false,verified_in,,false,true
L1465,2026-04-27,Karen,Moore,karenm@quantavision.io,Advisor,Quanta Vision,,1-10,,,docs,referral,quickstart,pending,Karen,Moore  ,Quanta Vision,Advisor,,False,pending,unknown,docs,False,referral,False,quickstart,False,karenm@quantavision.io,karenm@quantavision.io,work,False,False,False,False,False,,False,,True,False,,false,verified_out,,true,false
L2773,2026-05-30,Helen,Okafor,okafor.helen@securexsystems.com,Staff Engineer,securex systems,securexsystems.com,1-10,Software,BR,docs,referral,quickstart,unknown,Helen,Okafor,securex systems,Staff Engineer,BR,False,unknown,unknown,docs,False,referral,False,quickstart,False,okafor.helen@securexsystems.com,okafor.helen@securexsystems.com,work,False,False,False,False,False,https://securexsystems.com,True,,True,False,,false,ambiguous,,false,false
L2295,2026-06-05,Debra,Walker,debra.walker@finetunelabs.com,founder/ceo,Finetune Labs,finetunelabs.com,1-10,AI/ML software,AU,twitter,social,launch-week,,Debra,Walker,Finetune Labs,founder/ceo,Australia,False,,unknown,twitter,False,social,False,launch-week,False,debra.walker@finetunelabs.com,debra.walker@finetunelabs.com,work,False,False,False,False,False,https://finetunelabs.com,True,,True,False,,false,ambiguous,,false,false
L1458,2026-04-14,Betty,Williams,williams.betty@loopware.io,AI Engineer,Loopware,,,Software,SE,google,organic,,,BETTY,Williams,Loopware,AI Engineer,SE,False,,unknown,google,False,organic,False,,True,williams.betty@loopware.io,williams.betty@loopware.io,work,False,False,False,False,False,,False,,True,False,,true,ambiguous,EU / Consent Verification Needed,false,false
L1642,2026-05-13,Steven,Martinez,stevenm@icloud.com,Executive Assistant,Promptline,promptline.ai,11-50,AI/ML software,SG,producthunt,referral,launch,NULL,Steven,Martinez,Promptline,Executive Assistant,Singapore,False,NULL,unknown,producthunt,False,referral,False,launch,False,stevenm@icloud.com,stevenm@icloud.com,freemail,False,False,False,False,False,https://promptline.ai,True,,True,False,,false,ambiguous,,false,false
L2119,2026-06-13,Matthew,Young,myoung@corticon.ai,NLP Engineer,Corticon AI,corticon.ai,501-1000,,CA,docs,referral,quickstart,unknown,Matthew,Young,Corticon AI,NLP Engineer,canada,False,unknown,unknown,docs,False,referral,False,quickstart,False,myoung@corticon.ai,myoung@corticon.ai,work,False,False,False,False,False,https://corticon.ai,True,,True,False,,false,ambiguous,,false,false
L2496,2026-05-08,Rajesh,Harris,rajesh_harris@copilothealth.ai,Managing Partner,Copilot Health AI,,1-10,AI/ML software,US,docs,referral,quickstart,,Rajesh,Harris,Copilot Health AI,Managing Partner,United States,False,,unknown,docs,False,referral,False,quickstart,False,rajesh_harris@copilothealth.ai,rajesh_harris@copilothealth.ai,work,False,False,False,False,False,,False,,True,False,,false,ambiguous,,false,false
L1493,2026-04-03,Edward,Perez,edwardp@outlook.com,VP Data & AI,quanta vision,quantavision.io,1-10,AI/ML software,DE,facebook,paid_social,fb_q3,0,Edward,Perez,quanta vision,VP Data & AI,Germany,False,0,false,facebook,False,Paid-Social,False,FB_Q3,False,edwardp@outlook.com,edwardp@outlook.com,freemail,False,False,False,False,False,https://quantavision.io,True,,True,False,,true,verified_out,,true,false
L2226,2026-05-10,Diego,Perez,diego.perez@securexsystems.com,Head of Data Science,Securex Systems,,1-10,,FR,,,,yes,Diego,Perez,Securex Systems,Head of Data Science,France,False,yes,true,(direct),True,(none),True,,True,diego.perez@securexsystems.com,diego.perez@securexsystems.com,work,False,False,False,False,False,,False,,True,False,,true,verified_in,,false,false
L2148,2026-06-04,Steven,Wright,steven.wright@securexsystems.com,CEO,Securex Systems,securexsystems.com,1-10,Software,BR,google,cpc,brand-search-q3,NULL,STEVEN,Wright,Securex Systems,CEO,brazil,False,NULL,unknown,google,False,cpc,False,brand-search-q3,False,steven.wright@securexsystems.com,steven.wright@securexsystems.com,work,False,False,False,False,False,www.securexsystems.com,True,,True,False,,false,verified_in,,false,false
L2650,2026-06-01,Christine,Thomas,CHRISTINE.THOMAS@GRIDBASE.DEV,Infrastructure Engineer,Gridbase,,11-50,Software,US,newsletter,email,weekly-digest,,Christine,Thomas,Gridbase,Infrastructure Engineer,united states,False,,unknown,newsletter,False,email,False,weekly-digest,False,CHRISTINE.THOMAS@GRIDBASE.DEV,christine.thomas@gridbase.dev,work,False,False,False,False,False,,False,,True,False,,false,ambiguous,,false,false
L2544,2026-06-09,Carolyn,Sato,carolyn.sato@outlook.com,Platform Engineer,Modelry,modelry.ai,1-10,AI/ML software,NL,blog,referral,pricing-post,pending,Carolyn,Sato,Modelry  ,Platform Engineer,NL,False,pending,unknown,blog,False,referral,False,pricing-post,False,carolyn.sato@outlook.com,carolyn.sato@outlook.com,freemail,False,False,False,False,False,www.modelry.ai,True,,True,False,,true,ambiguous,EU / Consent Verification Needed,false,false
L1758,2026-06-02,Mei,Nelson,mnelson@codewharf.dev,Marketing Manager,Codewharf,,1000+,,,google,cpc,brand-search,1,Mei,nelson,Codewharf,Marketing Manager,,False,1,true,google ,False, cpc,False,brand search,False,mnelson@codewharf.dev,mnelson@codewharf.dev,work,False,False,False,False,False,,False,,True,False,,false,verified_out,,false,true
L1565,2026-05-10,Timothy,Green,timothy_green@icloud.com,PhD Student,,,,,,google,cpc,brand-search-q3,opted_in,Timothy,Green,,PhD Student,,False,opted_in,true,google,False,cpc,False,brand-search-q3,False,timothy_green@icloud.com,timothy_green@icloud.com,freemail,False,False,False,False,False,,False,,True,False,,false,verified_in,,false,true
L1674,2026-05-13,Ronald,Harris,ronaldh@cloudspan.dev,SVP Engineering,Cloudspan,,51-200,Software,IN,google,cpc,brand-search-q3,,RONALD, Harris,Cloudspan,SVP Engineering,IN,False,,unknown,google,False,cpc,False,brand-search-q3,False,ronaldh@cloudspan.dev,ronaldh@cloudspan.dev,work,False,False,False,False,False,,False,,True,False,,false,ambiguous,,false,false
L2224,2026-05-11,Shirley,Nelson,shirley.nelson@finetunelabs.com,Senior ML Engineer,,,,,ES,facebook,paid,fb_q3,NULL,Shirley,Nelson,,Senior ML Engineer,España,False,NULL,unknown,FB,False,paid,False,fb_q3,False,shirley.nelson@finetunelabs.com,shirley.nelson@finetunelabs.com,work,False,False,False,False,False,,False,shirley.nelson@finetunelabs.com,True,True,job_title,true,ambiguous,EU / Consent Verification Needed,false,false
L2379,2026-05-17,Chris,Roberts,ROBERTS.CHRIS@CORTICON.AI,Staff Engineer,CORTICON AI,,501-1000,AI/ML software,GB,linkedin,paid_social,serverless-launch,,Chris,Roberts,CORTICON AI,Staff Engineer,GB,False,,unknown,linkedin,False,paid_social,False,serverless-launch,False,ROBERTS.CHRIS@CORTICON.AI,roberts.chris@corticon.ai,work,False,False,False,False,False,,False,,True,False,,false,ambiguous,,false,false
L1270,2026-05-14,Jack,Allen,jack_allen@apexautoparts.com,VP Data & AI,Apex Auto Parts,apexautoparts.com,,,GB,facebook,paid,fb_q3,,Jack,Allen,Apex Auto Parts,VP Data & AI,GB,False,,unknown,FB,False,paid,False,fb_q3,False,jack_allen@apexautoparts.com,jack_allen@apexautoparts.com,work,False,False,False,False,False,https://apexautoparts.com,True,,True,False,,false,verified_in,,false,false
L1200,2026-05-21,Emily,Hansen,emilyh@gmail.com,Deep Learning Engineer,SynthWorks AI,synthworks.ai,11-50,AI/ML software,SG,google,cpc,gpu-cloud-nonbrand,pending,Emily,hansen,SynthWorks AI,Deep Learning Engineer,SG,False,pending,unknown,google,False,cpc,False,gpu-cloud-nonbrand,False,emilyh@gmail.com,emilyh@gmail.com,freemail,False,False,False,False,False,www.synthworks.ai,True,,True,False,,false,ambiguous,,false,false
L2373,2026-04-19,Kathleen,Nguyen,knguyen@cornerstoneins.com,Founder,cornerstone insurance,,11-50,Insurance,AU,blog,referral,pricing-post,true,KATHLEEN,NGUYEN,cornerstone insurance,Founder,AU,False,true,true,blog,False,referral,False,pricing-post,False,knguyen@cornerstoneins.com,knguyen@cornerstoneins.com,work,False,False,False,False,False,,False,,True,False,,false,verified_in,,false,false
L1646,2026-06-27,Laura,Lopez,laural@fieldstonetech.com,Senior Software Engineer,Fieldstone Tech,,501-1000,Software,IN,linkedin,paid_social,serverless-launch,,Laura,LOPEZ,Fieldstone Tech,Senior Software Engineer,India,False,,unknown,linkedin,False,paid_social,False,serverless-launch,False,laural@fieldstonetech.com,laural@fieldstonetech.com,work,False,False,False,False,False,,False,,True,False,,false,verified_in,,false,true
L1188,2026-04-08,Sandra,Flores,SANDRA.FLORES@MODELRY.AI,,modelry,modelry.ai,1-10,,FR,facebook,cpc,fb-q3-conversions,,Sandra,FLORES,modelry,,FRA,False,,unknown,Facebook Ads,False,cpc,False,fb-q3-conversions,False,SANDRA.FLORES@MODELRY.AI,sandra.flores@modelry.ai,work,False,False,False,False,False,www.modelry.ai,True,,True,False,,true,ambiguous,EU / Consent Verification Needed,false,false
L2291,2026-04-20,Nicholas,Chen,nicholasc@neuralight.io,ml engineer,,,,,BR,,,,,nicholas,chen,,ml engineer,BR,False,,unknown,undefined,True,undefined,True,,True,nicholasc@neuralight.io,nicholasc@neuralight.io,work,False,False,False,False,False,,False,,True,False,,false,ambiguous,,false,false
L1966,2026-05-01,Janet,Young,janet.young@icloud.com,,DEEPHARBOR,deepharbor.ai,,AI/ML software,BR,youtube,video,tutorial-series,unknown,Janet,Young,DEEPHARBOR,,Brazil,False,unknown,unknown,youtube,False,video,False,tutorial-series,False,janet.young@icloud.com,janet.young@icloud.com,freemail,False,False,False,False,False,https://deepharbor.ai,True,,True,False,,false,ambiguous,,false,false
L2747,2026-05-05,Timothy,Baker,baker.timothy@brightqueue.io,Head of Data Science,BRIGHTQUEUE,brightqueue.io,51-200,Software,GB,github,referral,docs-cta,opted_in,Timothy,Baker,BRIGHTQUEUE  ,Head of Data Science,uk,False,opted_in,true,github,False,referral,False,docs-cta,False,baker.timothy@brightqueue.io,baker.timothy@brightqueue.io,work,False,False,False,False,False,www.brightqueue.io,True,,True,False,,false,verified_in,,true,false
L2209,2026-05-09,William,Carter,william_carter@axonresearch.ai,Head of Engineering,,,,,IN,google,organic,,,WILLIAM,Carter,,Head of Engineering,india,False,,unknown,google,False,organic,False,,True,william_carter@axonresearch.ai,william_carter@axonresearch.ai,work,False,False,False,False,False,,False,,True,False,,false,ambiguous,,false,false
L1540,2026-04-15,Jonathan,Johansson,jjohansson@outlook.com,SVP Engineering,SECUREX SYSTEMS,securexsystems.com,1-10,Software,,google,organic,,,Jonathan,Johansson,SECUREX SYSTEMS,SVP Engineering,,False,,unknown,google,False,organic,False,,True,jjohansson@outlook.com,jjohansson@outlook.com,freemail,False,False,False,False,False,https://securexsystems.com,True,,True,False,,false,ambiguous,,false,false
L1951,2026-04-12,Dennis,Patel,DENNIS_PATEL@OPSFLEET.COM,Sales Development Rep,Opsfleet,opsfleet.com,1000+,Software,FR,twitter,social,launch-week,unsubscribed,Dennis,Patel,Opsfleet,Sales Development Rep,france,False,unsubscribed,false,twitter,False,social,False,launch-week,False,DENNIS_PATEL@OPSFLEET.COM,dennis_patel@opsfleet.com,work,False,False,False,False,False,www.opsfleet.com,True,,True,False,,true,verified_out,,false,false
L2048,2026-06-28,Rachel,Hall,rhall@quantumnails.com,Co-founder,,,,,US,reddit,social,r-machinelearning,,rachel,Hall,,Co-founder,united states,False,,unknown,reddit,False,social,False,r-machinelearning,False,rhall@quantumnails.com,rhall@quantumnails.com,work,False,False,False,False,False,,False,,True,False,,false,ambiguous,,false,false
L1602,2026-06-08,Samantha,Muller,samantham@formcraft.com,Data Scientist,Formcraft,,1000+,Software,CA,producthunt,referral,launch,pending,SAMANTHA,Muller,Formcraft,Data Scientist,CA,False,pending,unknown,producthunt,False,referral,False,launch,False,samantham@formcraft.com,samantham@formcraft.com,work,False,False,False,False,False,,False,,True,False,,false,ambiguous,,false,false
L2785,2026-06-26,Test,Test,test@test.com,tester,Test Inc,,,,,,,,,test,test,Test Inc,tester,,False,,unknown,test,True,,True,,True,test@test.com,test@test.com,work,False,False,False,False,False,,False,test@test.com,True,False,,false,ambiguous,,false,false
L1197,2026-06-14,Timothy,Fischer,timothy.fischer@cloudspan.dev,Staff Engineer,Cloudspan,cloudspan.dev,51-200,Software,GB,youtube,video,tutorial-series,NULL,timothy,FISCHER,Cloudspan,Staff Engineer,GB,False,NULL,unknown,youtube,False,video,False,tutorial-series,False,timothy.fischer@cloudspan.dev,timothy.fischer@cloudspan.dev,work,False,False,False,False,False,www.cloudspan.dev,True,,True,False,,false,ambiguous,,false,false
L2473,2026-06-16,Ryan,Ferrari,ryan.ferrari@diffusia.io,Fractional CTO,Diffusia,diffusia.io,,AI/ML software,GB,blog,referral,pricing-post,unknown,Ryan  ,ferrari,Diffusia,Fractional CTO,GB,False,unknown,unknown,blog,False,referral,False,pricing-post,False,ryan.ferrari@diffusia.io,ryan.ferrari@diffusia.io,work,False,False,False,False,False,www.diffusia.io,True,,True,False,,false,verified_in,,false,true
L1664,2026-06-07,Benjamin,Lewis,benjamin.lewis@signalfold.com,ml engineer,SIGNALFOLD,signalfold.com,1000+,AI/ML software,CA,,,,granted,Benjamin,Lewis,SIGNALFOLD,ml engineer,canada,False,granted,true,null,True,null,True,null,True,benjamin.lewis@signalfold.com,benjamin.lewis@signalfold.com,work,False,False,False,False,False,https://signalfold.com,True,,True,False,,false,verified_in,,false,false
L1499,2026-05-26,Eric,Campbell,campbell.eric@yahoo.com,Product Marketing Manager,Neuralight,neuralight.io,201-500,AI/ML software,JP,docs,referral,quickstart,yes,eric,CAMPBELL,Neuralight,Product Marketing Manager,Japan,False,yes,true,docs,False,referral,False,quickstart,False,campbell.eric@yahoo.com,campbell.eric@yahoo.com,freemail,False,False,False,False,False,www.neuralight.io,True,,True,False,,false,verified_in,,false,false
L1775,2026-05-09,Jeffrey,Flores,flores.jeffrey@centralpoly.edu,PhD Student,Central Polytechnic,centralpoly.edu,1000+,,BR,docs,referral,quickstart,,Jeffrey,Flores,Central Polytechnic,PhD Student,BR,False,,unknown,docs,False,referral,False,quickstart,False,flores.jeffrey@centralpoly.edu,flores.jeffrey@centralpoly.edu,work,False,False,True,False,False,www.centralpoly.edu,True,,True,False,,false,verified_in,,false,true
L2009,2026-06-28,Rachel,Anderson,randerson@synapsefoundry.com,DevOps Engineer,Synapse Foundry,synapsefoundry.com,11-50,AI/ML software,BR,linkedin,paid_social,serverless-launch,NULL,RACHEL,Anderson,Synapse Foundry,DevOps Engineer,brazil,False,NULL,unknown,linkedin,False,paid_social,False,serverless-launch,False,randerson@synapsefoundry.com,randerson@synapsefoundry.com,work,False,False,False,False,False,www.synapsefoundry.com,True,,True,False,,false,verified_in,,false,false
L2725,2026-05-09,Helen,Miller,helen_miller@axonresearch.ai,Machine Learning Engineer,Axon Research,axonresearch.ai,11-50,,BR,blog,referral,pricing-post,NULL,Helen,Miller,Axon Research,Machine Learning Engineer,BR,False,NULL,unknown,blog,False,referral,False,pricing-post,False,helen_miller@axonresearch.ai,helen_miller@axonresearch.ai,work,False,False,False,False,False,https://axonresearch.ai,True,,True,False,,false,verified_in,,false,false
