lead_id,created_date,first_name,last_name,email,job_title,company,company_website,company_size,industry,country,utm_source,utm_medium,utm_campaign,marketing_consent,first_name_raw,last_name_raw,company_raw,job_title_raw,country_raw,is_suspicious_country,marketing_consent_raw,consent_normalized,utm_source_raw,is_placeholder_utm_source,utm_medium_raw,is_placeholder_utm_medium,utm_campaign_raw,is_placeholder_utm_campaign,email_raw,email_normalized,email_type,is_competitor_domain,is_disposable_domain,is_academic_domain,is_malformed_email,is_suspicious_fake,company_website_raw,company_website_valid,dedup_group_id,is_duplicate_primary,dedup_conflict_flag,dedup_conflict_fields
L1563,2026-04-16,Laura,Green,laura.green@tensorloop.io,Student,TENSORLOOP,tensorloop.io,51-200,AI/ML software,BR,google,cpc,gpu-cloud-nonbrand,true,Laura,Green,TENSORLOOP,Student,BR,False,true,true,google,False,cpc,False,gpu-cloud-nonbrand,False,laura.green@tensorloop.io,laura.green@tensorloop.io,work,False,False,False,False,False,www.tensorloop.io,True,,True,False,
L1323,2026-04-03,Kevin,Green,kevin_green@outlook.com,Software Engineer,Cloudspan,cloudspan.dev,,Software,IT,facebook,cpc,fb-q3-conversions,1,Kevin,Green,Cloudspan,Software Engineer,Italia,False,1,true,Facebook Ads,False,cpc,False,fb-q3-conversions,False,kevin_green@outlook.com,kevin_green@outlook.com,freemail,False,False,False,False,False,https://cloudspan.dev,True,,True,False,
L2838,2026-04-17,Alexander,Johansson,alexander.johansson@gmail.com,Platform Engineer,Corticon AI,corticon.ai,,AI/ML software,SG,producthunt,referral,launch,,Alexander,JOHANSSON,Corticon AI,Platform Engineer,SG,False,,unknown,producthunt,False,referral,False,launch,False,alexander.johansson@gmail.com,alexander.johansson@gmail.com,freemail,False,False,False,False,False,www.corticon.ai,True,alexander.johansson@gmail.com,True,False,
L2409,2026-05-18,George,Anderson,ganderson@cascade-ai.com,Senior ML Engineer,cascade ai,cascade-ai.com,51-200,AI/ML software,CA,twitter,social,launch-week,granted,George,Anderson,cascade ai,Senior ML Engineer,canada,False,granted,true,twitter,False,social,False,launch-week,False,ganderson@cascade-ai.com,ganderson@cascade-ai.com,work,False,False,False,False,False,www.cascade-ai.com,True,,True,False,
L1321,2026-05-23,Brandon,Wright,brandonw@opsfleet.com,Applied Scientist,opsfleet,opsfleet.com,1000+,,IE,docs,referral,quickstart,opted_in,Brandon,Wright,opsfleet, Applied Scientist,Ireland,False,opted_in,true,docs,False,referral,False,quickstart,False,brandonw@opsfleet.com,brandonw@opsfleet.com,work,False,False,False,False,False,https://opsfleet.com,True,,True,False,
L1803,2026-05-09,Debra,Green,green.debra@evalhouse.ai,Director of Infrastructure,EvalHouse,evalhouse.ai,1-10,AI/ML software,JP,google,cpc,gpu-cloud-nonbrand,NULL,Debra,Green,EvalHouse,Director of Infrastructure,japan,False,NULL,unknown,google,False,cpc,False,gpu-cloud-nonbrand,False,green.debra@evalhouse.ai,green.debra@evalhouse.ai,work,False,False,False,False,False,https://evalhouse.ai,True,,True,False,
L1011,2026-05-15,Kenneth,Schulz,kenneth_schulz@greenleaflandscaping.com,Product Marketing Manager,GreenLeaf Landscaping,,51-200,Services,GB,newsletter,email,weekly-digest,pending,Kenneth,Schulz,GreenLeaf Landscaping,Product Marketing Manager,UK,False,pending,unknown,newsletter,False,email,False,weekly-digest,False,kenneth_schulz@greenleaflandscaping.com,kenneth_schulz@greenleaflandscaping.com,work,False,False,False,False,False,,False,,True,False,
L2435,2026-06-04,Stephanie,Kim,stephaniek@axonresearch.ai,Computer Vision Engineer,Axon Research,,11-50,AI/ML software,IE,github,referral,docs-cta,,Stephanie,Kim,Axon Research,Computer Vision Engineer,Ireland,False,,unknown,github,False,referral,False,docs-cta,False,stephaniek@axonresearch.ai,stephaniek@axonresearch.ai,work,False,False,False,False,False,,False,,True,False,
L1722,2026-06-12,Margaret,Smith,MARGARET_SMITH@TENSORLOOP.IO,Marketing Manager,,,,,IE,youtube,video,tutorial-series,TRUE,Margaret,smith,,Marketing Manager,IE,False,TRUE,true,youtube,False,video,False,tutorial-series,False,MARGARET_SMITH@TENSORLOOP.IO,margaret_smith@tensorloop.io,work,False,False,False,False,False,,False,,True,False,
L1055,2026-04-16,Timothy,Roberts,timothy_roberts@stacklinesoftware.com,Head of ML,STACKLINE SOFTWARE,stacklinesoftware.com,11-50,Software,US,newsletter,email,weekly-digest,,Timothy,roberts,STACKLINE SOFTWARE,Head of ML,U.S.,False,,unknown,newsletter,False,email,False,weekly-digest,False,timothy_roberts@stacklinesoftware.com,timothy_roberts@stacklinesoftware.com,work,False,False,False,False,False,www.stacklinesoftware.com,True,,True,False,
L2478,2026-06-01,Zara,Miller,zara.miller@stateuniv.edu,MS Student,State University,stateuniv.edu,1000+,Education,JP,twitter,social,launch-week,,Zara,Miller,State University,MS Student,japan,False,,unknown,twitter,False,social,False,launch-week,False,zara.miller@stateuniv.edu,zara.miller@stateuniv.edu,work,False,False,True,False,False,https://stateuniv.edu,True,,True,False,
L2135,2026-06-11,Scott,Thomas,scott.thomas@tensorloop.io,Technologist,TensorLoop,tensorloop.io,51-200,AI/ML software,IE,newsletter,email,weekly-digest,yes,Scott,Thomas,TensorLoop  ,Technologist,Ireland,False,yes,true,newsletter,False,email,False,weekly-digest,False,scott.thomas@tensorloop.io,scott.thomas@tensorloop.io,work,False,False,False,False,False,www.tensorloop.io,True,,True,False,
L1027,2026-04-25,Kenneth,Jackson,KENNETH_JACKSON@RIDGEWAYCONSTRUCTION.COM,Chief Technology Officer,Ridgeway Construction,ridgewayconstruction.com,,Construction,AU,newsletter,email,weekly-digest,pending,KENNETH, Jackson,Ridgeway Construction,Chief Technology Officer,australia,False,pending,unknown,newsletter,False,email,False,weekly-digest,False,KENNETH_JACKSON@RIDGEWAYCONSTRUCTION.COM,kenneth_jackson@ridgewayconstruction.com,work,False,False,False,False,False,https://ridgewayconstruction.com,True,,True,False,
L1293,2026-06-07,Angela,Roberts,aroberts@deepharbor.ai,,DeepHarbor,deepharbor.ai,201-500,AI/ML software,BR,youtube,video,tutorial-series,pending,Angela,Roberts,DeepHarbor,,BR,False,pending,unknown,youtube,False,video,False,tutorial-series,False,aroberts@deepharbor.ai,aroberts@deepharbor.ai,work,False,False,False,False,False,www.deepharbor.ai,True,,True,False,
L1242,2026-04-06,Betty,Sanchez,sanchez.betty@stateuniv.edu,Undergraduate,State University,stateuniv.edu,1000+,Education,IT,github,referral,docs-cta,Yes,Betty,Sanchez,State University,Undergraduate,Italia,False,Yes,true,github,False,referral,False,docs-cta,False,sanchez.betty@stateuniv.edu,sanchez.betty@stateuniv.edu,work,False,False,True,False,False,www.stateuniv.edu,True,,True,False,
L1226,2026-06-07,Stephanie,Singh,stephanie_singh@icloud.com,MS Student,Northern University,northernuni.edu,1000+,Education,AU,linkedin,paid_social,serverless-launch,pending,stephanie,Singh,Northern University,MS Student,Australia,False,pending,unknown,linkedin,False,paid_social,False,serverless-launch,False,stephanie_singh@icloud.com,stephanie_singh@icloud.com,freemail,False,False,False,False,False,https://northernuni.edu,True,,True,False,
L1404,2026-04-24,Michelle,Weber,michelle.weber@stateuniv.edu,PhD Student,State University,stateuniv.edu,1000+,Education,JP,docs,referral,quickstart,,Michelle,Weber,State University,PhD Student,japan,False,,unknown,docs,False,referral,False,quickstart,False,michelle.weber@stateuniv.edu,michelle.weber@stateuniv.edu,work,False,False,True,False,False,https://stateuniv.edu,True,,True,False,
L1254,2026-05-30,Jennifer,Becker,jennifer_becker@vectorly.ai,,vectorly ai,vectorly.ai,11-50,,SG,google,organic,,true,Jennifer  ,Becker,vectorly ai,,Singapore,False,true,true,google,False,organic,False,,True,jennifer_becker@vectorly.ai,jennifer_becker@vectorly.ai,work,False,False,False,False,False,https://vectorly.ai,True,,True,False,
L2775,2026-06-12,Janet,Becker,janet.becker@evalhouse.ai,Data Scientist,EvalHouse,evalhouse.ai,,AI/ML software,JP,newsletter,email,weekly-digest,pending,Janet,Becker,EvalHouse,Data Scientist,japan,False,pending,unknown,newsletter,False,email,False,weekly-digest,False,janet.becker@evalhouse.ai,janet.becker@evalhouse.ai,work,False,False,False,False,False,https://evalhouse.ai,True,,True,False,
L2076,2026-06-05,Stephanie,Martinez,stephanie_martinez@yahoo.com,Product Marketing Manager,Bluebird Travel,bluebirdtravel.com,51-200,,SG,facebook,social,q3,NULL,STEPHANIE,Martinez,Bluebird Travel,Product Marketing Manager,SG,False,NULL,unknown,fb_paid,False,social,False,q3,False,stephanie_martinez@yahoo.com,stephanie_martinez@yahoo.com,freemail,False,False,False,False,False,www.bluebirdtravel.com,True,,True,False,
L1982,2026-05-25,Kevin,Gonzalez,kgonzalez@pipelinelabs.io,NLP Engineer,PIPELINE LABS,,1000+,Software,PL,youtube,video,tutorial-series,,Kevin,Gonzalez,PIPELINE LABS  ,NLP Engineer,poland,False,,unknown,youtube,False,video,False,tutorial-series,False,kgonzalez@pipelinelabs.io,kgonzalez@pipelinelabs.io,work,False,False,False,False,False,,False,,True,False,
L2280,2026-05-17,Thomas,Novak,tnovak@formcraft.com,Account Executive,Formcraft,formcraft.com,,,JP,newsletter,email,weekly-digest,unknown,Thomas,Novak,Formcraft,Account Executive,japan,False,unknown,unknown,newsletter,False,email,False,weekly-digest,False,tnovak@formcraft.com,tnovak@formcraft.com,work,False,False,False,False,False,https://formcraft.com,True,,True,False,
L1409,2026-05-07,Gregory,Kumar,gregoryk@proton.me,AI Engineer,Neuralight,neuralight.io,201-500,AI/ML software,US,facebook,paid_social,fb_q3,true,Gregory,Kumar,Neuralight,AI Engineer,U.S.,False,true,true,facebook,False,Paid-Social,False,FB_Q3,False,gregoryk@proton.me,gregoryk@proton.me,freemail,False,False,False,False,False,https://neuralight.io,True,,True,False,
L1687,2026-06-27,Samuel,Hoffmann,hoffmann.samuel@modelry.ai,Applied Scientist,Modelry,modelry.ai,1-10,AI/ML software,BR,producthunt,referral,launch,TRUE,Samuel,Hoffmann,Modelry,Applied Scientist,BR,False,TRUE,true,producthunt,False,referral,False,launch,False,hoffmann.samuel@modelry.ai,hoffmann.samuel@modelry.ai,work,False,False,False,False,False,www.modelry.ai,True,,True,False,
L1039,2026-04-29,Benjamin,Garcia,benjamin_garcia@nimbuserp.com,Deep Learning Engineer,NIMBUS ERP,nimbuserp.com,1000+,,AU,,,,,Benjamin,Garcia,NIMBUS ERP,Deep Learning Engineer,Australia,False,,unknown,null,True,null,True,null,True,benjamin_garcia@nimbuserp.com,benjamin_garcia@nimbuserp.com,work,False,False,False,False,False,www.nimbuserp.com,True,,True,False,
L1818,2026-05-17,Andrew,Park,PARK.ANDREW@LEDGERWORKS.COM,SWE,LedgerWorks,ledgerworks.com,,Software,GB,linkedin,paid_social,serverless-launch,,Andrew,PARK,LedgerWorks,SWE,uk,False,,unknown,linkedin,False,paid_social,False,serverless-launch,False,PARK.ANDREW@LEDGERWORKS.COM,park.andrew@ledgerworks.com,work,False,False,False,False,False,https://ledgerworks.com,True,,True,False,
L1849,2026-05-07,Frank,Perez,frank.perez@ledgerworks.com,Senior ML Engineer,LedgerWorks,ledgerworks.com,51-200,Software,AU,linkedin,paid_social,serverless-launch,NULL,Frank,Perez,LedgerWorks,Senior ML Engineer,Australia,False,NULL,unknown,linkedin,False,paid_social,False,serverless-launch,False,frank.perez@ledgerworks.com,frank.perez@ledgerworks.com,work,False,False,False,False,False,www.ledgerworks.com,True,,True,False,
L2332,2026-04-30,Mary,Rodriguez,MARY.RODRIGUEZ@QUANTAVISION.IO,Indie hacker,Quanta Vision,quantavision.io,1-10,,SG,google,cpc,brand-search,,Mary,Rodriguez, Quanta Vision,Indie hacker,singapore,False,,unknown,google ,False, cpc,False,brand search,False,MARY.RODRIGUEZ@QUANTAVISION.IO,mary.rodriguez@quantavision.io,work,False,False,False,False,False,https://quantavision.io,True,,True,False,
L1846,2026-04-27,Sofia,Mitchell,sofia_mitchell@agentstack.dev,Customer Success Manager,AgentStack,agentstack.dev,1000+,,JP,twitter,social,launch-week,unknown,Sofia,Mitchell,AgentStack,Customer Success Manager,JP,False,unknown,unknown,twitter,False,social,False,launch-week,False,sofia_mitchell@agentstack.dev,sofia_mitchell@agentstack.dev,work,False,False,False,False,False,https://agentstack.dev,True,,True,False,
L1971,2026-05-10,Fatima,Anderson,FANDERSON@VOXELDYNAMICS.AI,Software Engineer,Voxel Dynamics,voxeldynamics.ai,51-200,AI/ML software,GB,,,,opted_in,Fatima,Anderson,Voxel Dynamics,Software Engineer,United Kingdom,False,opted_in,true,(direct),True,(none),True,,True,FANDERSON@VOXELDYNAMICS.AI,fanderson@voxeldynamics.ai,work,False,False,False,False,False,www.voxeldynamics.ai,True,,True,False,
L1815,2026-05-16,Stephanie,Taylor,taylor.stephanie@ledgerworks.com,HR Manager,LEDGERWORKS,ledgerworks.com,51-200,Software,JP,twitter,social,launch-week,pending,Stephanie,Taylor,LEDGERWORKS,HR Manager,Japan,False,pending,unknown,twitter,False,social,False,launch-week,False,taylor.stephanie@ledgerworks.com,taylor.stephanie@ledgerworks.com,work,False,False,False,False,False,www.ledgerworks.com,True,,True,False,
L2696,2026-05-22,Ingrid,Martinez,ingridm@centralpoly.edu,student,Central Polytechnic,centralpoly.edu,,,BR,,,,,ingrid,Martinez,Central Polytechnic,student,BR,False,,unknown,undefined,True,undefined,True,,True,ingridm@centralpoly.edu,ingridm@centralpoly.edu,work,False,False,True,False,False,https://centralpoly.edu,True,,True,False,
L1876,2026-05-18,Jennifer,Gonzalez,jgonzalez@inferralabs.com,MS Student,Inferra Labs,inferralabs.com,1000+,AI/ML software,US,google,organic,,,JENNIFER,Gonzalez,Inferra Labs,MS Student,usa,False,,unknown,google,False,organic,False,,True,jgonzalez@inferralabs.com,jgonzalez@inferralabs.com,work,False,False,False,False,False,https://inferralabs.com,True,,True,False,
L2164,2026-06-24,Anna,Rivera,arivera@agentstack.dev,Senior ML Engineer,AGENTSTACK,agentstack.dev,1000+,,SE,reddit,social,r-machinelearning,1,Anna,Rivera  ,AGENTSTACK,Senior ML Engineer,sweden,False,1,true,reddit,False,social,False,r-machinelearning,False,arivera@agentstack.dev,arivera@agentstack.dev,work,False,False,False,False,False,www.agentstack.dev,True,,True,False,
L1118,2026-05-31,Ryan,Campbell,ryanc@yahoo.com,Business Analyst,bluebird travel,bluebirdtravel.com,,,CA,blog,referral,pricing-post,unknown, Ryan,Campbell,bluebird travel,Business Analyst,CA,False,unknown,unknown,blog,False,referral,False,pricing-post,False,ryanc@yahoo.com,ryanc@yahoo.com,freemail,False,False,False,False,False,https://bluebirdtravel.com,True,,True,False,
L1085,2026-06-03,Ashley,Schulz,schulz.ashley@codewharf.dev,,CODEWHARF,codewharf.dev,1000+,,AU,youtube,video,tutorial-series,true,Ashley  ,Schulz,CODEWHARF,,AU,False,true,true,youtube,False,video,False,tutorial-series,False,schulz.ashley@codewharf.dev,schulz.ashley@codewharf.dev,work,False,False,False,False,False,https://codewharf.dev,True,,True,False,
L2870,2026-06-11,Gary,Ramirez,garyr@proton.me,Research Scientist,TokenWorks,tokenworks.io,1000+,AI/ML software,ES,blog,referral,pricing-post,Yes,Gary,Ramirez,TokenWorks,Research Scientist,España,False,Yes,true,blog,False,referral,False,pricing-post,False,garyr@proton.me,garyr@proton.me,freemail,False,False,False,False,False,https://tokenworks.io,True,garyr@proton.me,True,True,job_title
L2415,2026-06-17,Scott,Larsen,larsen.scott@pipelinelabs.io,,Pipeline Labs,pipelinelabs.io,1000+,,US,blog,referral,pricing-post,NULL,Scott,Larsen,Pipeline Labs,,United States,False,NULL,unknown,blog,False,referral,False,pricing-post,False,larsen.scott@pipelinelabs.io,larsen.scott@pipelinelabs.io,work,False,False,False,False,False,https://pipelinelabs.io,True,,True,False,
L2488,2026-05-26,Sharon,Muller,sharonm@pipelinelabs.io,Account Executive,Pipeline Labs,,,Software,GB,,,,opted_in,Sharon, Muller,Pipeline Labs,Account Executive,UK,False,opted_in,true,(direct),True,(none),True,,True,sharonm@pipelinelabs.io,sharonm@pipelinelabs.io,work,False,False,False,False,False,,False,,True,False,
L2421,2026-04-22,Mei,Fischer,mei_fischer@yahoo.com,Recruiter,RoboticsOne,roboticsone.ai,,AI/ML software,GB,reddit,social,r-machinelearning,pending,mei,Fischer,RoboticsOne,Recruiter,United Kingdom,False,pending,unknown,reddit,False,social,False,r-machinelearning,False,mei_fischer@yahoo.com,mei_fischer@yahoo.com,freemail,False,False,False,False,False,www.roboticsone.ai,True,,True,False,
L1987,2026-05-19,Debra,Baker,debra_baker@stacklinesoftware.com,Chief Technology Officer,Stackline Software,stacklinesoftware.com,,Software,FR,google,cpc,gpu-cloud-nonbrand,,Debra,Baker,Stackline Software,Chief Technology Officer,France,False,,unknown,google,False,cpc,False,gpu-cloud-nonbrand,False,debra_baker@stacklinesoftware.com,debra_baker@stacklinesoftware.com,work,False,False,False,False,False,https://stacklinesoftware.com,True,,True,False,
L2716,2026-04-24,Nancy,Flores,nancy_flores@tokenworks.io,Co-founder,TokenWorks,tokenworks.io,1000+,AI/ML software,AU,,,,pending,nancy,Flores,TokenWorks,Co-founder,Australia,False,pending,unknown,null,True,null,True,null,True,nancy_flores@tokenworks.io,nancy_flores@tokenworks.io,work,False,False,False,False,False,https://tokenworks.io,True,,True,False,
L2641,2026-04-08,Lars,Williams,lars_williams@securexsystems.com,Recruiter,Securex Systems,securexsystems.com,1-10,Software,GB,docs,referral,quickstart,,Lars  ,Williams,Securex Systems,Recruiter,United Kingdom,False,,unknown,docs,False,referral,False,quickstart,False,lars_williams@securexsystems.com,lars_williams@securexsystems.com,work,False,False,False,False,False,https://securexsystems.com,True,,True,False,
L2153,2026-06-17,Amara,Lopez,lopez.amara@proton.me,HR Manager,GreenLeaf Landscaping,greenleaflandscaping.com,,Services,JP,docs,referral,quickstart,opted_in,AMARA,Lopez,GreenLeaf Landscaping,HR Manager,Japan,False,opted_in,true,docs,False,referral,False,quickstart,False,lopez.amara@proton.me,lopez.amara@proton.me,freemail,False,False,False,False,False,www.greenleaflandscaping.com,True,,True,False,
L1518,2026-06-15,Cynthia,Lee,cynthial@tensorloop.io,ml engineer,,,,,BR,,,,Yes,Cynthia,Lee,,ml engineer,BR,False,Yes,true,(direct),True,(none),True,,True,cynthial@tensorloop.io,cynthial@tensorloop.io,work,False,False,False,False,False,,False,,True,False,
L1020,2026-04-24,Daniel,Wagner,dwagner@metricshub.com,NLP Engineer,MetricsHub,metricshub.com,1000+,Software,PL,google,cpc,brand-search,unsubscribed,Daniel, Wagner,MetricsHub,NLP Engineer,Poland,False,unsubscribed,false,google ,False, cpc,False,brand search,False,dwagner@metricshub.com,dwagner@metricshub.com,work,False,False,False,False,False,www.metricshub.com,True,,True,False,
L1355,2026-06-17,Karen,Carter,carter.karen@gradientpeak.ai,Deep Learning Engineer,Gradient Peak,gradientpeak.ai,201-500,AI/ML software,FR,blog,referral,pricing-post,opted_out,Karen,Carter,Gradient Peak,Deep Learning Engineer,France,False,opted_out,false,blog,False,referral,False,pricing-post,False,carter.karen@gradientpeak.ai,carter.karen@gradientpeak.ai,work,False,False,False,False,False,https://gradientpeak.ai,True,,True,False,
L1922,2026-04-04,Frank,Kowalski,frank_kowalski@quantavision.io,PhD Candidate,Quanta Vision,,1-10,AI/ML software,AU,facebook,paid_social,fb_q3,NULL,Frank,Kowalski,Quanta Vision,PhD Candidate,AU,False,NULL,unknown,facebook,False,Paid-Social,False,FB_Q3,False,frank_kowalski@quantavision.io,frank_kowalski@quantavision.io,work,False,False,False,False,False,,False,,True,False,
L2632,2026-04-16,Gary,Anderson,ganderson@tensorloop.io,Head of MLOps,TensorLoop,tensorloop.io,,AI/ML software,IE,producthunt,referral,launch,,GARY, Anderson,TensorLoop,Head of MLOps,IE,False,,unknown,producthunt,False,referral,False,launch,False,ganderson@tensorloop.io,ganderson@tensorloop.io,work,False,False,False,False,False,www.tensorloop.io,True,,True,False,
L1532,2026-04-01,Sofia,Williams,sofia.williams@outlook.com,Technologist,Gradient Peak,,201-500,AI/ML software,CA,google,organic,,,Sofia,Williams,Gradient Peak,Technologist,CA,False,,unknown,google,False,organic,False,,True,sofia.williams@outlook.com,sofia.williams@outlook.com,freemail,False,False,False,False,False,,False,,True,False,
L1548,2026-04-04,Sharon,Sharma,sharon_sharma@pipelinelabs.io,Product Marketing Manager,Pipeline Labs,pipelinelabs.io,1000+,Software,DE,google,cpc,gpu-cloud-nonbrand,Yes,SHARON  ,Sharma,Pipeline Labs,Product Marketing Manager,DE,False,Yes,true,google,False,cpc,False,gpu-cloud-nonbrand,False,sharon_sharma@pipelinelabs.io,sharon_sharma@pipelinelabs.io,work,False,False,False,False,False,https://pipelinelabs.io,True,,True,False,
L2146,2026-06-29,Dorothy,Park,dpark@gridbase.dev,Fractional CTO,gridbase,gridbase.dev,11-50,Software,CA,twitter,social,launch-week,,Dorothy, park,gridbase,Fractional CTO,CA,False,,unknown,twitter,False,social,False,launch-week,False,dpark@gridbase.dev,dpark@gridbase.dev,work,False,False,False,False,False,https://gridbase.dev,True,,True,False,
L2037,2026-06-23,David,Becker,david_becker@summitdentalgroup.com,Customer Success Manager,SUMMIT DENTAL GROUP,,11-50,Healthcare,GB,google,cpc,brand-search-q3,NULL,David,Becker,SUMMIT DENTAL GROUP,Customer Success Manager,UK,False,NULL,unknown,google,False,cpc,False,brand-search-q3,False,david_becker@summitdentalgroup.com,david_becker@summitdentalgroup.com,work,False,False,False,False,False,,False,,True,False,
L2311,2026-05-24,Susan,Kumar,skumar@neuralight.io,Financial Analyst,Neuralight,neuralight.io,201-500,AI/ML software,US,facebook,paid_social,fb_q3,pending,Susan,Kumar, Neuralight,Financial Analyst,US,False,pending,unknown,facebook,False,Paid-Social,False,FB_Q3,False,skumar@neuralight.io,skumar@neuralight.io,work,False,False,False,False,False,https://neuralight.io,True,skumar@neuralight.io,True,False,
L2090,2026-05-16,Astrid,White,ASTRIDW@DEEPHARBOR.AI,Staff Engineer,DeepHarbor,deepharbor.ai,201-500,,US,twitter,social,launch-week,unknown,Astrid,White,DeepHarbor,Staff Engineer,usa,False,unknown,unknown,twitter,False,social,False,launch-week,False,ASTRIDW@DEEPHARBOR.AI,astridw@deepharbor.ai,work,False,False,False,False,False,https://deepharbor.ai,True,,True,False,
L1269,2026-05-01,Richard,Roberts,richardr@gmail.com,Applied Scientist,EMBEDIQ,embediq.ai,1000+,AI/ML software,NL,reddit,social,r-machinelearning,,Richard,Roberts,EMBEDIQ,Applied Scientist,NL,False,,unknown,reddit,False,social,False,r-machinelearning,False,richardr@gmail.com,richardr@gmail.com,freemail,False,False,False,False,False,https://embediq.ai,True,richardr@gmail.com,True,False,
L1068,2026-05-04,Samantha,Nguyen,samanthan@harborviewlogistics.com,Project Manager,harborview logistics,harborviewlogistics.com,201-500,Logistics,BR,facebook,social,q3,NULL,Samantha,Nguyen,harborview logistics,Project Manager,Brazil,False,NULL,unknown,fb_paid,False,social,False,q3,False,samanthan@harborviewlogistics.com,samanthan@harborviewlogistics.com,work,False,False,False,False,False,https://harborviewlogistics.com,True,,True,False,
L1550,2026-05-11,Gary,Roberts,roberts.gary@proton.me,Student,RoboticsOne,roboticsone.ai,501-1000,AI/ML software,GB,newsletter,email,weekly-digest,granted,Gary,Roberts,RoboticsOne,Student,United Kingdom,False,granted,true,newsletter,False,email,False,weekly-digest,False,roberts.gary@proton.me,roberts.gary@proton.me,freemail,False,False,False,False,False,www.roboticsone.ai,True,,True,False,
L2836,2026-05-23,Sharon,Flores,sharonf@promptline.ai,VP of Engineering,Promptline,promptline.ai,11-50,,DE,google,organic,,,Sharon,Flores,Promptline,VP of Engineering,Deutschland,False,,unknown,google,False,organic,False,,True,sharonf@promptline.ai,sharonf@promptline.ai,work,False,False,False,False,False,www.promptline.ai,True,sharonf@promptline.ai,True,False,
L1992,2026-06-01,Nicole,Robinson,robinson.nicole@diffusia.io,Backend Engineer,DIFFUSIA,,1-10,,BR,google,cpc,brand-search-q3,,Nicole,Robinson,DIFFUSIA,Backend Engineer,BR,False,,unknown,google,False,cpc,False,brand-search-q3,False,robinson.nicole@diffusia.io,robinson.nicole@diffusia.io,work,False,False,False,False,False,,False,,True,False,
L1717,2026-04-24,Jacob,Allen,jacoba@embediq.ai,software engineer,EmbedIQ,embediq.ai,,AI/ML software,CA,linkedin,paid_social,serverless-launch,Yes,Jacob,Allen,EmbedIQ,software engineer,CA,False,Yes,true,linkedin,False,paid_social,False,serverless-launch,False,jacoba@embediq.ai,jacoba@embediq.ai,work,False,False,False,False,False,www.embediq.ai,True,,True,False,
L2270,2026-05-06,Carol,Fischer,carol.fischer@fieldstonetech.com,,Fieldstone Tech,fieldstonetech.com,,Software,SG,google,cpc,brand-search-q3,,Carol,Fischer,Fieldstone Tech  ,,singapore,False,,unknown,google,False,cpc,False,brand-search-q3,False,carol.fischer@fieldstonetech.com,carol.fischer@fieldstonetech.com,work,False,False,False,False,False,https://fieldstonetech.com,True,,True,False,
L1575,2026-05-23,Gary,Hernandez,ghernandez@gmail.com,Co-founder,diffusia,,1-10,,GB,google,cpc,gpu-cloud-nonbrand,granted,Gary,HERNANDEZ,diffusia,Co-founder  ,UK,False,granted,true,google,False,cpc,False,gpu-cloud-nonbrand,False,ghernandez@gmail.com,ghernandez@gmail.com,freemail,False,False,False,False,False,,False,,True,False,
L1794,2026-04-03,Ronald,Torres,ronaldt@evalhouse.ai,,EVALHOUSE,evalhouse.ai,1-10,AI/ML software,IN,linkedin,paid_social,serverless-launch,granted,Ronald,TORRES,EVALHOUSE,,IN,False,granted,true,linkedin,False,paid_social,False,serverless-launch,False,ronaldt@evalhouse.ai,ronaldt@evalhouse.ai,work,False,False,False,False,False,https://evalhouse.ai,True,,True,False,
L1256,2026-04-25,Frank,Flores,fflores@cascade-ai.com,Chief Technology Officer,Cascade AI,cascade-ai.com,51-200,AI/ML software,US,newsletter,email,weekly-digest,granted,Frank  ,Flores  , Cascade AI,Chief Technology Officer,usa,False,granted,true,newsletter,False,email,False,weekly-digest,False,fflores@cascade-ai.com,fflores@cascade-ai.com,work,False,False,False,False,False,www.cascade-ai.com,True,,True,False,
L1472,2026-04-01,Amanda,Kowalski,amanda_kowalski@yahoo.com,Office Manager,Apex Auto Parts,apexautoparts.com,,Automotive,,facebook,paid_social,fb_q3,pending,Amanda,Kowalski,Apex Auto Parts,Office Manager,,False,pending,unknown,facebook,False,Paid-Social,False,FB_Q3,False,amanda_kowalski@yahoo.com,amanda_kowalski@yahoo.com,freemail,False,False,False,False,False,https://apexautoparts.com,True,,True,False,
L2592,2026-05-26,Paul,Ramirez,ramirez.paul@cascade-ai.com,software engineer,Cascade AI,cascade-ai.com,51-200,AI/ML software,GB,newsletter,email,weekly-digest,,Paul,ramirez,Cascade AI,software engineer,GB,False,,unknown,newsletter,False,email,False,weekly-digest,False,ramirez.paul@cascade-ai.com,ramirez.paul@cascade-ai.com,work,False,False,False,False,False,https://cascade-ai.com,True,,True,False,
L2089,2026-04-21,Thomas,Taylor,ttaylor@cascade-ai.com,Social Media Manager,cascade ai,cascade-ai.com,51-200,AI/ML software,US,docs,referral,quickstart,pending,Thomas,Taylor,cascade ai,Social Media Manager,USA,False,pending,unknown,docs,False,referral,False,quickstart,False,ttaylor@cascade-ai.com,ttaylor@cascade-ai.com,work,False,False,False,False,False,www.cascade-ai.com,True,,True,False,
L1393,2026-05-06,Astrid,Thomas,athomas@paytrellis.com,AI Engineer,PayTrellis,paytrellis.com,51-200,Software,FR,blog,referral,pricing-post,unsubscribed,Astrid,thomas,PayTrellis,AI Engineer,france,False,unsubscribed,false,blog,False,referral,False,pricing-post,False,athomas@paytrellis.com,athomas@paytrellis.com,work,False,False,False,False,False,www.paytrellis.com,True,,True,False,
L1075,2026-05-06,Hans,Okafor,okafor.hans@voxeldynamics.ai,CEO,Voxel Dynamics,voxeldynamics.ai,51-200,AI/ML software,PL,docs,referral,quickstart,granted,Hans,Okafor,Voxel Dynamics,CEO,poland,False,granted,true,docs,False,referral,False,quickstart,False,okafor.hans@voxeldynamics.ai,okafor.hans@voxeldynamics.ai,work,False,False,False,False,False,www.voxeldynamics.ai,True,,True,False,
L2317,2026-05-28,Sandra,Moore,SANDRAM@PROTON.ME,PhD Student,State University,stateuniv.edu,1000+,,IE,,,,,Sandra,MOORE  ,State University,PhD Student  ,IE,False,,unknown,{{utm_source}},True,{{utm_medium}},True,{{utm_campaign}},True,SANDRAM@PROTON.ME,sandram@proton.me,freemail,False,False,False,False,False,www.stateuniv.edu,True,,True,False,
L2365,2026-05-24,Donna,Smith,smith.donna@neuralmarketing.co,,NEURAL MARKETING CO,,,,AU,google,cpc,gpu-cloud-nonbrand,,Donna,Smith,NEURAL MARKETING CO,,AU,False,,unknown,google,False,cpc,False,gpu-cloud-nonbrand,False,smith.donna@neuralmarketing.co,smith.donna@neuralmarketing.co,work,False,False,False,False,False,,False,,True,False,
L2537,2026-05-07,Sandra,Miller,smiller@synapsefoundry.com,Senior ML Engineer,Synapse Foundry,synapsefoundry.com,11-50,AI/ML software,BR,linkedin,paid_social,serverless-launch,,Sandra,Miller,Synapse Foundry,Senior ML Engineer,brazil,False,,unknown,linkedin,False,paid_social,False,serverless-launch,False,smiller@synapsefoundry.com,smiller@synapsefoundry.com,work,False,False,False,False,False,www.synapsefoundry.com,True,,True,False,
L2041,2026-04-16,Mateo,Thomas,thomas.mateo@outlook.com,Founder,Ridgeway Construction,ridgewayconstruction.com,,Construction,US,producthunt,referral,launch,,Mateo,Thomas,Ridgeway Construction,Founder,usa,False,,unknown,producthunt,False,referral,False,launch,False,thomas.mateo@outlook.com,thomas.mateo@outlook.com,freemail,False,False,False,False,False,https://ridgewayconstruction.com,True,thomas.mateo@outlook.com,True,True,company
L2412,2026-05-24,Kevin,Johnson,johnson.kevin@orbitalmind.ai,Infrastructure Engineer,Orbital Mind,orbitalmind.ai,201-500,,US,docs,referral,quickstart,,Kevin,JOHNSON,Orbital Mind,Infrastructure Engineer,united states,False,,unknown,docs,False,referral,False,quickstart,False,johnson.kevin@orbitalmind.ai,johnson.kevin@orbitalmind.ai,work,False,False,False,False,False,www.orbitalmind.ai,True,,True,False,
L2086,2026-05-25,Zara,White,white.zara@promptline.ai,Senior Software Engineer,Promptline,promptline.ai,11-50,AI/ML software,SG,,,,unknown,Zara,White,Promptline,Senior Software Engineer,SG,False,unknown,unknown,(direct),True,(none),True,,True,white.zara@promptline.ai,white.zara@promptline.ai,work,False,False,False,False,False,www.promptline.ai,True,,True,False,
L1641,2026-05-07,Richard,Okafor,OKAFOR.RICHARD@PROTON.ME,Data Scientist,Securex Systems,securexsystems.com,,Software,BR,twitter,social,launch-week,,Richard,Okafor,Securex Systems,Data Scientist,brazil,False,,unknown,twitter,False,social,False,launch-week,False,OKAFOR.RICHARD@PROTON.ME,okafor.richard@proton.me,freemail,False,False,False,False,False,www.securexsystems.com,True,,True,False,
L1521,2026-04-10,Dorothy,Gonzalez,dorothyg@outlook.com,Staff Engineer,Pipeline Labs,pipelinelabs.io,,Software,IN,newsletter,email,weekly-digest,unknown,dorothy,Gonzalez,Pipeline Labs  ,Staff Engineer,India,False,unknown,unknown,newsletter,False,email,False,weekly-digest,False,dorothyg@outlook.com,dorothyg@outlook.com,freemail,False,False,False,False,False,www.pipelinelabs.io,True,,True,False,
L1081,2026-04-26,Gary,Martin,gmartin@diffusia.io,Marketing Manager,diffusia,diffusia.io,,AI/ML software,GB,google,cpc,gpu-cloud-nonbrand,pending,Gary,Martin,diffusia,Marketing Manager,United Kingdom,False,pending,unknown,google,False,cpc,False,gpu-cloud-nonbrand,False,gmartin@diffusia.io,gmartin@diffusia.io,work,False,False,False,False,False,www.diffusia.io,True,,True,False,
L2597,2026-05-31,Mark,Park,mark.park@bellavistarealty.com,Executive Assistant,Bella Vista Realty,bellavistarealty.com,201-500,Real estate,IN,facebook,cpc,fb-q3-conversions,yes,Mark,PARK,Bella Vista Realty,Executive Assistant,IN,False,yes,true,Facebook Ads,False,cpc,False,fb-q3-conversions,False,mark.park@bellavistarealty.com,mark.park@bellavistarealty.com,work,False,False,False,False,False,https://bellavistarealty.com,True,,True,False,
L2881,2026-06-19,sARAH,King,SKING@CODEWHARF.DEV,Independent Consultant,Codewharf,,1000+,Software,AU,twitter,social,launch-week,yes,sARAH,KING,Codewharf,Independent Consultant,AU,False,yes,true,twitter,False,social,False,launch-week,False,SKING@CODEWHARF.DEV,sking@codewharf.dev,work,False,False,False,False,False,,False,sking@codewharf.dev,True,False,
L1678,2026-04-15,Sofia,Martinez,sofia_martinez@luminaml.com,Social Media Manager,Lumina ML,,11-50,AI/ML software,,reddit,social,r-machinelearning,,Sofia,Martinez,Lumina ML,Social Media Manager,,False,,unknown,reddit,False,social,False,r-machinelearning,False,sofia_martinez@luminaml.com,sofia_martinez@luminaml.com,work,False,False,False,False,False,,False,,True,False,
L2389,2026-05-08,Kevin,Thomas,kevin_thomas@vectorly.ai,,Vectorly AI,vectorly.ai,11-50,AI/ML software,PL,,,,no,kevin,Thomas,Vectorly AI,,poland,False,no,false,undefined,True,undefined,True,,True,kevin_thomas@vectorly.ai,kevin_thomas@vectorly.ai,work,False,False,False,False,False,www.vectorly.ai,True,,True,False,
L1119,2026-06-09,Joshua,Weber,joshuaw@outlook.com,"vp, engineering",Mistletoe ML,mistletoeml.com,1000+,AI/ML software,NL,producthunt,referral,launch,,joshua,Weber,Mistletoe ML,"vp, engineering",NL,False,,unknown,producthunt,False,referral,False,launch,False,joshuaw@outlook.com,joshuaw@outlook.com,freemail,False,False,False,False,False,www.mistletoeml.com,True,,True,False,
L1884,2026-05-30,Helen,Johnson,helen.johnson@paytrellis.com,Independent Consultant,PayTrellis,paytrellis.com,,Software,JP,producthunt,referral,launch,unknown,Helen,Johnson,PayTrellis,Independent Consultant,Japan,False,unknown,unknown,producthunt,False,referral,False,launch,False,helen.johnson@paytrellis.com,helen.johnson@paytrellis.com,work,False,False,False,False,False,https://paytrellis.com,True,helen.johnson@paytrellis.com,True,True,job_title
L1639,2026-05-26,Deborah,Robinson,deborah.robinson@evalhouse.ai,Head of MLOps,EvalHouse,evalhouse.ai,1-10,,GB,twitter,social,launch-week,NULL,Deborah,Robinson,EvalHouse,Head of MLOps,uk,False,NULL,unknown,twitter,False,social,False,launch-week,False,deborah.robinson@evalhouse.ai,deborah.robinson@evalhouse.ai,work,False,False,False,False,False,https://evalhouse.ai,True,,True,False,
L1150,2026-04-02,Robert,Kim,robertk@gradientpeak.ai,VP of AI Infrastructure,Gradient Peak,gradientpeak.ai,201-500,AI/ML software,IN,github,referral,docs-cta,NULL,Robert,kim,Gradient Peak,VP of AI Infrastructure,India,False,NULL,unknown,github,False,referral,False,docs-cta,False,robertk@gradientpeak.ai,robertk@gradientpeak.ai,work,False,False,False,False,False,https://gradientpeak.ai,True,,True,False,
L1785,2026-04-25,Melissa,Fischer,FISCHER.MELISSA@LEDGERWORKS.COM,VP of AI Infrastructure,LEDGERWORKS,ledgerworks.com,51-200,Software,SE,twitter,social,launch-week,NULL,Melissa,fischer,LEDGERWORKS, VP of AI Infrastructure,sweden,False,NULL,unknown,twitter,False,social,False,launch-week,False,FISCHER.MELISSA@LEDGERWORKS.COM,fischer.melissa@ledgerworks.com,work,False,False,False,False,False,www.ledgerworks.com,True,,True,False,
L2796,2026-06-19,Qwerty,Qwerty,qwerty123@gmail.com,hacker,,,,,,,,,,qwerty,qwerty,,hacker,,False,,unknown,{{utm_source}},True,,True,,True,qwerty123@gmail.com,qwerty123@gmail.com,freemail,False,False,False,False,False,,False,qwerty123@gmail.com,True,False,
L1936,2026-05-25,Gregory,Sanchez,gsanchez@centralpoly.edu,PhD Candidate,Central Polytechnic,centralpoly.edu,1000+,Education,BR,,,,,Gregory,Sanchez,Central Polytechnic,PhD Candidate  ,BR,False,,unknown,undefined,True,undefined,True,,True,gsanchez@centralpoly.edu,gsanchez@centralpoly.edu,work,False,False,True,False,False,www.centralpoly.edu,True,,True,False,
L2054,2026-06-30,Anthony,Wright,anthony_wright@instech.edu,Freelancer,,,,,SG,linkedin,paid_social,serverless-launch,,Anthony,Wright,,Freelancer,Singapore,False,,unknown,linkedin,False,paid_social,False,serverless-launch,False,anthony_wright@instech.edu,anthony_wright@instech.edu,work,False,False,True,False,False,,False,,True,False,
L1406,2026-05-25,Yuki,Patel,yuki.patel@shipmate.io,Accountant,Shipmate,shipmate.io,,Software,CA,newsletter,email,weekly-digest,granted,Yuki,Patel,Shipmate,Accountant,Canada,False,granted,true,newsletter,False,email,False,weekly-digest,False,yuki.patel@shipmate.io,yuki.patel@shipmate.io,work,False,False,False,False,False,https://shipmate.io,True,,True,False,
L1007,2026-04-26,Katherine,Scott,scott.katherine@greenleaflandscaping.com,HR Manager,GreenLeaf Landscaping,greenleaflandscaping.com,51-200,,NL,,,,,katherine,Scott,GreenLeaf Landscaping,HR Manager  ,netherlands,False,,unknown,(direct),True,(none),True,,True,scott.katherine@greenleaflandscaping.com,scott.katherine@greenleaflandscaping.com,work,False,False,False,False,False,https://greenleaflandscaping.com,True,,True,False,
L2084,2026-06-08,Brandon,Lewis,lewis.brandon@copilothealth.ai,Sr. Data Scientist,Copilot Health AI,copilothealth.ai,1-10,,PL,google,cpc,brand-search-q3,,BRANDON,Lewis,Copilot Health AI,Sr. Data Scientist,poland,False,,unknown,google,False,cpc,False,brand-search-q3,False,lewis.brandon@copilothealth.ai,lewis.brandon@copilothealth.ai,work,False,False,False,False,False,www.copilothealth.ai,True,,True,False,
L2298,2026-05-25,Elizabeth,Harris,harris.elizabeth@gmail.com,AI Engineer,DataBarn,databarn.io,11-50,Software,IN,google,cpc,gpu-cloud-nonbrand,Yes, Elizabeth,harris,DataBarn  ,AI Engineer,india,False,Yes,true,google,False,cpc,False,gpu-cloud-nonbrand,False,harris.elizabeth@gmail.com,harris.elizabeth@gmail.com,freemail,False,False,False,False,False,https://databarn.io,True,,True,False,
L2464,2026-05-06,Wei,Johnson,weij@orbitalmind.ai,Account Executive,Orbital Mind,orbitalmind.ai,201-500,AI/ML software,AU,google,organic,,true,wei,Johnson,Orbital Mind,Account Executive,australia,False,true,true,google,False,organic,False,,True,weij@orbitalmind.ai,weij@orbitalmind.ai,work,False,False,False,False,False,https://orbitalmind.ai,True,,True,False,
L2638,2026-06-12,Steven,Hall,stevenh@streamlyne.io,Social Media Manager,STREAMLYNE,streamlyne.io,11-50,,JP,github,referral,docs-cta,Yes,Steven,Hall,STREAMLYNE,Social Media Manager,JP,False,Yes,true,github,False,referral,False,docs-cta,False,stevenh@streamlyne.io,stevenh@streamlyne.io,work,False,False,False,False,False,https://streamlyne.io,True,,True,False,
L1136,2026-06-06,Debra,Rivera,rivera.debra@gmail.com,Freelancer,Central Polytechnic,centralpoly.edu,1000+,,BR,newsletter,email,weekly-digest,opted_in,Debra,Rivera,Central Polytechnic,Freelancer,BR,False,opted_in,true,newsletter,False,email,False,weekly-digest,False,rivera.debra@gmail.com,rivera.debra@gmail.com,freemail,False,False,False,False,False,www.centralpoly.edu,True,,True,False,
L1410,2026-05-26,Benjamin,Harris,bharris@formcraft.com,Computer Vision Engineer,Formcraft,formcraft.com,1000+,Software,BR,google,cpc,gpu-cloud-nonbrand,Yes,Benjamin,Harris,Formcraft, Computer Vision Engineer,Brazil,False,Yes,true,google,False,cpc,False,gpu-cloud-nonbrand,False,bharris@formcraft.com,bharris@formcraft.com,work,False,False,False,False,False,www.formcraft.com,True,,True,False,
L2549,2026-05-06,James,Weber,james.weber@yahoo.com,Undergraduate,,,,,CA,google,organic,,,James,Weber,,Undergraduate,Canada,False,,unknown,google,False,organic,False,,True,james.weber@yahoo.com,james.weber@yahoo.com,freemail,False,False,False,False,False,,False,,True,False,
L1793,2026-06-27,Ashley,Ali,ashley_ali@fieldstonetech.com,Principal,fieldstone tech,fieldstonetech.com,501-1000,Software,DE,blog,referral,pricing-post,yes,Ashley, Ali,fieldstone tech,Principal,Germany,False,yes,true,blog,False,referral,False,pricing-post,False,ashley_ali@fieldstonetech.com,ashley_ali@fieldstonetech.com,work,False,False,False,False,False,https://fieldstonetech.com,True,,True,False,
L2177,2026-05-15,Robert,Muller,robertm@formcraft.com,Senior Software Engineer,Formcraft,formcraft.com,1000+,Software,,producthunt,referral,launch,pending,Robert,Muller,Formcraft,Senior Software Engineer,,False,pending,unknown,producthunt,False,referral,False,launch,False,robertm@formcraft.com,robertm@formcraft.com,work,False,False,False,False,False,https://formcraft.com,True,,True,False,
L2066,2026-06-04,Cynthia,Becker,cynthia.becker@voxeldynamics.ai,HR Manager,Voxel Dynamics,voxeldynamics.ai,51-200,,IN,reddit,social,r-machinelearning,granted, Cynthia,Becker,Voxel Dynamics,HR Manager,India,False,granted,true,reddit,False,social,False,r-machinelearning,False,cynthia.becker@voxeldynamics.ai,cynthia.becker@voxeldynamics.ai,work,False,False,False,False,False,www.voxeldynamics.ai,True,,True,False,
L2515,2026-04-04,Gary,Mitchell,garym@streamlyne.io,Marketing Manager,,,,,SG,newsletter,email,weekly-digest,true,gary,Mitchell,,Marketing Manager,singapore,False,true,true,newsletter,False,email,False,weekly-digest,False,garym@streamlyne.io,garym@streamlyne.io,work,False,False,False,False,False,,False,,True,False,
L1468,2026-04-28,Diego,Young,diegoy@gmail.com,HR Manager,Harborview Logistics,,,,US,twitter,social,launch-week,,Diego,Young, Harborview Logistics,HR Manager,U.S.,False,,unknown,twitter,False,social,False,launch-week,False,diegoy@gmail.com,diegoy@gmail.com,freemail,False,False,False,False,False,,False,,True,False,
L1094,2026-04-15,Anna,Johansson,ajohansson@northernuni.edu,student,Northern University,northernuni.edu,1000+,Education,IN,youtube,video,tutorial-series,pending,Anna,Johansson,Northern University,student,india,False,pending,unknown,youtube,False,video,False,tutorial-series,False,ajohansson@northernuni.edu,ajohansson@northernuni.edu,work,False,False,True,False,False,www.northernuni.edu,True,,True,False,
L2531,2026-05-24,Edward,Johansson,johansson.edward@neuralmarketing.co,Software Engineer,Neural Marketing Co,,1-10,Marketing agency,CA,linkedin,paid_social,serverless-launch,opted_in,Edward,Johansson  ,Neural Marketing Co,Software Engineer,CA,False,opted_in,true,linkedin,False,paid_social,False,serverless-launch,False,johansson.edward@neuralmarketing.co,johansson.edward@neuralmarketing.co,work,False,False,False,False,False,,False,,True,False,
L1961,2026-04-01,Samantha,Novak,snovak@centralpoly.edu,Freelancer,Central Polytechnic,centralpoly.edu,,Education,AU,,,,,SAMANTHA,novak,Central Polytechnic,Freelancer,australia,False,,unknown,test,True,test,True,test-campaign-DELETE,True,snovak@centralpoly.edu,snovak@centralpoly.edu,work,False,False,True,False,False,www.centralpoly.edu,True,,True,False,
L2075,2026-04-19,Frank,Allen,allen.frank@icloud.com,Postdoc,Northern University,northernuni.edu,1000+,Education,BR,github,referral,docs-cta,,Frank,Allen,Northern University  ,Postdoc,BR,False,,unknown,github,False,referral,False,docs-cta,False,allen.frank@icloud.com,allen.frank@icloud.com,freemail,False,False,False,False,False,www.northernuni.edu,True,,True,False,
L2843,2026-06-05,John,Ali,johna@evalhouse.ai,SVP Engineering,EvalHouse,,1-10,AI/ML software,AU,twitter,social,launch-week,,John  ,ALI,EvalHouse,SVP Engineering,australia,False,,unknown,twitter,False,social,False,launch-week,False,johna@evalhouse.ai,johna@evalhouse.ai,work,False,False,False,False,False,,False,johna@evalhouse.ai,True,False,
L1804,2026-04-01,Jacob,Chen,jchen@neuralmarketing.co,ML Engineer,Neural Marketing Co,,1-10,Marketing agency,SG,blog,referral,pricing-post,,Jacob, Chen,Neural Marketing Co,ML Engineer,SG,False,,unknown,blog,False,referral,False,pricing-post,False,jchen@neuralmarketing.co,jchen@neuralmarketing.co,work,False,False,False,False,False,,False,,True,False,
L1800,2026-05-20,Andrew,Singh,andrews@modelry.ai,Owner,Modelry,modelry.ai,1-10,AI/ML software,BR,google,cpc,gpu-cloud-nonbrand,1,Andrew,Singh,Modelry,Owner,brazil,False,1,true,google,False,cpc,False,gpu-cloud-nonbrand,False,andrews@modelry.ai,andrews@modelry.ai,work,False,False,False,False,False,www.modelry.ai,True,,True,False,
L2450,2026-05-14,Donald,Hoffmann,DHOFFMANN@DIFFUSIA.IO,,DIFFUSIA,diffusia.io,1-10,AI/ML software,SG,newsletter,email,weekly-digest,,Donald,Hoffmann,DIFFUSIA,,SG,False,,unknown,newsletter,False,email,False,weekly-digest,False,DHOFFMANN@DIFFUSIA.IO,dhoffmann@diffusia.io,work,False,False,False,False,False,https://diffusia.io,True,,True,False,
L1952,2026-06-29,Larry,Jackson,larryj@hotmail.com,,EvalHouse,,1-10,AI/ML software,PL,youtube,video,tutorial-series,no,Larry,Jackson,EvalHouse,,poland,False,no,false,youtube,False,video,False,tutorial-series,False,larryj@hotmail.com,larryj@hotmail.com,freemail,False,False,False,False,False,,False,,True,False,
L1009,2026-04-08,Edward,Kumar,kumar.edward@hotmail.com,SWE,Copilot Health AI,copilothealth.ai,1-10,,PL,reddit,social,r-machinelearning,unknown,Edward,Kumar,Copilot Health AI,SWE,poland,False,unknown,unknown,reddit,False,social,False,r-machinelearning,False,kumar.edward@hotmail.com,kumar.edward@hotmail.com,freemail,False,False,False,False,False,https://copilothealth.ai,True,kumar.edward@hotmail.com,True,False,
L1632,2026-06-17,Frank,Sharma,fsharma@stacklinesoftware.com,Marketing Manager,Stackline Software,stacklinesoftware.com,,Software,GB,reddit,social,r-machinelearning,TRUE,Frank,Sharma,Stackline Software,Marketing Manager,UK,False,TRUE,true,reddit,False,social,False,r-machinelearning,False,fsharma@stacklinesoftware.com,fsharma@stacklinesoftware.com,work,False,False,False,False,False,www.stacklinesoftware.com,True,fsharma@stacklinesoftware.com,True,False,
L2046,2026-06-08,Edward,Becker,becker.edward@neuralight.io,Senior Software Engineer,Neuralight,neuralight.io,,AI/ML software,ES,blog,referral,pricing-post,pending,edward,Becker,Neuralight,Senior Software Engineer,Spain,False,pending,unknown,blog,False,referral,False,pricing-post,False,becker.edward@neuralight.io,becker.edward@neuralight.io,work,False,False,False,False,False,www.neuralight.io,True,,True,False,
L2273,2026-04-01,Alexander,Smith,alexander_smith@relaymesh.io,NLP Engineer,Relaymesh,relaymesh.io,51-200,Software,BR,google,cpc,brand-search,,Alexander,Smith,Relaymesh,NLP Engineer  ,Brazil,False,,unknown,google ,False, cpc,False,brand search,False,alexander_smith@relaymesh.io,alexander_smith@relaymesh.io,work,False,False,False,False,False,www.relaymesh.io,True,,True,False,
L2134,2026-06-30,Diego,Lopez,diego_lopez@vectorly.ai,Computer Vision Engineer,Vectorly AI,vectorly.ai,11-50,AI/ML software,IT,blog,referral,pricing-post,1,Diego,Lopez,Vectorly AI,Computer Vision Engineer,Italy,False,1,true,blog,False,referral,False,pricing-post,False,diego_lopez@vectorly.ai,diego_lopez@vectorly.ai,work,False,False,False,False,False,https://vectorly.ai,True,,True,False,
L2574,2026-04-02,Stephen,Green,stephen.green@quantumnails.com,Recruiter,Quantum Nails Salon,quantumnails.com,51-200,Beauty,ES,linkedin,paid_social,serverless-launch,,Stephen, Green,Quantum Nails Salon,Recruiter  ,ES,False,,unknown,linkedin,False,paid_social,False,serverless-launch,False,stephen.green@quantumnails.com,stephen.green@quantumnails.com,work,False,False,False,False,False,https://quantumnails.com,True,,True,False,
L2700,2026-04-10,Stephanie,Patel,patel.stephanie@promptline.ai,SWE,Promptline,,11-50,AI/ML software,IE,,,,unknown,Stephanie,patel,Promptline,SWE,Ireland,False,unknown,unknown,test,True,test,True,test-campaign-DELETE,True,patel.stephanie@promptline.ai,patel.stephanie@promptline.ai,work,False,False,False,False,False,,False,,True,False,
L1186,2026-06-14,Angela,Harris,angelah@brightqueue.io,Senior ML Engineer,BrightQueue,brightqueue.io,,Software,CA,docs,referral,quickstart,,Angela,harris,BrightQueue,Senior ML Engineer,canada,False,,unknown,docs,False,referral,False,quickstart,False,angelah@brightqueue.io,angelah@brightqueue.io,work,False,False,False,False,False,www.brightqueue.io,True,,True,False,
L2247,2026-05-03,Frank,Torres,frankt@relaymesh.io,software engineer,Relaymesh,,51-200,Software,US,docs,referral,quickstart,,Frank,TORRES,Relaymesh,software engineer,usa,False,,unknown,docs,False,referral,False,quickstart,False,frankt@relaymesh.io,frankt@relaymesh.io,work,False,False,False,False,False,,False,,True,False,
L1336,2026-05-24,Fatima,Fischer,fatimaf@inferralabs.com,Data Scientist,Inferra Labs,inferralabs.com,1000+,AI/ML software,,google,organic,,,FATIMA,Fischer,Inferra Labs,Data Scientist,,False,,unknown,google,False,organic,False,,True,fatimaf@inferralabs.com,fatimaf@inferralabs.com,work,False,False,False,False,False,https://inferralabs.com,True,,True,False,
L1507,2026-06-09,Scott,Allen,scott_allen@pipelinelabs.io,,Pipeline Labs,pipelinelabs.io,1000+,Software,ES,google,cpc,brand-search-q3,, Scott,Allen,Pipeline Labs,,ES,False,,unknown,google,False,cpc,False,brand-search-q3,False,scott_allen@pipelinelabs.io,scott_allen@pipelinelabs.io,work,False,False,False,False,False,https://pipelinelabs.io,True,,True,False,
L2011,2026-05-24,Donald,Wright,wright.donald@roboticsone.ai,,,,,,BR,google,cpc,brand-search-q3,,Donald,Wright,,,BR,False,,unknown,google,False,cpc,False,brand-search-q3,False,wright.donald@roboticsone.ai,wright.donald@roboticsone.ai,work,False,False,False,False,False,,False,,True,False,
L1788,2026-05-13,Diego,Mitchell,diegom@pipelinelabs.io,Infrastructure Engineer,Pipeline Labs,pipelinelabs.io,1000+,Software,DE,google,cpc,brand-search-q3,,Diego,Mitchell, Pipeline Labs,Infrastructure Engineer,DE,False,,unknown,google,False,cpc,False,brand-search-q3,False,diegom@pipelinelabs.io,diegom@pipelinelabs.io,work,False,False,False,False,False,www.pipelinelabs.io,True,,True,False,
L1060,2026-04-04,Robert,Rodriguez,robertr@cloudspan.dev,founder/ceo,cloudspan,cloudspan.dev,51-200,Software,CA,facebook,cpc,fb-q3-conversions,true,Robert,Rodriguez,cloudspan,founder/ceo,CA,False,true,true,Facebook Ads,False,cpc,False,fb-q3-conversions,False,robertr@cloudspan.dev,robertr@cloudspan.dev,work,False,False,False,False,False,www.cloudspan.dev,True,,True,False,
L2406,2026-05-19,Priya,Weber,pweber@instech.edu,Graduate Student,Institute of Technology,instech.edu,1000+,,JP,youtube,video,tutorial-series,,Priya,Weber,Institute of Technology  ,Graduate Student,japan,False,,unknown,youtube,False,video,False,tutorial-series,False,pweber@instech.edu,pweber@instech.edu,work,False,False,True,False,False,www.instech.edu,True,,True,False,
L2062,2026-05-16,Samantha,Schulz,samantha.schulz@quantumnails.com,Office Manager,Quantum Nails Salon,,51-200,Beauty,JP,newsletter,email,weekly-digest,granted,Samantha,Schulz,Quantum Nails Salon,Office Manager,japan,False,granted,true,newsletter,False,email,False,weekly-digest,False,samantha.schulz@quantumnails.com,samantha.schulz@quantumnails.com,work,False,False,False,False,False,,False,,True,False,
L1784,2026-06-17,Elizabeth,Wagner,elizabeth_wagner@roboticsone.ai,SWE,RoboticsOne,roboticsone.ai,501-1000,AI/ML software,CA,youtube,video,tutorial-series,unknown,Elizabeth,Wagner,RoboticsOne,SWE,CA,False,unknown,unknown,youtube,False,video,False,tutorial-series,False,elizabeth_wagner@roboticsone.ai,elizabeth_wagner@roboticsone.ai,work,False,False,False,False,False,https://roboticsone.ai,True,,True,False,
L2761,2026-04-13,Lisa,Schulz,lisa_schulz@centralpoly.edu,Indie hacker,Central Polytechnic,centralpoly.edu,1000+,Education,AU,,,,1,Lisa,Schulz,Central Polytechnic  ,Indie hacker,Australia,False,1,true,undefined,True,undefined,True,,True,lisa_schulz@centralpoly.edu,lisa_schulz@centralpoly.edu,work,False,False,True,False,False,https://centralpoly.edu,True,,True,False,
L2492,2026-05-07,Jeffrey,Patel,jeffrey_patel@yahoo.com,Graduate Student,State University,stateuniv.edu,1000+,Education,AU,twitter,social,launch-week,,Jeffrey,PATEL,State University,Graduate Student,australia,False,,unknown,twitter,False,social,False,launch-week,False,jeffrey_patel@yahoo.com,jeffrey_patel@yahoo.com,freemail,False,False,False,False,False,www.stateuniv.edu,True,,True,False,
L2542,2026-04-26,Patricia,Weber,pweber@vectorly.ai,Executive Assistant,Vectorly AI,vectorly.ai,11-50,AI/ML software,US,newsletter,email,weekly-digest,Yes,patricia,weber,Vectorly AI,Executive Assistant,united states,False,Yes,true,newsletter,False,email,False,weekly-digest,False,pweber@vectorly.ai,pweber@vectorly.ai,work,False,False,False,False,False,www.vectorly.ai,True,,True,False,
L1096,2026-06-20,Sharon,Martinez,SMARTINEZ@GMAIL.COM,Office Manager,BLUEBIRD TRAVEL,,51-200,Travel,PL,reddit,social,r-machinelearning,opted_in,Sharon,Martinez,BLUEBIRD TRAVEL,Office Manager,PL,False,opted_in,true,reddit,False,social,False,r-machinelearning,False,SMARTINEZ@GMAIL.COM,smartinez@gmail.com,freemail,False,False,False,False,False,,False,,True,False,
L1832,2026-06-20,Dennis,Allen,dallen@deepharbor.ai,software engineer,DeepHarbor,deepharbor.ai,,AI/ML software,AU,google,organic,,,Dennis,Allen,DeepHarbor,software engineer,AU,False,,unknown,google,False,organic,False,,True,dallen@deepharbor.ai,dallen@deepharbor.ai,work,False,False,False,False,False,https://deepharbor.ai,True,,True,False,
L1287,2026-04-14,Kathleen,Wright,kathleenw@harborviewlogistics.com,Independent Consultant,Harborview Logistics,harborviewlogistics.com,,Logistics,SG,google,organic,,pending,Kathleen, Wright,Harborview Logistics,Independent Consultant  ,singapore,False,pending,unknown,google,False,organic,False,,True,kathleenw@harborviewlogistics.com,kathleenw@harborviewlogistics.com,work,False,False,False,False,False,https://harborviewlogistics.com,True,,True,False,
L1655,2026-04-18,Patrick,Baker,PBAKER@CORTICON.AI,Research Engineer,Corticon AI,corticon.ai,501-1000,,GB,producthunt,referral,launch,unknown,PATRICK,Baker,Corticon AI,Research Engineer,uk,False,unknown,unknown,producthunt,False,referral,False,launch,False,PBAKER@CORTICON.AI,pbaker@corticon.ai,work,False,False,False,False,False,https://corticon.ai,True,,True,False,
L2296,2026-06-11,Nicole,Allen,nicole_allen@summitdentalgroup.com,Head of Engineering,summit dental group,,,Healthcare,JP,github,referral,docs-cta,,Nicole,Allen,summit dental group,Head of Engineering,JP,False,,unknown,github,False,referral,False,docs-cta,False,nicole_allen@summitdentalgroup.com,nicole_allen@summitdentalgroup.com,work,False,False,False,False,False,,False,,True,False,
L1112,2026-05-31,Donald,Robinson,donaldr@synapsefoundry.com,Head of Data Science,Synapse Foundry,synapsefoundry.com,11-50,AI/ML software,JP,google,cpc,gpu-cloud-nonbrand,NULL,Donald,Robinson,Synapse Foundry,Head of Data Science,japan,False,NULL,unknown,google,False,cpc,False,gpu-cloud-nonbrand,False,donaldr@synapsefoundry.com,donaldr@synapsefoundry.com,work,False,False,False,False,False,https://synapsefoundry.com,True,donaldr@synapsefoundry.com,True,False,
L2403,2026-06-07,Timothy,Meyer,timothy.meyer@ragpipe.dev,MLOps Engineer,RagPipe,,501-1000,AI/ML software,FR,twitter,social,launch-week,,Timothy,Meyer,RagPipe,MLOps Engineer,france,False,,unknown,twitter,False,social,False,launch-week,False,timothy.meyer@ragpipe.dev,timothy.meyer@ragpipe.dev,work,False,False,False,False,False,,False,,True,False,
L1086,2026-06-17,Jacob,Weber,jacob_weber@synapsefoundry.com,SWE,,,,,SG,google,cpc,brand-search-q3,1,Jacob,Weber,,SWE,Singapore,False,1,true,google,False,cpc,False,brand-search-q3,False,jacob_weber@synapsefoundry.com,jacob_weber@synapsefoundry.com,work,False,False,False,False,False,,False,,True,False,
L1296,2026-06-07,Janet,White,white.janet@mistletoeml.com,Technical Consultant,MISTLETOE ML,mistletoeml.com,1000+,AI/ML software,NL,,,,opted_in,janet,WHITE  ,MISTLETOE ML,Technical Consultant,Netherlands,False,opted_in,true,undefined,True,undefined,True,,True,white.janet@mistletoeml.com,white.janet@mistletoeml.com,work,False,False,False,False,False,https://mistletoeml.com,True,,True,False,
L1267,2026-04-13,Yuki,Wright,ywright@outlook.com,Postdoc,,,,,AU,docs,referral,quickstart,NULL,YUKI,Wright,, Postdoc,Australia,False,NULL,unknown,docs,False,referral,False,quickstart,False,ywright@outlook.com,ywright@outlook.com,freemail,False,False,False,False,False,,False,,True,False,
L1612,2026-06-19,Gregory,Chen,gregory.chen@codewharf.dev,DevOps Engineer,Codewharf,,1000+,Software,GB,reddit,social,r-machinelearning,pending,Gregory,CHEN,Codewharf,DevOps Engineer,GB,False,pending,unknown,reddit,False,social,False,r-machinelearning,False,gregory.chen@codewharf.dev,gregory.chen@codewharf.dev,work,False,False,False,False,False,,False,,True,False,
L1302,2026-04-02,Raymond,Jackson,jackson.raymond@gmail.com,Marketing Manager,Pipeline Labs,pipelinelabs.io,1000+,Software,AU,email_blast,email,july-promo,,Raymond,jackson,Pipeline Labs,Marketing Manager,Australia,False,,unknown,email%20blast,False,e-mail,False,JULY%20PROMO,False,jackson.raymond@gmail.com,jackson.raymond@gmail.com,freemail,False,False,False,False,False,https://pipelinelabs.io,True,,True,False,
L2864,2026-05-09,James,Tanaka,jamest@proton.me,Social Media Manager,Signalfold,signalfold.com,1000+,AI/ML software,IT,email_blast,email,july-promo,granted,James,Tanaka,Signalfold,Social Media Manager,Italy,False,granted,true,email%20blast,False,e-mail,False,JULY%20PROMO,False,jamest@proton.me,jamest@proton.me,freemail,False,False,False,False,False,www.signalfold.com,True,jamest@proton.me,True,True,job_title
L2526,2026-06-21,George,King,king.george@cornerstoneins.com,Co-Founder & CTO,Cornerstone Insurance,cornerstoneins.com,11-50,Insurance,US,twitter,social,launch-week,,george  ,king  ,Cornerstone Insurance,Co-Founder & CTO,United States,False,,unknown,twitter,False,social,False,launch-week,False,king.george@cornerstoneins.com,king.george@cornerstoneins.com,work,False,False,False,False,False,https://cornerstoneins.com,True,king.george@cornerstoneins.com,True,True,job_title
L1886,2026-05-22,George,Muller,gmuller@opsfleet.com,Research Scientist,Opsfleet,opsfleet.com,1000+,Software,JP,youtube,video,tutorial-series,,George  ,Muller,Opsfleet, Research Scientist,JP,False,,unknown,youtube,False,video,False,tutorial-series,False,gmuller@opsfleet.com,gmuller@opsfleet.com,work,False,False,False,False,False,https://opsfleet.com,True,,True,False,
L1690,2026-05-22,Susan,Hansen,susanh@hotmail.com,Research Engineer,Lumina ML,,11-50,AI/ML software,IN,google,cpc,brand-search-q3,TRUE,susan,Hansen,Lumina ML,Research Engineer,IN,False,TRUE,true,google,False,cpc,False,brand-search-q3,False,susanh@hotmail.com,susanh@hotmail.com,freemail,False,False,False,False,False,,False,,True,False,
L2589,2026-04-15,Jessica,Williams,jessica_williams@outlook.com,CTO,Peak Fitness Studios,peakfitnessstudios.com,51-200,Fitness,GB,twitter,social,launch-week,unknown,Jessica,Williams,Peak Fitness Studios,CTO,uk,False,unknown,unknown,twitter,False,social,False,launch-week,False,jessica_williams@outlook.com,jessica_williams@outlook.com,freemail,False,False,False,False,False,https://peakfitnessstudios.com,True,,True,False,
L2731,2026-06-24,Mary,Green,mary_green@summitdentalgroup.com,,Summit Dental Group,,11-50,Healthcare,IN,,,,TRUE,mary,Green,Summit Dental Group,,india,False,TRUE,true,{{utm_source}},True,{{utm_medium}},True,{{utm_campaign}},True,mary_green@summitdentalgroup.com,mary_green@summitdentalgroup.com,work,False,False,False,False,False,,False,,True,False,
L2356,2026-04-07,Sandra,Meyer,meyer.sandra@proton.me,PhD Student,Central Polytechnic,centralpoly.edu,1000+,Education,BR,facebook,paid,fb_q3,opted_in,Sandra,Meyer,Central Polytechnic,PhD Student,Brazil,False,opted_in,true,FB,False,paid,False,fb_q3,False,meyer.sandra@proton.me,meyer.sandra@proton.me,freemail,False,False,False,False,False,www.centralpoly.edu,True,,True,False,
L1178,2026-05-15,Elizabeth,Wilson,EWILSON@BELLAVISTAREALTY.COM,Senior Software Engineer,Bella Vista Realty,bellavistarealty.com,,Real estate,NL,docs,referral,quickstart,true,Elizabeth,WILSON,Bella Vista Realty,Senior Software Engineer,netherlands,False,true,true,docs,False,referral,False,quickstart,False,EWILSON@BELLAVISTAREALTY.COM,ewilson@bellavistarealty.com,work,False,False,False,False,False,www.bellavistarealty.com,True,,True,False,
L1286,2026-04-01,Paul,Lewis,LEWIS.PAUL@ORBITALMIND.AI,Head of MLOps,Orbital Mind,,201-500,,JP,google,cpc,gpu-cloud-nonbrand,,Paul,Lewis,Orbital Mind,Head of MLOps,Japan,False,,unknown,google,False,cpc,False,gpu-cloud-nonbrand,False,LEWIS.PAUL@ORBITALMIND.AI,lewis.paul@orbitalmind.ai,work,False,False,False,False,False,,False,,True,False,
L1397,2026-05-23,Timothy,Patel,timothy.patel@evalhouse.ai,Platform Engineer,EvalHouse,evalhouse.ai,1-10,AI/ML software,SG,,,,NULL,Timothy,Patel,EvalHouse,Platform Engineer,Singapore,False,NULL,unknown,(direct),True,(none),True,,True,timothy.patel@evalhouse.ai,timothy.patel@evalhouse.ai,work,False,False,False,False,False,www.evalhouse.ai,True,,True,False,
L1153,2026-06-28,Elena,Wilson,wilson.elena@opsfleet.com,Founder & CEO,Opsfleet,opsfleet.com,1000+,Software,BR,youtube,video,tutorial-series,,Elena,Wilson,Opsfleet  ,Founder & CEO,brazil,False,,unknown,youtube,False,video,False,tutorial-series,False,wilson.elena@opsfleet.com,wilson.elena@opsfleet.com,work,False,False,False,False,False,www.opsfleet.com,True,wilson.elena@opsfleet.com,True,False,
L1924,2026-04-01,Kimberly,Schulz,kimberly_schulz@ledgerworks.com,,LedgerWorks,ledgerworks.com,51-200,Software,AU,producthunt,referral,launch,unknown,KIMBERLY,Schulz,LedgerWorks,,australia,False,unknown,unknown,producthunt,False,referral,False,launch,False,kimberly_schulz@ledgerworks.com,kimberly_schulz@ledgerworks.com,work,False,False,False,False,False,www.ledgerworks.com,True,,True,False,
L2170,2026-06-26,Gary,Wilson,gary_wilson@hotmail.com,Undergraduate,Central Polytechnic,centralpoly.edu,1000+,Education,SG,,,,,Gary,Wilson,Central Polytechnic,Undergraduate,singapore,False,,unknown,null,True,null,True,null,True,gary_wilson@hotmail.com,gary_wilson@hotmail.com,freemail,False,False,False,False,False,www.centralpoly.edu,True,,True,False,
L1791,2026-06-15,Edward,Adams,ADAMS.EDWARD@PROMPTLINE.AI,Head of Engineering,Promptline,,11-50,AI/ML software,GB,github,referral,docs-cta,yes,Edward,Adams,Promptline,Head of Engineering,uk,False,yes,true,github,False,referral,False,docs-cta,False,ADAMS.EDWARD@PROMPTLINE.AI,adams.edward@promptline.ai,work,False,False,False,False,False,,False,,True,False,
L2660,2026-05-07,Michael,Miller,michaelm@yahoo.com,Undergraduate,Institute of Technology,,1000+,,AU,reddit,social,r-machinelearning,unknown,Michael,miller,Institute of Technology,Undergraduate,australia,False,unknown,unknown,reddit,False,social,False,r-machinelearning,False,michaelm@yahoo.com,michaelm@yahoo.com,freemail,False,False,False,False,False,,False,,True,False,
L1189,2026-06-07,Christine,Hall,hall.christine@stateuniv.edu,student,,,,,SE,youtube,video,tutorial-series,true,Christine,Hall,,student,sweden,False,true,true,youtube,False,video,False,tutorial-series,False,hall.christine@stateuniv.edu,hall.christine@stateuniv.edu,work,False,False,True,False,False,,False,,True,False,
L1240,2026-05-13,Richard,Okafor,richard_okafor@maplegrovebakery.com,Director of AI,Maple Grove Bakery,maplegrovebakery.com,1-10,Food and beverage,US,youtube,video,tutorial-series,1,Richard,OKAFOR,Maple Grove Bakery,Director of AI,usa,False,1,true,youtube,False,video,False,tutorial-series,False,richard_okafor@maplegrovebakery.com,richard_okafor@maplegrovebakery.com,work,False,False,False,False,False,https://maplegrovebakery.com,True,,True,False,
L1956,2026-05-29,Linda,Kim,kim.linda@quantavision.io,VP of AI Infrastructure,Quanta Vision,quantavision.io,,AI/ML software,GB,github,referral,docs-cta,unknown,Linda,Kim,Quanta Vision,VP of AI Infrastructure,GB,False,unknown,unknown,github,False,referral,False,docs-cta,False,kim.linda@quantavision.io,kim.linda@quantavision.io,work,False,False,False,False,False,www.quantavision.io,True,,True,False,
L1295,2026-05-21,Stephen,Park,park.stephen@stateuniv.edu,Enthusiast,State University,stateuniv.edu,1000+,Education,AU,producthunt,referral,launch,,stephen,Park,State University,Enthusiast  ,australia,False,,unknown,producthunt,False,referral,False,launch,False,park.stephen@stateuniv.edu,park.stephen@stateuniv.edu,work,False,False,True,False,False,https://stateuniv.edu,True,,True,False,
L2038,2026-06-15,Ryan,Wilson,ryan.wilson@signalfold.com,NLP Engineer,Signalfold,signalfold.com,1000+,,US,,,,,Ryan,Wilson,Signalfold,NLP Engineer,US,False,,unknown,null,True,null,True,null,True,ryan.wilson@signalfold.com,ryan.wilson@signalfold.com,work,False,False,False,False,False,https://signalfold.com,True,,True,False,
L2654,2026-05-13,Hans,Hassan,hans.hassan@cornerstoneins.com,Consultant,Cornerstone Insurance,cornerstoneins.com,,Insurance,JP,email_blast,email,july-promo,NULL,Hans,HASSAN  ,Cornerstone Insurance,Consultant,japan,False,NULL,unknown,email%20blast,False,e-mail,False,JULY%20PROMO,False,hans.hassan@cornerstoneins.com,hans.hassan@cornerstoneins.com,work,False,False,False,False,False,www.cornerstoneins.com,True,,True,False,
L2739,2026-04-07,William,Torres,torres.william@agentstack.dev,Research Scientist,AgentStack,agentstack.dev,,AI/ML software,US,,,,pending,William,Torres,AgentStack,Research Scientist,United States,False,pending,unknown,undefined,True,undefined,True,,True,torres.william@agentstack.dev,torres.william@agentstack.dev,work,False,False,False,False,False,https://agentstack.dev,True,,True,False,
L1965,2026-04-11,Thomas,Moore,tmoore@copilothealth.ai,Indie hacker,Copilot Health AI,copilothealth.ai,1-10,AI/ML software,FR,google,cpc,brand-search-q3,1,Thomas, Moore,Copilot Health AI,Indie hacker,FR,False,1,true,google,False,cpc,False,brand-search-q3,False,tmoore@copilothealth.ai,tmoore@copilothealth.ai,work,False,False,False,False,False,www.copilothealth.ai,True,,True,False,
L1103,2026-06-04,Matthew,Carter,mcarter@pipelinelabs.io,Advisor,pipeline labs,pipelinelabs.io,1000+,Software,GB,github,referral,docs-cta,,Matthew,Carter,pipeline labs,Advisor,United Kingdom,False,,unknown,github,False,referral,False,docs-cta,False,mcarter@pipelinelabs.io,mcarter@pipelinelabs.io,work,False,False,False,False,False,www.pipelinelabs.io,True,,True,False,
L1343,2026-06-22,Daniel,Fischer,dfischer@neuralmarketing.co,Managing Partner,Neural Marketing Co,neuralmarketing.co,1-10,Marketing agency,DE,github,referral,docs-cta,opted_out,Daniel,Fischer,Neural Marketing Co,Managing Partner,DE,False,opted_out,false,github,False,referral,False,docs-cta,False,dfischer@neuralmarketing.co,dfischer@neuralmarketing.co,work,False,False,False,False,False,https://neuralmarketing.co,True,,True,False,
L1278,2026-04-27,Alexander,Smith,asmith@greenleaflandscaping.com,Social Media Manager,GreenLeaf Landscaping,greenleaflandscaping.com,51-200,Services,SE,blog,referral,pricing-post,granted,Alexander, SMITH,GreenLeaf Landscaping,Social Media Manager,sweden,False,granted,true,blog,False,referral,False,pricing-post,False,asmith@greenleaflandscaping.com,asmith@greenleaflandscaping.com,work,False,False,False,False,False,www.greenleaflandscaping.com,True,,True,False,
L2669,2026-06-21,Jack,Campbell,campbell.jack@databarn.io,ml engineer,DataBarn,databarn.io,11-50,Software,GB,,,,unknown,jack, Campbell,DataBarn,ml engineer,UK,False,unknown,unknown,(direct),True,(none),True,,True,campbell.jack@databarn.io,campbell.jack@databarn.io,work,False,False,False,False,False,https://databarn.io,True,,True,False,
L2852,2026-04-22,John,Scott,johns@paytrellis.com,Senior ML Engineer,PayTrellis,paytrellis.com,51-200,,FR,twitter,social,launch-week,true,john,Scott, PayTrellis,Senior ML Engineer,FRA,False,true,true,twitter,False,social,False,launch-week,False,johns@paytrellis.com,johns@paytrellis.com,work,False,False,False,False,False,https://paytrellis.com,True,johns@paytrellis.com,True,True,job_title
L1304,2026-04-10,Lisa,Tanaka,lisa_tanaka@axonresearch.ai,Machine Learning Engineer,Axon Research,axonresearch.ai,,,SG,linkedin,paid_social,serverless-launch,true,Lisa,Tanaka, Axon Research,Machine Learning Engineer,Singapore,False,true,true,linkedin,False,paid_social,False,serverless-launch,False,lisa_tanaka@axonresearch.ai,lisa_tanaka@axonresearch.ai,work,False,False,False,False,False,https://axonresearch.ai,True,,True,False,
L1597,2026-06-11,Lars,Schulz,lars.schulz@gmail.com,Director of AI,Peak Fitness Studios,peakfitnessstudios.com,51-200,Fitness,AU,google,organic,,,Lars,Schulz,Peak Fitness Studios,Director of AI,australia,False,,unknown,google,False,organic,False,,True,lars.schulz@gmail.com,lars.schulz@gmail.com,freemail,False,False,False,False,False,https://peakfitnessstudios.com,True,,True,False,
L1401,2026-04-11,Samantha,Johnson,samantha.johnson@icloud.com,Customer Success Manager,Bluebird Travel,bluebirdtravel.com,51-200,Travel,JP,reddit,social,r-machinelearning,yes,Samantha  ,Johnson,Bluebird Travel,Customer Success Manager,japan,False,yes,true,reddit,False,social,False,r-machinelearning,False,samantha.johnson@icloud.com,samantha.johnson@icloud.com,freemail,False,False,False,False,False,www.bluebirdtravel.com,True,,True,False,
L1654,2026-05-31,Elizabeth,Lewis,elewis@northernuni.edu,PhD Student,Northern University,northernuni.edu,1000+,Education,US,blog,referral,pricing-post,,ELIZABETH,Lewis,Northern University,PhD Student,U.S.,False,,unknown,blog,False,referral,False,pricing-post,False,elewis@northernuni.edu,elewis@northernuni.edu,work,False,False,True,False,False,https://northernuni.edu,True,,True,False,
L2626,2026-04-02,Donna,Clark,clark.donna@formcraft.com,ML Engineer,Formcraft,formcraft.com,1000+,Software,JP,producthunt,referral,launch,unknown,Donna,Clark,Formcraft,ML Engineer,JP,False,unknown,unknown,producthunt,False,referral,False,launch,False,clark.donna@formcraft.com,clark.donna@formcraft.com,work,False,False,False,False,False,https://formcraft.com,True,,True,False,
L1277,2026-04-17,Kwame,Park,kwame.park@deepharbor.ai,NLP Engineer,deepharbor,deepharbor.ai,,AI/ML software,GB,email_blast,email,july-promo,pending,Kwame,PARK,deepharbor,NLP Engineer  ,GB,False,pending,unknown,email%20blast,False,e-mail,False,JULY%20PROMO,False,kwame.park@deepharbor.ai,kwame.park@deepharbor.ai,work,False,False,False,False,False,https://deepharbor.ai,True,,True,False,
L2824,2026-05-07,Carol,Patel,carol_patel@nimbuserp.com,ml engineer,Nimbus ERP,,1000+,,US,facebook,social,q3,pending,carol,PATEL,Nimbus ERP,ml engineer,United States,False,pending,unknown,fb_paid,False,social,False,q3,False,carol_patel@nimbuserp.com,carol_patel@nimbuserp.com,work,False,False,False,False,False,,False,carol_patel@nimbuserp.com,True,False,
L1757,2026-06-15,Jeffrey,Scott,jscott@orbitalmind.ai,Advisor,Orbital Mind,,,AI/ML software,IE,youtube,video,tutorial-series,,jeffrey,Scott,Orbital Mind,Advisor,Ireland,False,,unknown,youtube,False,video,False,tutorial-series,False,jscott@orbitalmind.ai,jscott@orbitalmind.ai,work,False,False,False,False,False,,False,,True,False,
L2596,2026-04-30,Emily,Sato,sato.emily@inferralabs.com,founder/ceo,Inferra Labs,,,AI/ML software,SE,facebook,cpc,fb-q3-conversions,Yes,Emily,sato,Inferra Labs,founder/ceo,Sweden,False,Yes,true,Facebook Ads,False,cpc,False,fb-q3-conversions,False,sato.emily@inferralabs.com,sato.emily@inferralabs.com,work,False,False,False,False,False,,False,,True,False,
L1326,2026-06-11,Laura,Thomas,laurat@gridbase.dev,Platform Engineer,Gridbase,gridbase.dev,,Software,SG,blog,referral,pricing-post,,Laura,Thomas,Gridbase,Platform Engineer  ,singapore,False,,unknown,blog,False,referral,False,pricing-post,False,laurat@gridbase.dev,laurat@gridbase.dev,work,False,False,False,False,False,https://gridbase.dev,True,,True,False,
L1368,2026-04-03,Betty,Gonzalez,bgonzalez@finetunelabs.com,Deep Learning Engineer,Finetune Labs,finetunelabs.com,1-10,AI/ML software,AU,reddit,social,r-machinelearning,,Betty,Gonzalez, Finetune Labs,Deep Learning Engineer,Australia,False,,unknown,reddit,False,social,False,r-machinelearning,False,bgonzalez@finetunelabs.com,bgonzalez@finetunelabs.com,work,False,False,False,False,False,https://finetunelabs.com,True,,True,False,
L1934,2026-05-18,Anna,Gonzalez,gonzalez.anna@mistletoeml.com,DevOps Engineer,Mistletoe ML,mistletoeml.com,1000+,AI/ML software,CA,twitter,social,launch-week,opted_in,ANNA,Gonzalez,Mistletoe ML,DevOps Engineer  ,Canada,False,opted_in,true,twitter,False,social,False,launch-week,False,gonzalez.anna@mistletoeml.com,gonzalez.anna@mistletoeml.com,work,False,False,False,False,False,www.mistletoeml.com,True,,True,False,
L1101,2026-05-17,Margaret,Jones,margaretj@fieldstonetech.com,"Director, Machine Learning",Fieldstone Tech,,,Software,SG,youtube,video,tutorial-series,unknown,Margaret,Jones,Fieldstone Tech,"Director, Machine Learning",singapore,False,unknown,unknown,youtube,False,video,False,tutorial-series,False,margaretj@fieldstonetech.com,margaretj@fieldstonetech.com,work,False,False,False,False,False,,False,,True,False,
L1444,2026-05-07,Ronald,Smith,ronald.smith@quantumnails.com,Chief Technology Officer,Quantum Nails Salon,quantumnails.com,51-200,Beauty,GB,google,cpc,gpu-cloud-nonbrand,TRUE,Ronald,Smith,Quantum Nails Salon,Chief Technology Officer,GB,False,TRUE,true,google,False,cpc,False,gpu-cloud-nonbrand,False,ronald.smith@quantumnails.com,ronald.smith@quantumnails.com,work,False,False,False,False,False,www.quantumnails.com,True,,True,False,
L2324,2026-06-01,Carolyn,Hernandez,CHERNANDEZ@MODELRY.AI,DevOps Engineer,Modelry,modelry.ai,1-10,,PL,reddit,social,r-machinelearning,FALSE,Carolyn,hernandez,Modelry,DevOps Engineer,Poland,False,FALSE,false,reddit,False,social,False,r-machinelearning,False,CHERNANDEZ@MODELRY.AI,chernandez@modelry.ai,work,False,False,False,False,False,www.modelry.ai,True,,True,False,
L1237,2026-06-03,Frank,Johansson,frank.johansson@axonresearch.ai,Content Writer,Axon Research,,11-50,,SG,github,referral,docs-cta,,Frank,Johansson, Axon Research,Content Writer,SG,False,,unknown,github,False,referral,False,docs-cta,False,frank.johansson@axonresearch.ai,frank.johansson@axonresearch.ai,work,False,False,False,False,False,,False,,True,False,
L1991,2026-04-04,Mary,Becker,MARY_BECKER@YAHOO.COM,Sr. Data Scientist,,,,,PL,github,referral,docs-cta,1,Mary,Becker,,Sr. Data Scientist,PL,False,1,true,github,False,referral,False,docs-cta,False,MARY_BECKER@YAHOO.COM,mary_becker@yahoo.com,freemail,False,False,False,False,False,,False,,True,False,
L2524,2026-05-22,Edward,Harris,edward.harris@pipelinelabs.io,Business Analyst,,,,,CA,reddit,social,r-machinelearning,NULL,Edward,Harris  ,,Business Analyst,canada,False,NULL,unknown,reddit,False,social,False,r-machinelearning,False,edward.harris@pipelinelabs.io,edward.harris@pipelinelabs.io,work,False,False,False,False,False,,False,,True,False,
L1036,2026-05-19,Rebecca,Hill,hill.rebecca@orbitalmind.ai,Machine Learning Engineer,,,,,IN,producthunt,referral,launch,1,Rebecca,Hill,,Machine Learning Engineer,india,False,1,true,producthunt,False,referral,False,launch,False,hill.rebecca@orbitalmind.ai,hill.rebecca@orbitalmind.ai,work,False,False,False,False,False,,False,,True,False,
L2587,2026-04-19,Zara,Park,zarap@outlook.com,Sr. Data Scientist,Quantum Nails Salon,quantumnails.com,51-200,Beauty,GB,google,cpc,gpu-cloud-nonbrand,,ZARA,Park,Quantum Nails Salon,Sr. Data Scientist,UK,False,,unknown,google,False,cpc,False,gpu-cloud-nonbrand,False,zarap@outlook.com,zarap@outlook.com,freemail,False,False,False,False,False,https://quantumnails.com,True,,True,False,
L1634,2026-06-01,Ronald,Ali,ronalda@modelry.ai,,Modelry,modelry.ai,1-10,,SG,twitter,social,launch-week,,ronald  ,Ali,Modelry,,SG,False,,unknown,twitter,False,social,False,launch-week,False,ronalda@modelry.ai,ronalda@modelry.ai,work,False,False,False,False,False,www.modelry.ai,True,,True,False,
L2166,2026-04-10,Edward,Harris,edward_harris@roboticsone.ai,NLP Engineer,RoboticsOne,roboticsone.ai,501-1000,AI/ML software,SG,producthunt,referral,launch,,Edward,HARRIS,RoboticsOne,NLP Engineer,SG,False,,unknown,producthunt,False,referral,False,launch,False,edward_harris@roboticsone.ai,edward_harris@roboticsone.ai,work,False,False,False,False,False,www.roboticsone.ai,True,,True,False,
L1628,2026-04-28,Pamela,Muller,pamelam@roboticsone.ai,Founder & CEO,RoboticsOne,roboticsone.ai,501-1000,AI/ML software,IE,,,,pending,Pamela,Muller, RoboticsOne,Founder & CEO,ireland,False,pending,unknown,test,True,test,True,test-campaign-DELETE,True,pamelam@roboticsone.ai,pamelam@roboticsone.ai,work,False,False,False,False,False,https://roboticsone.ai,True,,True,False,
L1113,2026-04-06,Sandra,Sanchez,sandra.sanchez@copilothealth.ai,software engineer,Copilot Health AI,copilothealth.ai,1-10,AI/ML software,JP,docs,referral,quickstart,NULL,Sandra,Sanchez,Copilot Health AI,software engineer,JP,False,NULL,unknown,docs,False,referral,False,quickstart,False,sandra.sanchez@copilothealth.ai,sandra.sanchez@copilothealth.ai,work,False,False,False,False,False,www.copilothealth.ai,True,,True,False,
L2548,2026-06-13,Nicole,Wright,wright.nicole@paytrellis.com,SWE,PayTrellis,paytrellis.com,51-200,Software,AU,docs,referral,quickstart,NULL,Nicole,wright,PayTrellis,SWE  ,australia,False,NULL,unknown,docs,False,referral,False,quickstart,False,wright.nicole@paytrellis.com,wright.nicole@paytrellis.com,work,False,False,False,False,False,www.paytrellis.com,True,,True,False,
L1900,2026-06-03,Stephen,Ali,stephen.ali@ledgerworks.com,Business Analyst,LEDGERWORKS,,51-200,Software,IN,facebook,paid,fb_q3,, Stephen,Ali, LEDGERWORKS,Business Analyst,India,False,,unknown,FB,False,paid,False,fb_q3,False,stephen.ali@ledgerworks.com,stephen.ali@ledgerworks.com,work,False,False,False,False,False,,False,,True,False,
L1570,2026-04-22,Kwame,Brown,kwame.brown@peakfitnessstudios.com,Principal,Peak Fitness Studios,peakfitnessstudios.com,,Fitness,ES,github,referral,docs-cta,unknown,Kwame,Brown,Peak Fitness Studios,Principal,España,False,unknown,unknown,github,False,referral,False,docs-cta,False,kwame.brown@peakfitnessstudios.com,kwame.brown@peakfitnessstudios.com,work,False,False,False,False,False,https://peakfitnessstudios.com,True,,True,False,
L1585,2026-06-03,Samuel,Wright,samuel.wright@signalfold.com,,Signalfold,signalfold.com,1000+,AI/ML software,GB,youtube,video,tutorial-series,pending,Samuel,Wright,Signalfold,,United Kingdom,False,pending,unknown,youtube,False,video,False,tutorial-series,False,samuel.wright@signalfold.com,samuel.wright@signalfold.com,work,False,False,False,False,False,www.signalfold.com,True,,True,False,
L2079,2026-04-23,Edward,Hernandez,edward.hernandez@proton.me,Chief Technology Officer,Apex Auto Parts,apexautoparts.com,,,GB,facebook,cpc,fb-q3-conversions,true, EDWARD,Hernandez,Apex Auto Parts,Chief Technology Officer,UK,False,true,true,Facebook Ads,False,cpc,False,fb-q3-conversions,False,edward.hernandez@proton.me,edward.hernandez@proton.me,freemail,False,False,False,False,False,https://apexautoparts.com,True,,True,False,
L1525,2026-06-15,Rebecca,Wilson,rebecca_wilson@promptline.ai,Head of Engineering,Promptline,promptline.ai,11-50,AI/ML software,FR,linkedin,paid_social,serverless-launch,1,Rebecca,Wilson,Promptline,Head of Engineering,France,False,1,true,linkedin,False,paid_social,False,serverless-launch,False,rebecca_wilson@promptline.ai,rebecca_wilson@promptline.ai,work,False,False,False,False,False,https://promptline.ai,True,,True,False,
L2708,2026-05-05,Brian,Smith,brian_smith@shipmate.io,Head of Engineering,Shipmate,shipmate.io,201-500,Software,JP,docs,referral,quickstart,,Brian,Smith,Shipmate,Head of Engineering  ,Japan,False,,unknown,docs,False,referral,False,quickstart,False,brian_smith@shipmate.io,brian_smith@shipmate.io,work,False,False,False,False,False,https://shipmate.io,True,,True,False,
L1692,2026-06-11,Frank,Thomas,frankt@shipmate.io,,Shipmate,,201-500,Software,BR,email_blast,email,july-promo,NULL,Frank,Thomas,Shipmate,,Brazil,False,NULL,unknown,email%20blast,False,e-mail,False,JULY%20PROMO,False,frankt@shipmate.io,frankt@shipmate.io,work,False,False,False,False,False,,False,,True,False,
L1549,2026-05-28,Mei,Ferrari,meif@instech.edu,Indie hacker,INSTITUTE OF TECHNOLOGY,instech.edu,1000+,Education,AU,producthunt,referral,launch,,Mei,Ferrari,INSTITUTE OF TECHNOLOGY,Indie hacker,australia,False,,unknown,producthunt,False,referral,False,launch,False,meif@instech.edu,meif@instech.edu,work,False,False,True,False,False,https://instech.edu,True,,True,False,
L2599,2026-06-20,Emily,Muller,emily_muller@quantumnails.com,Executive Assistant,Quantum Nails Salon,quantumnails.com,51-200,,JP,blog,referral,pricing-post,opted_in,Emily,muller,Quantum Nails Salon,Executive Assistant,JP,False,opted_in,true,blog,False,referral,False,pricing-post,False,emily_muller@quantumnails.com,emily_muller@quantumnails.com,work,False,False,False,False,False,https://quantumnails.com,True,,True,False,
L1168,2026-04-09,Katherine,Taylor,ktaylor@ledgerworks.com,Sr. Data Scientist,LedgerWorks,,51-200,Software,BR,google,cpc,gpu-cloud-nonbrand,,Katherine,Taylor,LedgerWorks,Sr. Data Scientist,BR,False,,unknown,google,False,cpc,False,gpu-cloud-nonbrand,False,ktaylor@ledgerworks.com,ktaylor@ledgerworks.com,work,False,False,False,False,False,,False,,True,False,
L1333,2026-06-27,Michelle,Harris,harris.michelle@hotmail.com,CEO,,,,,JP,github,referral,docs-cta,,michelle,Harris,,CEO,japan,False,,unknown,github,False,referral,False,docs-cta,False,harris.michelle@hotmail.com,harris.michelle@hotmail.com,freemail,False,False,False,False,False,,False,,True,False,
L2862,2026-05-12,Emily,Johnson,JOHNSON.EMILY@STREAMLYNE.IO,Applied Scientist,streamlyne,streamlyne.io,11-50,,BR,blog,referral,pricing-post,yes,Emily,johnson,streamlyne,Applied Scientist,Brazil,False,yes,true,blog,False,referral,False,pricing-post,False,JOHNSON.EMILY@STREAMLYNE.IO,johnson.emily@streamlyne.io,work,False,False,False,False,False,www.streamlyne.io,True,johnson.emily@streamlyne.io,True,True,job_title
L2649,2026-04-17,Nicole,Okafor,okafor.nicole@pipelinelabs.io,MLOps Engineer,Pipeline Labs,pipelinelabs.io,1000+,Software,BR,google,organic,,,Nicole,Okafor,Pipeline Labs,MLOps Engineer,BR,False,,unknown,google,False,organic,False,,True,okafor.nicole@pipelinelabs.io,okafor.nicole@pipelinelabs.io,work,False,False,False,False,False,https://pipelinelabs.io,True,,True,False,
L2498,2026-06-25,Nicole,Jackson,nicole_jackson@tensorhive.ai,Deep Learning Engineer,TensorHive,tensorhive.ai,201-500,AI/ML software,IN,blog,referral,pricing-post,,Nicole,Jackson  ,TensorHive,Deep Learning Engineer,india,False,,unknown,blog,False,referral,False,pricing-post,False,nicole_jackson@tensorhive.ai,nicole_jackson@tensorhive.ai,work,True,False,False,False,False,https://tensorhive.ai,True,,True,False,
L2580,2026-05-30,Larry,Ali,larry.ali@vectorly.ai,AI Engineer,Vectorly AI,vectorly.ai,11-50,AI/ML software,GB,github,referral,docs-cta,1,Larry,ALI,Vectorly AI,AI Engineer,uk,False,1,true,github,False,referral,False,docs-cta,False,larry.ali@vectorly.ai,larry.ali@vectorly.ai,work,False,False,False,False,False,www.vectorly.ai,True,,True,False,
L2047,2026-04-15,Carol,Perez,perez.carol@bellavistarealty.com,Operations Manager,Bella Vista Realty,bellavistarealty.com,,Real estate,IE,newsletter,email,weekly-digest,,CAROL, Perez,Bella Vista Realty,Operations Manager,Ireland,False,,unknown,newsletter,False,email,False,weekly-digest,False,perez.carol@bellavistarealty.com,perez.carol@bellavistarealty.com,work,False,False,False,False,False,https://bellavistarealty.com,True,,True,False,
L1698,2026-06-05,Hans,Tanaka,hans_tanaka@neuralight.io,Head of ML,Neuralight,,201-500,AI/ML software,GB,google,organic,,pending,HANS,Tanaka,Neuralight,Head of ML,United Kingdom,False,pending,unknown,google,False,organic,False,,True,hans_tanaka@neuralight.io,hans_tanaka@neuralight.io,work,False,False,False,False,False,,False,,True,False,
L2779,2026-05-24,Rachel,Nguyen,rnguyen@hotmail.com,AI Engineer,Corticon AI,corticon.ai,501-1000,AI/ML software,BR,,,,NULL,Rachel,NGUYEN,Corticon AI,AI Engineer,Brazil,False,NULL,unknown,test,True,test,True,test-campaign-DELETE,True,rnguyen@hotmail.com,rnguyen@hotmail.com,freemail,False,False,False,False,False,https://corticon.ai,True,,True,False,
L1071,2026-05-22,Richard,Torres,richard_torres@legalmind.ai,Founder & CEO,LegalMind AI,legalmind.ai,201-500,AI/ML software,AU,producthunt,referral,launch,true,RICHARD,Torres, LegalMind AI,Founder & CEO,Australia,False,true,true,producthunt,False,referral,False,launch,False,richard_torres@legalmind.ai,richard_torres@legalmind.ai,work,False,False,False,False,False,https://legalmind.ai,True,,True,False,
L2064,2026-05-02,Fatima,Perez,fatimap@tokenworks.io,Research Engineer,TokenWorks,tokenworks.io,1000+,AI/ML software,PL,github,referral,docs-cta,pending,Fatima,Perez,TokenWorks,Research Engineer,Poland,False,pending,unknown,github,False,referral,False,docs-cta,False,fatimap@tokenworks.io,fatimap@tokenworks.io,work,False,False,False,False,False,https://tokenworks.io,True,,True,False,
L1104,2026-04-19,Brian,Anderson,brian.anderson@ridgewayconstruction.com,Project Manager,RIDGEWAY CONSTRUCTION,ridgewayconstruction.com,11-50,,CA,linkedin,paid_social,serverless-launch,NULL,BRIAN,Anderson,RIDGEWAY CONSTRUCTION,Project Manager,canada,False,NULL,unknown,linkedin,False,paid_social,False,serverless-launch,False,brian.anderson@ridgewayconstruction.com,brian.anderson@ridgewayconstruction.com,work,False,False,False,False,False,https://ridgewayconstruction.com,True,,True,False,
L2485,2026-06-25,Ronald,Gonzalez,ronald_gonzalez@neuralight.io,Co-Founder & CTO,Neuralight,,201-500,AI/ML software,BR,docs,referral,quickstart,pending,Ronald,Gonzalez  ,Neuralight,Co-Founder & CTO,Brazil,False,pending,unknown,docs,False,referral,False,quickstart,False,ronald_gonzalez@neuralight.io,ronald_gonzalez@neuralight.io,work,False,False,False,False,False,,False,,True,False,
L2556,2026-04-16,Alexander,Lopez,lopez.alexander@yahoo.com,MLOps Engineer,formcraft,formcraft.com,1000+,Software,GB,,,,NULL,Alexander,Lopez,formcraft,MLOps Engineer,United Kingdom,False,NULL,unknown,(direct),True,(none),True,,True,lopez.alexander@yahoo.com,lopez.alexander@yahoo.com,freemail,False,False,False,False,False,https://formcraft.com,True,,True,False,
L2528,2026-05-14,William,Nelson,william_nelson@opsfleet.com,Staff Engineer,Opsfleet,opsfleet.com,1000+,,GB,,,,,William,Nelson,Opsfleet,Staff Engineer,GB,False,,unknown,null,True,null,True,null,True,william_nelson@opsfleet.com,william_nelson@opsfleet.com,work,False,False,False,False,False,https://opsfleet.com,True,,True,False,
L2031,2026-05-04,Steven,Becker,STEVEN.BECKER@PROMPTLINE.AI,VP of AI Infrastructure,Promptline,promptline.ai,11-50,AI/ML software,IN,google,cpc,brand-search-q3,pending,Steven,Becker,Promptline,VP of AI Infrastructure  ,IN,False,pending,unknown,google,False,cpc,False,brand-search-q3,False,STEVEN.BECKER@PROMPTLINE.AI,steven.becker@promptline.ai,work,False,False,False,False,False,www.promptline.ai,True,,True,False,
L1341,2026-06-14,Jason,Rodriguez,rodriguez.jason@apexautoparts.com,Project Manager,apex auto parts,apexautoparts.com,201-500,Automotive,SG,reddit,social,r-machinelearning,NULL,Jason, Rodriguez,apex auto parts,Project Manager,singapore,False,NULL,unknown,reddit,False,social,False,r-machinelearning,False,rodriguez.jason@apexautoparts.com,rodriguez.jason@apexautoparts.com,work,False,False,False,False,False,https://apexautoparts.com,True,,True,False,
L1482,2026-05-07,Carol,Flores,carol_flores@loopware.io,Builder,,,,,CA,reddit,social,r-machinelearning,pending,Carol,Flores,,Builder,Canada,False,pending,unknown,reddit,False,social,False,r-machinelearning,False,carol_flores@loopware.io,carol_flores@loopware.io,work,False,False,False,False,False,,False,,True,False,
L1545,2026-04-30,Linda,Kumar,linda.kumar@axonresearch.ai,NLP Engineer,Axon Research,axonresearch.ai,11-50,AI/ML software,IT,google,organic,,true,Linda,Kumar,Axon Research,NLP Engineer,Italy,False,true,true,google,False,organic,False,,True,linda.kumar@axonresearch.ai,linda.kumar@axonresearch.ai,work,False,False,False,False,False,www.axonresearch.ai,True,,True,False,
L1193,2026-06-06,Sandra,Moore,smoore@vectorly.ai,VP Engineering,Vectorly AI,vectorly.ai,,,GB,docs,referral,quickstart,pending,Sandra,Moore,Vectorly AI,VP Engineering,uk,False,pending,unknown,docs,False,referral,False,quickstart,False,smoore@vectorly.ai,smoore@vectorly.ai,work,False,False,False,False,False,www.vectorly.ai,True,,True,False,
L2395,2026-04-07,Zara,Nguyen,znguyen@securexsystems.com,Research Scientist,Securex Systems,securexsystems.com,1-10,Software,BR,blog,referral,pricing-post,unknown,Zara,Nguyen,Securex Systems,Research Scientist,BR,False,unknown,unknown,blog,False,referral,False,pricing-post,False,znguyen@securexsystems.com,znguyen@securexsystems.com,work,False,False,False,False,False,www.securexsystems.com,True,,True,False,
L2057,2026-05-22,Larry,Miller,larrym@opsfleet.com,,Opsfleet,opsfleet.com,1000+,Software,IN,twitter,social,launch-week,unknown,larry,Miller,Opsfleet  ,,India,False,unknown,unknown,twitter,False,social,False,launch-week,False,larrym@opsfleet.com,larrym@opsfleet.com,work,False,False,False,False,False,www.opsfleet.com,True,,True,False,
L2152,2026-04-08,Amanda,Martin,martin.amanda@peakfitnessstudios.com,Product Marketing Manager,,,,,US,twitter,social,launch-week,,Amanda,Martin,,Product Marketing Manager,U.S.,False,,unknown,twitter,False,social,False,launch-week,False,martin.amanda@peakfitnessstudios.com,martin.amanda@peakfitnessstudios.com,work,False,False,False,False,False,,False,,True,False,
L1225,2026-05-17,Steven,Park,park.steven@quantumnails.com,Chief AI Officer,quantum nails salon,,51-200,Beauty,IN,blog,referral,pricing-post,NULL,Steven,Park,quantum nails salon,Chief AI Officer,India,False,NULL,unknown,blog,False,referral,False,pricing-post,False,park.steven@quantumnails.com,park.steven@quantumnails.com,work,False,False,False,False,False,,False,,True,False,
L1786,2026-06-06,Stephanie,Jackson,sjackson@copilothealth.ai,Applied Scientist,Copilot Health AI,copilothealth.ai,,AI/ML software,GB,twitter,social,launch-week,unknown,Stephanie,jackson,Copilot Health AI,Applied Scientist,United Kingdom,False,unknown,unknown,twitter,False,social,False,launch-week,False,sjackson@copilothealth.ai,sjackson@copilothealth.ai,work,False,False,False,False,False,www.copilothealth.ai,True,,True,False,
L1255,2026-06-29,Richard,Thompson,richardt@gmail.com,VP Engineering,,,,,AU,facebook,paid,fb_q3,Yes,RICHARD,Thompson,,VP Engineering,AU,False,Yes,true,FB,False,paid,False,fb_q3,False,richardt@gmail.com,richardt@gmail.com,freemail,False,False,False,False,False,,False,,True,False,
L2073,2026-04-19,Sandra,Becker,becker.sandra@apptide.com,sre,APPTIDE,apptide.com,501-1000,Software,SG,producthunt,referral,launch,unknown,SANDRA,becker,APPTIDE  ,sre,SG,False,unknown,unknown,producthunt,False,referral,False,launch,False,becker.sandra@apptide.com,becker.sandra@apptide.com,work,False,False,False,False,False,https://apptide.com,True,,True,False,
L2269,2026-04-06,Sandra,Jackson,JACKSON.SANDRA@PROTON.ME,VP of AI Infrastructure,EvalHouse,evalhouse.ai,1-10,AI/ML software,IE,google,cpc,brand-search-q3,FALSE,Sandra,Jackson,EvalHouse,VP of AI Infrastructure,Ireland,False,FALSE,false,google,False,cpc,False,brand-search-q3,False,JACKSON.SANDRA@PROTON.ME,jackson.sandra@proton.me,freemail,False,False,False,False,False,https://evalhouse.ai,True,,True,False,
L2195,2026-06-18,Debra,Hansen,dhansen@orbitalmind.ai,Research Scientist,Orbital Mind,orbitalmind.ai,201-500,AI/ML software,BR,reddit,social,r-machinelearning,,Debra,Hansen,Orbital Mind,Research Scientist,Brazil,False,,unknown,reddit,False,social,False,r-machinelearning,False,dhansen@orbitalmind.ai,dhansen@orbitalmind.ai,work,False,False,False,False,False,https://orbitalmind.ai,True,,True,False,
L1839,2026-06-05,Emma,Wagner,EMMA.WAGNER@ICLOUD.COM,Platform Engineer,Gridbase,,11-50,,JP,youtube,video,tutorial-series,pending,Emma,Wagner,Gridbase,Platform Engineer,JP,False,pending,unknown,youtube,False,video,False,tutorial-series,False,EMMA.WAGNER@ICLOUD.COM,emma.wagner@icloud.com,freemail,False,False,False,False,False,,False,,True,False,
L2205,2026-04-19,Sandra,Williams,sandraw@mistletoeml.com,Director of Platform Engineering,,,,,BR,google,organic,,pending,Sandra,Williams,,Director of Platform Engineering,brazil,False,pending,unknown,google,False,organic,False,,True,sandraw@mistletoeml.com,sandraw@mistletoeml.com,work,False,False,False,False,False,,False,,True,False,
L2615,2026-06-01,Jacob,Smith,smith.jacob@loopware.io,Backend Engineer,Loopware,loopware.io,1000+,Software,ES,github,referral,docs-cta,unsubscribed,Jacob,Smith,Loopware,Backend Engineer,Spain,False,unsubscribed,false,github,False,referral,False,docs-cta,False,smith.jacob@loopware.io,smith.jacob@loopware.io,work,False,False,False,False,False,https://loopware.io,True,,True,False,
L2397,2026-04-29,Wei,Chen,wchen@hotmail.com,founder/ceo,Cornerstone Insurance,cornerstoneins.com,11-50,Insurance,SE,blog,referral,pricing-post,pending,WEI,Chen,Cornerstone Insurance,founder/ceo,Sweden,False,pending,unknown,blog,False,referral,False,pricing-post,False,wchen@hotmail.com,wchen@hotmail.com,freemail,False,False,False,False,False,https://cornerstoneins.com,True,,True,False,
L2893,2026-04-06,Sandra,Sanchez,sandra.sanchez+signup@copilothealth.ai,software engineer,Copilot Health AI,copilothealth.ai,1-10,AI/ML software,JP,docs,referral,quickstart,NULL,Sandra,Sanchez,Copilot Health AI,software engineer,JP,False,NULL,unknown,docs,False,referral,False,quickstart,False,sandra.sanchez+signup@copilothealth.ai,sandra.sanchez+signup@copilothealth.ai,work,False,False,False,False,False,www.copilothealth.ai,True,,True,False,
L1420,2026-04-20,Olaf,Hall,hall.olaf@relaymesh.io,Fractional CTO,Relaymesh,,51-200,Software,GB,google,cpc,brand-search,,Olaf,HALL,Relaymesh,Fractional CTO,GB,False,,unknown,google ,False, cpc,False,brand search,False,hall.olaf@relaymesh.io,hall.olaf@relaymesh.io,work,False,False,False,False,False,,False,,True,False,
L1637,2026-05-09,Jacob,Rivera,jrivera@northernuni.edu,Indie hacker,northern university,northernuni.edu,,Education,ES,google,cpc,gpu-cloud-nonbrand,opted_out,Jacob,Rivera,northern university,Indie hacker,Spain,False,opted_out,false,google,False,cpc,False,gpu-cloud-nonbrand,False,jrivera@northernuni.edu,jrivera@northernuni.edu,work,False,False,True,False,False,www.northernuni.edu,True,,True,False,
L2707,2026-04-29,Wei,Lopez,wei_lopez@gridbase.dev,Financial Analyst,Gridbase,gridbase.dev,11-50,Software,IT,blog,referral,pricing-post,Yes,Wei,Lopez,Gridbase  ,Financial Analyst  ,IT,False,Yes,true,blog,False,referral,False,pricing-post,False,wei_lopez@gridbase.dev,wei_lopez@gridbase.dev,work,False,False,False,False,False,https://gridbase.dev,True,,True,False,
L1657,2026-05-13,Helen,Hoffmann,hoffmann.helen@mistletoeml.com,Infrastructure Engineer,Mistletoe ML,,1000+,AI/ML software,IN,blog,referral,pricing-post,pending, Helen,Hoffmann,Mistletoe ML,Infrastructure Engineer,india,False,pending,unknown,blog,False,referral,False,pricing-post,False,hoffmann.helen@mistletoeml.com,hoffmann.helen@mistletoeml.com,work,False,False,False,False,False,,False,,True,False,
L1183,2026-05-13,Rebecca,Weber,rweber@embediq.ai,Sr. Data Scientist,EmbedIQ,embediq.ai,1000+,,AU,youtube,video,tutorial-series,yes,REBECCA,Weber  ,EmbedIQ,Sr. Data Scientist,australia,False,yes,true,youtube,False,video,False,tutorial-series,False,rweber@embediq.ai,rweber@embediq.ai,work,False,False,False,False,False,www.embediq.ai,True,,True,False,
L2591,2026-05-26,Kimberly,Rodriguez,krodriguez@databarn.io,VP of AI Infrastructure,databarn,databarn.io,11-50,,IT,email_blast,email,july-promo,NULL,KIMBERLY,Rodriguez  ,databarn,VP of AI Infrastructure,Italia,False,NULL,unknown,email%20blast,False,e-mail,False,JULY%20PROMO,False,krodriguez@databarn.io,krodriguez@databarn.io,work,False,False,False,False,False,https://databarn.io,True,,True,False,
L2341,2026-06-02,Daniel,Schmidt,schmidt.daniel@hotmail.com,Indie hacker,Central Polytechnic,,1000+,Education,JP,,,,,Daniel,Schmidt,Central Polytechnic,Indie hacker,JP,False,,unknown,undefined,True,undefined,True,,True,schmidt.daniel@hotmail.com,schmidt.daniel@hotmail.com,freemail,False,False,False,False,False,,False,,True,False,
L2301,2026-04-12,Olaf,Ramirez,olafr@bellavistarealty.com,Content Writer,Bella Vista Realty,bellavistarealty.com,201-500,,IN,facebook,cpc,fb-q3-conversions,NULL,Olaf  ,Ramirez,Bella Vista Realty,Content Writer,IN,False,NULL,unknown,Facebook Ads,False,cpc,False,fb-q3-conversions,False,olafr@bellavistarealty.com,olafr@bellavistarealty.com,work,False,False,False,False,False,https://bellavistarealty.com,True,,True,False,
L1660,2026-05-15,Lisa,Becker,lisa_becker@cascade-ai.com,VP of Engineering,CASCADE AI,cascade-ai.com,51-200,AI/ML software,PL,newsletter,email,weekly-digest,1,lisa,Becker,CASCADE AI,VP of Engineering,PL,False,1,true,newsletter,False,email,False,weekly-digest,False,lisa_becker@cascade-ai.com,lisa_becker@cascade-ai.com,work,False,False,False,False,False,www.cascade-ai.com,True,,True,False,
L1251,2026-04-27,Alexander,Andersson,alexander_andersson@promptline.ai,Research Scientist,Promptline,promptline.ai,11-50,AI/ML software,DE,google,cpc,gpu-cloud-nonbrand,true,alexander,Andersson,Promptline,Research Scientist,Germany,False,true,true,google,False,cpc,False,gpu-cloud-nonbrand,False,alexander_andersson@promptline.ai,alexander_andersson@promptline.ai,work,False,False,False,False,False,www.promptline.ai,True,,True,False,
L1511,2026-04-11,Carol,Mitchell,carol.mitchell@diffusia.io,ml engineer,Diffusia,diffusia.io,1-10,AI/ML software,ES,github,referral,docs-cta,FALSE,carol  ,Mitchell,Diffusia,ml engineer,ES,False,FALSE,false,github,False,referral,False,docs-cta,False,carol.mitchell@diffusia.io,carol.mitchell@diffusia.io,work,False,False,False,False,False,https://diffusia.io,True,,True,False,
L1619,2026-05-26,Cynthia,Wilson,cwilson@formcraft.com,Head of Data Science,Formcraft,formcraft.com,1000+,Software,,producthunt,referral,launch,1,Cynthia,WILSON,Formcraft,Head of Data Science,,False,1,true,producthunt,False,referral,False,launch,False,cwilson@formcraft.com,cwilson@formcraft.com,work,False,False,False,False,False,https://formcraft.com,True,,True,False,
L2123,2026-04-08,Yuki,Andersson,yuki_andersson@stacklinesoftware.com,HR Manager,Stackline Software,,11-50,Software,US,email_blast,email,july-promo,,Yuki,Andersson,Stackline Software,HR Manager,US,False,,unknown,email%20blast,False,e-mail,False,JULY%20PROMO,False,yuki_andersson@stacklinesoftware.com,yuki_andersson@stacklinesoftware.com,work,False,False,False,False,False,,False,,True,False,
L2459,2026-05-16,Mark,Weber,mark.weber@promptline.ai,sre,promptline,promptline.ai,,,BR,google,organic,,,Mark, Weber,promptline,sre,BR,False,,unknown,google,False,organic,False,,True,mark.weber@promptline.ai,mark.weber@promptline.ai,work,False,False,False,False,False,https://promptline.ai,True,,True,False,
L2210,2026-05-25,Hans,Martin,hansm@hotmail.com,Indie hacker,,,,,PL,,,,unsubscribed,hans,Martin,,Indie hacker,Poland,False,unsubscribed,false,(direct),True,(none),True,,True,hansm@hotmail.com,hansm@hotmail.com,freemail,False,False,False,False,False,,False,,True,False,
L2728,2026-04-10,Kwame,Nelson,NELSON.KWAME@ICLOUD.COM,Business Analyst,,,,,BR,,,,NULL,Kwame,Nelson,,Business Analyst,BR,False,NULL,unknown,test,True,test,True,test-campaign-DELETE,True,NELSON.KWAME@ICLOUD.COM,nelson.kwame@icloud.com,freemail,False,False,False,False,False,,False,,True,False,
L2713,2026-06-28,Janet,Becker,becker.janet@yahoo.com,NLP Engineer,Voxel Dynamics,voxeldynamics.ai,51-200,AI/ML software,CA,blog,referral,pricing-post,opted_in,Janet,Becker,Voxel Dynamics,NLP Engineer,Canada,False,opted_in,true,blog,False,referral,False,pricing-post,False,becker.janet@yahoo.com,becker.janet@yahoo.com,freemail,False,False,False,False,False,www.voxeldynamics.ai,True,,True,False,
L2169,2026-05-29,Patricia,Carter,patricia_carter@cascade-ai.com,Applied Scientist,Cascade AI,cascade-ai.com,51-200,AI/ML software,AU,google,cpc,brand-search-q3,NULL,Patricia,Carter  ,Cascade AI,Applied Scientist,Australia,False,NULL,unknown,google,False,cpc,False,brand-search-q3,False,patricia_carter@cascade-ai.com,patricia_carter@cascade-ai.com,work,False,False,False,False,False,www.cascade-ai.com,True,,True,False,
L1465,2026-04-27,Karen,Moore,karenm@quantavision.io,Advisor,Quanta Vision,,1-10,,,docs,referral,quickstart,pending,Karen,Moore  ,Quanta Vision,Advisor,,False,pending,unknown,docs,False,referral,False,quickstart,False,karenm@quantavision.io,karenm@quantavision.io,work,False,False,False,False,False,,False,,True,False,
L2773,2026-05-30,Helen,Okafor,okafor.helen@securexsystems.com,Staff Engineer,securex systems,securexsystems.com,1-10,Software,BR,docs,referral,quickstart,unknown,Helen,Okafor,securex systems,Staff Engineer,BR,False,unknown,unknown,docs,False,referral,False,quickstart,False,okafor.helen@securexsystems.com,okafor.helen@securexsystems.com,work,False,False,False,False,False,https://securexsystems.com,True,,True,False,
L2295,2026-06-05,Debra,Walker,debra.walker@finetunelabs.com,founder/ceo,Finetune Labs,finetunelabs.com,1-10,AI/ML software,AU,twitter,social,launch-week,,Debra,Walker,Finetune Labs,founder/ceo,Australia,False,,unknown,twitter,False,social,False,launch-week,False,debra.walker@finetunelabs.com,debra.walker@finetunelabs.com,work,False,False,False,False,False,https://finetunelabs.com,True,,True,False,
L1458,2026-04-14,Betty,Williams,williams.betty@loopware.io,AI Engineer,Loopware,,,Software,SE,google,organic,,,BETTY,Williams,Loopware,AI Engineer,SE,False,,unknown,google,False,organic,False,,True,williams.betty@loopware.io,williams.betty@loopware.io,work,False,False,False,False,False,,False,,True,False,
L2291,2026-04-20,Nicholas,Chen,nicholasc@neuralight.io,ml engineer,,,,,BR,,,,,nicholas,chen,,ml engineer,BR,False,,unknown,undefined,True,undefined,True,,True,nicholasc@neuralight.io,nicholasc@neuralight.io,work,False,False,False,False,False,,False,,True,False,
L1951,2026-04-12,Dennis,Patel,DENNIS_PATEL@OPSFLEET.COM,Sales Development Rep,Opsfleet,opsfleet.com,1000+,Software,FR,twitter,social,launch-week,unsubscribed,Dennis,Patel,Opsfleet,Sales Development Rep,france,False,unsubscribed,false,twitter,False,social,False,launch-week,False,DENNIS_PATEL@OPSFLEET.COM,dennis_patel@opsfleet.com,work,False,False,False,False,False,www.opsfleet.com,True,,True,False,
